label,acc_x_mean,acc_x_std,acc_y_mean,acc_y_std,acc_z_mean,acc_z_std,gyro_x_mean,gyro_x_std,gyro_y_mean,gyro_y_std,gyro_z_mean,gyro_z_std,acc_mag_mean,acc_mag_std,gyro_mag_mean,gyro_mag_std,SMA_acc,SMA_gyro,acc_dom_freq,gyro_dom_freq
duduk,0.0070407390642409865,0.18082374046370261,-0.0443033258599597,0.7252685079569577,-0.17195663367775407,0.5681872614238357,-0.3830994679134288,0.49454562689224674,-0.1426925952469293,0.15894562197659812,-0.0874960731444291,0.14056128105848686,0.3691246195662363,0.8808062018701949,0.5146617600016336,0.4456363179560174,0.552048620854848,0.7189661200680595,0,0
duduk,0.00883534580123316,0.18059361601202445,0.11922976206265455,0.19774904642678223,-0.09361456210330583,0.33010422362252895,-0.6969387119011426,0.5832425330269199,-0.09730240735134794,0.19661054112520573,-0.11765409807570272,0.12959560367511638,0.39906285740632536,0.20764914113087363,0.8278074369785229,0.46648807473137427,0.5856317002548085,1.056922967238206,0,0
duduk,0.0005582242144671235,0.15245602417629758,0.045520148911860396,0.2249032798048092,-0.0067637251684759415,0.3033477709567976,-0.23753286252236652,0.7249512364080971,-0.0648520752824392,0.1880874695289953,-0.36227464107788987,0.4708751588795626,0.35223482433972314,0.2065457242493262,0.8452019208417799,0.5048575572358396,0.5121685995758558,1.1317988573083642,0,0
duduk,-0.008542191161602684,0.3428781740717205,-0.004473721743635915,0.2215764215939208,-0.004242129848739262,0.1687510783907923,0.17081576151865716,0.44470185845183124,-0.11672884459112425,0.3164141421990368,-0.5609521529484113,0.44140016865170145,0.36735757909073685,0.24276705069125065,0.8501171409638814,0.35184428323349204,0.532949687188744,1.2863024294261842,0,0
duduk,0.046360330095093785,0.45942849940510216,0.015475323996958343,0.20024489962024125,0.009576896491158497,0.2311725717486744,-0.005453248979089276,0.46079884612024274,0.019999137592450082,0.4784579223495787,-0.24009276492838594,0.3723356844313877,0.45531663562392966,0.3125884678170696,0.7107701297602728,0.3581272410393978,0.6628885895446254,1.0890843806701804,0,0
duduk,0.022254157182042024,0.4350960032039505,0.022803706829605214,0.23294191657133867,0.016862665861997618,0.28531639102416545,-0.08460832021972427,0.4922174000040386,0.06450975894043703,0.44194673398967593,0.03495165549970822,0.2078822747234218,0.46265194556694567,0.3317826593156083,0.6022460429047234,0.35653101969518536,0.6867422733600864,0.8968308363034352,0,0
duduk,-0.017534483658568106,0.29934301744209707,0.010776456492208365,0.19393474517358777,-0.0012519149249565057,0.23262484613264267,-0.023514842186500292,0.36775036615486145,0.02246081804153911,0.26849940685445683,0.20547203244106427,0.18236846022715708,0.3090830052148495,0.2919990095458612,0.49280652846639106,0.19746507466321717,0.4608703938510652,0.7085555860692355,0,0
duduk,-0.0012281793307298541,0.08266852385150868,-0.0011616854263705944,0.06744875392248957,0.0006492359422838735,0.0867904571364917,-0.011505940309515685,0.11585030150654725,-0.006218955562625772,0.14844192523403288,0.019197390279481003,0.33743344335500414,0.11790839882792971,0.06983191649080994,0.37086543226044866,0.10455718544095381,0.18026240012177067,0.5109352774571136,0,0
duduk,-0.004203098286745268,0.1289008012402608,0.0029922752662123616,0.08587059878520692,0.011850309221786584,0.16744739329552974,0.038272840404702996,0.14666493465163835,-0.03222707137238691,0.12950058708933568,-0.30764217425847806,0.10640596487905372,0.17017131146761147,0.15147857830324693,0.3708328416985326,0.09394446818806595,0.2579354852001278,0.5280975845059989,0,0
duduk,0.000414595484215724,0.23871765364455866,-0.027994464785158647,0.18707786487247388,-0.0043150137435287676,0.4058818756793238,0.22591564465995082,0.4154963977131969,0.009418038657777014,0.17729893100768174,-0.10511145154598639,0.2528466303867535,0.36166957451489096,0.35413103125778184,0.513673029421968,0.2535377248291325,0.542210539585683,0.7252668643408064,0,0
duduk,0.008534737903568646,0.22224284318610732,-0.003550768894398426,0.19520652698809213,-0.010486304021636132,0.38798531932146035,0.02891904619408484,0.570952555587836,0.04683631549367076,0.16222065504544914,0.11623745169927668,0.1694913863851409,0.33739465998101226,0.35105905063004605,0.5650474823700846,0.2742884906165117,0.5093420470784059,0.763496403014802,0,0
duduk,0.006495406160076652,0.09774728729949791,0.04337799352447838,0.11460424356092849,-0.0005804152596415755,0.14676646636224713,-0.2564956874482778,0.2752316793308597,0.00943419091186666,0.1349077869726165,0.06713834412677741,0.14425537376252515,0.1882373917358292,0.10188938207660586,0.3708864197941392,0.21659542335249032,0.2819353113272317,0.5028895952857645,0,0
duduk,-0.0027814207785303025,0.10377022375528631,-0.003399263490150474,0.12976014532045654,-0.01121459740385837,0.11316455626256591,0.00012652850265516754,0.20183032186877137,-0.004934420537005721,0.12212551505855895,-0.0227886050428395,0.07498695295237053,0.17258025665665783,0.10234208447690886,0.22483544768814528,0.10373401413438509,0.2554488153155525,0.31955701266100756,0,0
duduk,-0.0018929326179919763,0.12297871076492913,-0.015155170386113758,0.12176478054236574,-0.0037873928932985745,0.0907621858488265,0.07245662786146001,0.13792834555222316,-0.000758584098283712,0.11186199279584504,-0.023703631735829223,0.06583677335505587,0.1592414276045754,0.11324458169340425,0.17643636865815351,0.10148247030427779,0.23975359968193255,0.25532049437791504,0,0
duduk,-0.0010644190864284137,0.20413918093682026,0.0069132399390772524,0.1233848041846151,0.005243243238668561,0.14481541762367214,-0.03806705477595877,0.2780387156713164,-0.007144396133714013,0.13297195127288458,0.11896223999455902,0.14177525474933725,0.22317964221429357,0.1662318687649883,0.2792665384034259,0.22829799621243763,0.33327813876218365,0.4097739295595039,0,0
duduk,-0.01398528773672727,0.22565651250350377,-0.030701627464004125,0.1735180664191223,0.011799853737210996,0.16824250752803818,-0.0676608125262842,0.28616643948624143,0.030330516951492106,0.1965961858095591,0.22745495151784664,0.22501565878224858,0.2725210410172101,0.18869908190867787,0.4353408564884913,0.19377594093350908,0.41188167509154944,0.6264399419693993,0,0
duduk,-0.014865348154951446,0.13196373396634917,-0.029394290289919463,0.1603639660813591,0.01520881687210361,0.13401864950936063,0.04486395263935225,0.19580399911242838,-0.0014417440659724643,0.17405990524923295,-0.07267623689396835,0.3991920713463445,0.1955175763456986,0.15429964018892237,0.4558976227738454,0.15943241712837966,0.30211081921182487,0.6288075285952539,0,0
duduk,0.008284897337283426,0.2838876408273502,-0.000633513882834526,0.15775551894201595,-0.0007477286980450381,0.18362109215585218,0.12589778988897957,0.22249317766649232,0.03239508668798863,0.19768519214011263,-0.3178875591355704,0.19052509660219766,0.28297622676501333,0.24162287980520117,0.46029516975711937,0.1732464502804302,0.4215505878388031,0.6729730702247729,0,0
duduk,-0.0066130496948039715,0.36335050789137774,-0.016739668977993095,0.1556791724261906,0.015645585852791508,0.2172960989722289,0.06627822880547668,0.24322325919920018,-0.08477456927752439,0.4333771049899806,-0.059089727758364935,0.27932129654773136,0.3729683414890067,0.2520737598056725,0.5129291391885481,0.2728794168911332,0.5442448949385585,0.7860335778192392,0,0
duduk,-0.005005567523669107,0.25427195916242257,-0.001852945069422101,0.11867738969053977,0.027651841299605226,0.15277242380692482,-0.03783863974643554,0.2358067917111817,-0.07223840410974783,0.527386876993574,0.032516152797163314,0.24265182001866184,0.25262566134998754,0.19599673911723844,0.49804610714797015,0.3871065616427253,0.3701084623038483,0.7580827794296424,0,0
duduk,0.005920989424925343,0.11572650608439876,0.004779497678634223,0.09657724038687181,0.004120473435045197,0.06449988291233155,0.007892621221924788,0.1935559470231272,0.0522943386741218,0.35452449372864714,-0.17531625788617522,0.17096865686908233,0.12135186343421392,0.10991193673506285,0.3646615476495271,0.3032029725811736,0.18328518885418088,0.5403297186199442,0,0
duduk,-0.002343516878228728,0.055845693622685134,-0.0013120016717810626,0.05126815806160151,-0.00103838294181917,0.03760170451448882,0.017025441984419083,0.1326037911179029,-0.0231873627193809,0.0848106565874594,-0.12915842783232984,0.1958196749244162,0.07129068589371261,0.045119067350688886,0.26120131274361097,0.10905485397219344,0.10664323281965794,0.376535632496932,0,0
duduk,0.004714580249919332,0.1531954989202521,0.00692950539851208,0.13681173839637226,-0.003296485454124418,0.08004372840793388,-0.06743278908562302,0.31555962995215664,0.05084538670819931,0.1524559259296465,0.14709009810863788,0.24050504362703504,0.16054689456907542,0.15046454923720173,0.3817924024558888,0.2499681283611756,0.24064186240677837,0.5591628696208037,0,0
duduk,0.0002726636436342096,0.1539776156339461,0.03145077348616068,0.14647001585747024,-0.002130970487687831,0.09520620702443468,-0.10779578728606772,0.3158055472068054,0.05150155002088861,0.155999366964428,0.1694070862908853,0.20449429852114798,0.18198245884511913,0.147575273683221,0.394563656551032,0.22812060174411702,0.2728923342485053,0.5667302373217111,0,0
duduk,-0.003424823606022131,0.05642287121230321,0.011031719271345653,0.12236552125050272,-4.8077948216095154e-05,0.09321069963464235,-0.05652895072177788,0.2615265277520528,0.007347604911583352,0.06914087623502446,0.020501362762036988,0.09079344364803824,0.13443928326548346,0.0933990808974417,0.24625791569002634,0.1545037312741799,0.19881317544728994,0.3131228327449598,0,0
duduk,-0.002487514167539249,0.05027329930473312,-0.009438617378633161,0.10637875777721284,-0.0012801874640083627,0.0801138436258814,0.0024479807036401928,0.24024468128314486,-0.008654006025529546,0.05385883743961413,-0.01090844944105739,0.03687314494457389,0.11091682555455415,0.08906826264571469,0.17458491437684018,0.17717798317178196,0.16377317738026104,0.2073061738937875,0,0
duduk,-0.0034728945255161343,0.04856374108096112,-0.007434288379350133,0.06262562115966444,-0.0023129419131280955,0.06111542779282284,0.0284447403334643,0.15072908673388163,-0.009073245920149266,0.0767735494592857,0.00020370843465155374,0.004191059400263754,0.08454322718598967,0.05356453632504041,0.13957915176667046,0.09925896846160735,0.12872020104943976,0.1682282354220141,0,0
duduk,-0.0006401575491793629,0.07028582177522968,-0.013475728002135921,0.05870229807672133,-0.0016859414263435484,0.06232682587548647,0.06181159932115947,0.14215733210479065,0.009825668118745657,0.07332146189166068,0.020572433398821047,0.04027233597514856,0.09250509404917802,0.06175577418292999,0.15267290858973948,0.08970188789154786,0.13911437718366917,0.1892337851053235,0,0
duduk,0.001668298045785232,0.074153008210663,0.009292920142964272,0.06010202128901695,0.0012956372041229886,0.03922126961548413,-0.03487646433958213,0.10906175623751883,0.034780288336412585,0.06916164883630223,0.14955996998191773,0.12119611807020086,0.06804628218654582,0.07787104740475005,0.2091670596402489,0.11053587739197838,0.09899723379020209,0.2968831794188533,0,0
duduk,0.0005633409647133316,0.049697004200275695,0.008396809104046964,0.046142751447996115,-0.0006999862209411127,0.016343197049553976,-0.07719888405636112,0.05323034147558054,0.029662767720241602,0.05761560326879748,0.17960003590779547,0.11505782733545705,0.03697628391666336,0.059640789494362204,0.20817148794412227,0.12291809423773532,0.05452627886366551,0.2955649022523936,0,0
duduk,-0.0010327933759498662,0.019902346582955588,0.012354865154598152,0.027413158704710304,-1.7285957314396654e-05,0.012938331610810648,-0.05505513525839317,0.06179337929696806,-0.002405134068491398,0.02975338545449365,0.017255551515039425,0.12017759741071575,0.03229871101161347,0.020408409945581487,0.12186871065925546,0.0866754144361257,0.04701263811497898,0.1590775706134484,0,0
duduk,-0.006381908132683888,0.06309069156195193,0.0162941872438548,0.04866127622256775,0.002397787252416514,0.061681916128493455,-0.06207926559965469,0.126404656180931,-0.012146167274470744,0.07392667731490934,-0.05243872091690293,0.058010145822591064,0.08214731031304241,0.0604301239735389,0.15932462127989086,0.07737637364364443,0.12264643377121695,0.20884795281435975,0,0
duduk,-0.004387743893827396,0.06598231406870395,0.0003916603743622075,0.05167281647067898,0.00134384826874275,0.06437805694971746,-0.012455758520501932,0.12658548901196467,-0.0041395576286832264,0.07211898837742581,-0.019939101502702165,0.03968694514952315,0.08991137023824713,0.05499085574476917,0.12267148286069059,0.09041790833487072,0.13531911889168013,0.1575313340529779,0,0
duduk,-0.003952607975113878,0.039096254978021217,-0.0011587259448792978,0.04603486471839304,0.00019917064808666688,0.03916544462898656,0.004168344057474143,0.08014875678307166,0.0029428845609323173,0.044726401059482584,-0.0006287439424576421,0.0024351397707072808,0.06316578731882636,0.03418503029244168,0.07624885643852611,0.050835890676637054,0.09487861781043067,0.09342407012383401,0,0
duduk,-0.0009403721081975117,0.045683958161734914,-0.014329599821505381,0.04839984846830236,-0.002792301646708385,0.04230571715605702,0.06073286523433302,0.14181276731698586,-0.007952824784745427,0.05824137530531332,0.0010311398408024476,0.0037331496401752247,0.06919864562602746,0.03998378157605508,0.13940202724552997,0.08762611700090817,0.10345880348900877,0.171465661287254,0,0
duduk,0.0006524681075469196,0.040229920075624585,-0.013115900996652037,0.036088110872741774,-0.0007800770111221256,0.029000578559961174,0.08868542348154379,0.1129591746015226,-0.011228216204008528,0.044981100586707144,-0.0978584026647407,0.1448971291697141,0.05197760477174846,0.034751689889334005,0.20178347992585774,0.11133415636976235,0.07555639314755429,0.23317728461053344,0,0
duduk,-0.0014770057646583206,0.0277580288680646,0.010041091910962056,0.02166516959182974,0.0033275854652135284,0.021216642695605557,0.016896828524569807,0.07097612116009938,-0.0008919759643714406,0.034871468880366824,-0.1853235538204167,0.12305545745307762,0.03792866082622687,0.01876564442108064,0.21678500887284957,0.09437561929677299,0.055681779387693676,0.2604988450095539,0,0
duduk,0.002205161927009172,0.025985045909663666,0.0044597284752218355,0.04482256083732722,0.0020636090317042804,0.029229234699025285,-0.013903735307902391,0.11456047490637788,0.009192279262123704,0.033879345575650276,-0.08489018448966183,0.10909725872711395,0.050604651157362256,0.031324726177397386,0.16287803217580488,0.08328656261232874,0.0749333122911443,0.20193510302427428,0,0
duduk,-0.0031269878097060534,0.049581031064698064,0.0036026108081042368,0.066722469637189,0.0007426024473618162,0.060651343063280176,-0.026319213571887694,0.1081554384205892,-0.005255072357257484,0.06211976425886939,0.0023523884858771657,0.0032765804035869467,0.08563288148489338,0.05661479279489301,0.10807049106764408,0.06710573167703603,0.12570678758501835,0.13069779241183913,0,0
duduk,-0.005466101418430775,0.052107479930853226,-0.008844607291186957,0.07292491215163287,-0.0017323148512868292,0.06420645117617498,0.03235554218561336,0.1422358014741182,-0.025702921983494557,0.08636773136755777,0.01026959260430488,0.026868283112510303,0.09275906706247258,0.05980612936481275,0.14150177139302872,0.10009300868977508,0.13653786644113863,0.18998241062711266,0,0
duduk,0.0011806043270484647,0.028616842395301205,-0.010642724454767733,0.05156732074790147,-0.0008176953689693707,0.03319120320208003,0.05305372426455806,0.13467365480363086,-0.013477001457239674,0.07201726279096186,0.009144499827888784,0.027232094830663415,0.051940335918240745,0.044398358174805856,0.12362062916226471,0.10834990508175546,0.07715540421627226,0.16634868766505967,0,0
duduk,0.004929252956211608,0.020285039204540795,0.013318238601874137,0.05547471043843686,-0.0002862246745332211,0.024797106409234316,-0.05499333634756531,0.11722644515888565,0.01836471734965423,0.0338552576836274,-0.001132205480540132,0.003594559906314531,0.0476343431121049,0.0448961637810703,0.10603353381673761,0.08331411215967192,0.06758481666705048,0.12837514466683358,0,0
duduk,0.0010821712622989862,0.02833702731540954,0.006520610779717641,0.06147374424344745,-0.003303512819386731,0.029261315004900958,-0.03045954690211437,0.13663295461897645,0.014686023623664978,0.04306566987869108,-0.0009419477141339248,0.002934203207980668,0.05886828487793377,0.044641990778001184,0.11773595106704021,0.08766962709649011,0.08401849736474905,0.14036982433865716,0,0
duduk,-0.0027406026740324995,0.032968807134050905,0.0032418268168542853,0.04470003512736576,-0.002841288778017562,0.02814016130234469,0.0042995115585616256,0.09990278398370439,-0.0026160439684729635,0.0682820732684917,-0.003343059592010888,0.017778225461017393,0.05560500925352798,0.027930491532796555,0.09841652080115593,0.07219625549076471,0.0840137803071701,0.12443438974134732,0,0
duduk,0.003024985362813358,0.04963812069708571,0.004140035473210504,0.0515051339867185,-0.000578105287343464,0.03328838496486834,0.01920751810039697,0.12451333119310866,-0.020455740594758888,0.0714108765022092,0.013359379834225209,0.04771423651481303,0.07179976511770447,0.0323179971057653,0.1342677297623687,0.0751359026593014,0.109178407891167,0.17747885525716217,0,0
duduk,0.006313417131046633,0.0630597971859496,-0.0020155347507630063,0.04881308570214101,-0.00551176377747621,0.03437783034377616,0.04795359161318995,0.11680505376772664,0.0015454096390069216,0.14063973323342877,0.014162111158098139,0.055271940681176156,0.07862612635369577,0.037035515046830676,0.17926873838349386,0.08089388997511851,0.11836954172085827,0.24185184160462128,0,0
duduk,-0.003020433933177628,0.0564312639030813,-6.483465509953732e-05,0.03873502266350122,-0.0063595393858936035,0.03237202441854712,0.04210807066781241,0.09053896960208258,-0.0025447545490123245,0.14374054176746182,-0.1617691032988346,0.19476924616765046,0.06649067755972753,0.036293832851310596,0.27067397937076504,0.14498406601945976,0.09936176260041554,0.3668344983255725,0,0
duduk,-0.006021201106856067,0.06683225633067723,0.003077255312080599,0.038273087890884044,0.001955903610893487,0.06264623214201145,-0.018801270700086095,0.12633600146496454,-0.026730586044953996,0.11578100989840528,-0.04623814964087697,0.3193464366085869,0.07925663784882717,0.05967340508723284,0.33362914358824974,0.14884153797990632,0.11945748707445362,0.4725425832451816,0,0
duduk,0.002272418633953952,0.08553478474932327,-0.007732396988982709,0.06839594642194104,0.002486750321532988,0.08594131164024373,-0.02171761983335423,0.16982805800943343,-0.002465068969990029,0.1271699611347298,0.18067170649417388,0.16062811962800616,0.11633421766264013,0.07603694193728801,0.2969295001990409,0.12333693083056248,0.17498108961729103,0.4219959861059103,0,0
duduk,-0.0004960341312266877,0.0682230623496014,-0.01130135068114636,0.06472934775571781,-0.0007698179713300724,0.06560527471233754,0.06496933967563455,0.1307164186678423,-0.014696631046641883,0.10697435143890845,-0.025147621192252678,0.20726342598874214,0.09322661972396175,0.06707601651252569,0.25477496722683646,0.1050861238840201,0.1403819427624317,0.3529916805651213,0,0
duduk,-0.0035250109370322837,0.0646681574405897,-0.0012346139542607605,0.04275222547286703,0.0018642622843089724,0.035779462681728734,-0.03337622054329717,0.11351557145556872,0.021822125977854174,0.11619823949194137,0.06083654779666925,0.27046367479103667,0.07549286050167234,0.03937963180523349,0.30237217477896183,0.11194046848833589,0.11361066472601823,0.44728582201782485,0,0
duduk,0.0006267452800786647,0.06802692892109631,-0.0003652641702348012,0.03996944430214198,0.0012088862593822138,0.03665786968049273,-0.04915172720328868,0.09765352691952696,0.027029689093049952,0.1008400960912668,0.1500295424012719,0.19355157850766902,0.07425554923978078,0.044737503722855496,0.25274192697485476,0.1362275156709177,0.11077298193016301,0.37256296257806504,0,0
duduk,-0.0005552945630245825,0.03787442917495306,0.0006815965723769711,0.021945068608585035,-0.0022444205091405748,0.02221409547921222,0.014679578245114552,0.032851377279180485,-0.013516335047274699,0.0595448013109907,-0.006734040629040533,0.09503794145255333,0.040872537219188224,0.02698063775547963,0.07916573266514748,0.08817310801075516,0.060884089980890004,0.10917141869719275,0,0
duduk,-0.00020233921453852687,0.0359822042263252,-0.003229938516408208,0.03708283859230846,-0.001325074807376344,0.03568141083094854,0.009849477548688727,0.031175245010019403,-0.001537473184906722,0.019673792440818735,-0.002188149538997289,0.006668971412647749,0.05023893862402042,0.03749568515122679,0.027521730785970918,0.027268090334146015,0.07773704651112671,0.033079325706336156,0,0
duduk,0.001687310078770541,0.03319567043617101,-0.004158051092579826,0.03638047716459174,0.0010361968627283099,0.03543804619568919,0.0028204884684661117,0.032371701914038646,0.0011517118782741525,0.018737011102755982,0.0004849324694246518,0.0019451654668788962,0.045924055113133,0.039654117889860924,0.02467934305266394,0.028234323560040974,0.0712295414535335,0.029549798425708863,0,0
duduk,0.0006118024128792122,0.024179671739749144,-0.005705933976407673,0.017691355328489436,0.000856915723542391,0.015439500317159077,-0.004746179347711956,0.032407828111320244,-0.0019332921943258773,0.0325484298081757,-0.0017737049967658813,0.015199392606058439,0.02902913560439874,0.01785559745047341,0.030704224908904607,0.037657986252631254,0.04313851912444183,0.040278214273472335,0,0
duduk,0.0008730904195951783,0.023467243002204867,-0.0034645109560965644,0.01673211381978403,0.00037151306124259494,0.013866566116874512,-0.002194539950819304,0.03085870294840127,-0.0010145569182356913,0.030788639851653445,-0.0014898582357853298,0.015275947148628902,0.026421863837505485,0.01818855982438352,0.02600348060996279,0.03819279790108119,0.03941047135438941,0.034589050388080966,0,0
duduk,0.002027905185206447,0.00770061247802844,0.001343656134901405,0.011948273493829336,0.0002857049599038339,0.011824363304240486,-0.0002010581532400243,0.0008281609064669519,0.0001388792526339815,0.0005655603435677334,0.0007321042902774788,0.00224205966339538,0.01695091524245544,0.007596077416170114,0.002149413273110677,0.0014027124586450733,0.025408459000286383,0.0030175617576997226,0,0
duduk,-0.0013415349488816988,0.011777952420011494,-0.0009280139291963617,0.01463749589900239,-0.0004945871492184101,0.01357448862305819,-0.002823289808463981,0.013205880041233029,1.8441823890298716e-05,0.0007386636941278795,-0.0001818011947710273,0.0019671506330025813,0.020585432290240645,0.0105895068424703,0.005200539560182916,0.012632378351885193,0.030388749619810376,0.006314710021948917,0,0
duduk,-0.0005788135474931042,0.022355899913330358,0.0003544337885999132,0.019955039186836575,-0.0005829984930943894,0.01451226935572991,-0.02177953494121906,0.04090464960030264,0.023727440196521878,0.057312641782607,0.039056690878551154,0.06494838856305403,0.02827854739996666,0.017368092951463694,0.059623278687414495,0.09041034132883065,0.0410183631757387,0.09002246646230078,0,0
duduk,-0.0024634598215383173,0.06248901637228041,-7.979393850547106e-05,0.04440952207593844,-0.0017922077321200335,0.04189623873339501,0.01974673094856881,0.09891225124723374,-0.006906615891179251,0.1173333476312044,-0.07839635047904653,0.2031766734337479,0.0691232411697146,0.05306103215409748,0.21478196827645543,0.15774779145962678,0.10126515941494241,0.3123377071997481,0,0
duduk,-0.0036825465764356476,0.063734750178132,-0.0005177747188618154,0.04666270525514272,-0.00324190600159377,0.0454943226304144,0.04806690416661318,0.09445797541196625,-0.0446567485386056,0.12017427640248249,-0.14917876736419328,0.22001499688046647,0.07628223140546624,0.049558939520520956,0.28936244637559566,0.11841285744126731,0.11472800100776254,0.403868249457984,0,0
duduk,0.004644149103421865,0.04033849574405347,0.00427636277188049,0.03266409881972316,-0.0022082460330302704,0.032632070109417814,-0.03346605280861911,0.08801763265287918,0.025489543182104474,0.11799898726616355,0.11226263467280266,0.25482876820379713,0.05475854949282796,0.027845763904607485,0.2950978921979008,0.11473424174538577,0.08386971367888052,0.41356813703468936,0,0
duduk,0.004038247606605041,0.046825467877226044,0.0018263466425659423,0.03988671732585684,-0.0002445783156176834,0.04420225841998645,0.010233998796896002,0.1232557834487654,0.00034632633096821295,0.12860048238296815,-0.026930571678613027,0.33598303332149154,0.06592834240244984,0.03697114134852184,0.357259182742966,0.12856830477838882,0.0990420347380722,0.5137401116951089,0,0
duduk,-0.0006822667908961483,0.047166697351905935,1.1898115495689449e-05,0.041712231819364065,0.0011174660643291936,0.042924326205664595,-0.009123013383145903,0.13897983846775397,0.006914381443458746,0.13094593484896014,0.02007272134157195,0.38679953011188145,0.06561472179122158,0.03821069966007206,0.40781409754305725,0.13646682647697034,0.09972436843487563,0.5770161662525414,0,0
duduk,-0.0017437424941765228,0.042707846929343596,0.0011448132292177378,0.03375807763812497,0.002970334875125606,0.028479473259021986,-0.030363631851208828,0.11131560219563828,0.02152675181651655,0.10185318531038559,0.06018456455154926,0.37457823295771564,0.0541362913923283,0.02876828337606694,0.38244580187598504,0.14279351484820121,0.08186657789629403,0.5157608078489369,0,0
duduk,0.0030897915450478603,0.037466707886584225,0.006205412370016442,0.040705995123744995,0.0027766904038136458,0.02660568862911433,0.027957129205218898,0.1252940967754492,-0.021586578121845834,0.08160631154805148,-0.10823585806696301,0.3224443890594998,0.05326139432342439,0.030975663240165766,0.343117941547768,0.14318864983465718,0.07940541869062737,0.4720562828507734,0,0
duduk,0.0037893334578326192,0.03731821056384767,0.00473797923919285,0.0426565761701182,-1.0688191665705754e-05,0.03375708117418414,-0.01064481784495467,0.1383248354027912,0.008590480391028242,0.09821634338371923,0.043942002402572664,0.35502548665498485,0.05726668672939685,0.032807817060138654,0.36219911456310105,0.15636296415235676,0.08585538721949311,0.5080028159547323,0,0
duduk,-0.0018341662707907639,0.04981316588000173,-9.759077501262922e-05,0.050261294130590856,-0.00038895362325555897,0.06413390022612543,0.008418592046660053,0.13691611587166058,-0.0035686067353266422,0.1315694429292992,-0.021066614409985796,0.3835814863186607,0.07855804907168201,0.053763954526991654,0.395680561864478,0.1599358697819669,0.119000561652396,0.560053146059342,0,0
duduk,-0.002973763002353429,0.05141838988152489,-0.0014481338375437747,0.04826463318115963,-0.0021626368306288317,0.060672736203203396,-0.0008930613378638366,0.1546256272761741,0.0009376413834902964,0.137344587265727,0.004621300284520398,0.4072110530719991,0.07538667678340208,0.05412693467371173,0.4215899584526405,0.1705382668743737,0.11443481979233783,0.6079308818743834,0,0
duduk,-0.0026816524919025305,0.05107440042396772,0.0007347686058520825,0.04131517677123227,-0.001420963589006946,0.048820684386718695,-0.011674503722659612,0.156221042941399,0.0031260132919033136,0.13781643887321343,0.019276730946712364,0.4022852406444362,0.06824761588387762,0.04476674302922346,0.4185823620037692,0.16962807352384296,0.10328902733267288,0.6116735327644962,0,0
duduk,-0.002972589535894109,0.05133318005244562,-0.0002663410107922235,0.04496095458817198,0.001007146285264903,0.04967099704833777,-0.0012982515827911927,0.15051005400814507,-0.006959857357930917,0.14411599067494646,-0.007918684923657288,0.37389717642677556,0.07293033655229283,0.04196728442091224,0.400030049578318,0.1472933094063578,0.11174031630458839,0.5778615704588522,0,0
duduk,-0.0001901091301937928,0.04075738179510725,-0.004875055277076201,0.0344885519396529,0.00020230038370217183,0.026269259574793456,0.010956613178394336,0.11110709767818519,-0.018509686077122268,0.11850660157802796,-0.045070244601681964,0.3125915184262493,0.05440108600944381,0.023987717234171257,0.32392127601049525,0.14365372338388543,0.08310397610988085,0.4514194668400278,0,0
duduk,0.005713962698686287,0.03854980122128143,0.0007183217774001397,0.026810952247426575,0.0022137657622634008,0.02143946268181953,-0.02293690804444136,0.0789332425288641,0.01406395525244011,0.09831576966490432,0.06788605299629438,0.2540888888091483,0.044450808710306176,0.026592908705788273,0.2772699341557338,0.09049153675641032,0.0663233100586841,0.3956742362940027,0,0
duduk,-0.0047964445105118875,0.043227627242242044,-8.079221776192466e-05,0.03987045475586639,0.00360547364542559,0.02944760265851529,-0.0021574556192390805,0.0970302138342043,0.011259936429476172,0.07639470402675169,0.022652313665707063,0.2838587757219083,0.05038019191814103,0.042403019586754555,0.2852014120088904,0.1196513126915914,0.07608450125515369,0.4011756717503306,0,0
duduk,-0.002194288611140769,0.05749504455515739,0.0011336961888916645,0.08065291501112089,0.0003824677209913922,0.11309562612497533,0.014025212248014524,0.13184575044308258,-0.01588651684840293,0.11158006556357465,-0.060468571888659166,0.3176290976850026,0.1177499802344953,0.09274909222629722,0.32642741303100986,0.16503785998211196,0.1725081592215358,0.46637225787189635,0,0
duduk,0.005948203121262193,0.054023665886997835,0.0011682295240621995,0.07447857571687497,-0.003152677250737065,0.1136805464953802,-0.008113164534155932,0.13064242205700935,-0.00145158693329778,0.1109678136373155,0.021013201324813296,0.33356943016571966,0.11459566316292351,0.0903948230459895,0.3461087364039801,0.14199726834453494,0.16729485504478575,0.4885617535914044,0,0
duduk,0.0007078768024850897,0.04719956887355375,-0.002348920310820078,0.04172070674113703,-0.0020828692761046693,0.04789606194796314,0.038775692343296454,0.10560468471585474,-0.022909896190929563,0.10803737730495636,-0.11676708513627512,0.31052069417579464,0.07129469296130612,0.03374366449912797,0.34202722491478016,0.1300170844655036,0.10731900847534138,0.4775543918451418,0,0
duduk,-0.001952956825733378,0.05759937431314015,0.005631505859436369,0.04634980858452118,0.000635557160789665,0.04722921785112908,-0.026263779249708165,0.14747207912695728,-0.0003469182759773686,0.10892303731651827,0.030385654879898843,0.31306808117632295,0.08192792751225446,0.03086909971457827,0.33585592028196737,0.1389775879838532,0.12317624661098474,0.4751038373605644,0,0
duduk,0.0004905430879906871,0.05601088722153752,-0.0009594468616332516,0.04025109202829386,8.743091412583778e-05,0.04565775639116177,-0.008766242403705053,0.13797753056834172,0.01006068609568079,0.04660484807253053,0.08051559737030406,0.19808129387511797,0.07357359930952692,0.03708677932836274,0.21580870706166713,0.1418812189143608,0.11224750629104184,0.30081694707057344,0,0
duduk,0.0024491651616163606,0.04887643406364998,-0.0074791923419217044,0.030774105722408858,-0.001236560458281001,0.04198520762826275,0.05447614877940576,0.05121176142923737,-0.017468537759418853,0.05206390806818328,-0.08994296742544167,0.08311514383977628,0.061649392320078454,0.03638375977061303,0.13331336407325503,0.07593918946678026,0.09429330701620772,0.18683134944104535,0,0
duduk,0.0006450373665440951,0.04441260823607941,0.003925712283425902,0.030663583410930197,0.0018947533224976162,0.029961208339333027,-0.027517419083929687,0.08623746283647174,0.012267164600038467,0.0832685394489762,0.03125923676440901,0.1673920104752655,0.055781579266305406,0.026210835655443694,0.18255042545096206,0.10311757637669863,0.0819931133753601,0.2615721239995644,0,0
duduk,-0.0009414628356983881,0.03340952506840696,0.002695388798534941,0.032828090765068305,0.0027365330382063398,0.026577453441973674,0.004499147617797966,0.10742645593592723,-0.009359073027485638,0.08963631703631166,-0.04654576648723635,0.23125636578498268,0.04872424206296636,0.022759765406402187,0.2576188974802829,0.09118147020792161,0.07199673570275567,0.37431109711117805,0,0
duduk,-0.0022653122417783025,0.05026552574125776,-2.906455634432965e-05,0.02492080955191963,-0.00029012525028802145,0.021026669124933752,0.008167731846309267,0.09688726699851698,-0.0016592145660811472,0.08804316078676214,-0.02285576829482354,0.26002684336189036,0.04658876474896223,0.03745160366585527,0.27038118780517506,0.10726648209416068,0.06717561678153519,0.3914885895451714,0,0
duduk,0.006511405547469404,0.054544672790759675,0.002493875486697942,0.02828644542536022,0.0002295828642609235,0.022402723155196154,-0.028181668851280914,0.08532704744263793,0.021939017818615722,0.07324926773092327,0.07326624446951582,0.21678867815004518,0.05268511023243896,0.03901961111902522,0.22207835459172376,0.1285966612539339,0.07456837144122808,0.32050149006000855,0,0
duduk,5.601850274221137e-05,0.05704708534233519,0.0046954485092552435,0.054955948332887604,0.0013001834619231517,0.0669726072130201,0.02562867483769258,0.07494576829330264,-0.04179693022171294,0.08233830868130221,-0.20825911605171119,0.20338305041145893,0.08342479716979455,0.06126859087821328,0.2852248183743134,0.13350743899204862,0.1252195949616736,0.3870421520828035,0,0
duduk,-0.004748714493037454,0.056599125201343026,0.00494498690368088,0.05703194563284546,0.0021353925868047388,0.07249243312561539,0.0103588546806518,0.07430800452447485,-0.02294307662938921,0.09158225418943797,-0.21528272346785257,0.15718621896845986,0.08961211107475624,0.06043091660722333,0.2591295931001193,0.13507396749885867,0.13634450341317317,0.34482581397562695,0,0
duduk,0.0025601780943075984,0.036270809394249294,-0.007476257758549908,0.04445594477215496,0.0013758155819203002,0.040309887898148024,0.03437288889231746,0.0957157687086189,0.01580165669084915,0.060049799612530555,-0.0278572407618006,0.08740326445954166,0.06307650318220731,0.031031400874096907,0.12841108972880608,0.07733277833630706,0.09385272033723713,0.17505411683132122,0,0
duduk,-0.0008753385962399124,0.029405512332264263,-0.00978011249877981,0.03431397091813703,-0.0013692285718343844,0.02327838324171042,0.04781679991101044,0.0740067078506646,-0.009140354695485327,0.06331746726530843,0.004953892508392912,0.046323437838938226,0.04177672645559666,0.030337702897137952,0.08975292617339668,0.07690070693204212,0.06072743991514617,0.11546973010320481,0,0
duduk,-0.002825501864641593,0.020017704136807545,-0.0038405798440031623,0.014363660779735096,-0.0018888974573380648,0.015972183257847904,0.007174837272662559,0.01975858101130026,-0.016066376917061673,0.044109712908538205,-0.008175988928634317,0.02520870677040396,0.025585937839793012,0.015081387352618344,0.03528541453524387,0.04576206353865259,0.03867834129462176,0.04166614116847412,0,0
duduk,-0.00016359807026385668,0.04706946598145554,0.010614421722348548,0.055009931649412695,-0.0015328386064551122,0.05718724830766955,-0.07160802158931313,0.1360401222533493,0.026246155242490677,0.052458364142711385,0.12170414660392566,0.15335718415656108,0.06676362698891251,0.064232444910544,0.15679871697075015,0.20194028428739494,0.1020530496501724,0.225360004039337,0,0
duduk,0.003507136550391778,0.06859982361076528,0.014616879367677115,0.06786577194006438,0.0015101553346466283,0.07447625028229563,-0.13884213281578497,0.16663524406378397,0.029535481644742557,0.10358337654862237,0.2501389904939981,0.10676486701319075,0.1044592275648763,0.06377303556807228,0.3307572688826312,0.1514749967177622,0.15805229319556865,0.502930523174484,0,0
duduk,0.003438430864223479,0.062437591147382836,-0.006303980673083075,0.051530132343288335,0.00041576393429565667,0.05562742928008294,-0.042636088340434475,0.1618760440695115,-0.003163015802189267,0.10187498371451281,0.2550027716993102,0.05387400987656892,0.0848715975948186,0.04923950736038958,0.31591112327345705,0.07878075705971391,0.1266101744642757,0.4717756596861268,0,0
duduk,-0.0009623675905871088,0.06199160815669217,-0.007705108693952954,0.038660543530498005,0.00016994540383482334,0.03567449186467506,0.016848116540828482,0.08437494893202743,0.005762929243686512,0.09304036507228103,0.16806849704400656,0.1189741719718498,0.06598095236869231,0.04768373788689618,0.2206392936550535,0.09802897099893912,0.09796091839349867,0.3018433657140419,0,0
duduk,-0.004878438357796038,0.05364214479606908,0.0018637295684744853,0.030387243272752548,0.0022477661826166956,0.030295783185839788,0.007919358566441834,0.06473655438797421,0.001320772879095729,0.08474563298137111,-0.049463195950012855,0.1745122290228816,0.05067878616628779,0.0464442478613569,0.17739200716969997,0.11215084750600414,0.07672139000077867,0.23148641565330239,0,0
duduk,-0.0024162393545680877,0.02125733919749592,0.001119586810470889,0.01916798225590826,0.0007126100115248554,0.018240421235257362,0.033279225783778996,0.03556400259548016,-0.01704815773299973,0.026483374777416788,-0.18911026393149655,0.08362891665318456,0.02887177933173861,0.017823456597975074,0.1964622405974195,0.08665378682923855,0.04366412026693986,0.24146220567696933,0,0
duduk,-0.001541787873704703,0.017209572583427493,-0.0026413890070020917,0.014280650809623985,0.0007502918147076939,0.014033173780088896,0.049099410000640435,0.03173841130351157,-0.02444210684322098,0.028717387413699683,-0.19088129933973538,0.04305590667644091,0.024091837264657703,0.010989726135281421,0.2023032828274557,0.04677680481441752,0.036278419837726575,0.26491839101209275,0,0
duduk,-0.0039189120255846656,0.021054135915612962,0.002984301438469798,0.018128508159676735,-0.00044759035986910195,0.01769859961770178,0.003597229027942793,0.07035884253614913,-0.009645501997168786,0.040106439177501445,-0.034507524285073275,0.17309766121143272,0.029521448671216196,0.01515097786431262,0.16909819851297964,0.0945965426673306,0.04525134987982243,0.23914214849619378,0,0
duduk,-0.001017280081178856,0.02578586507562943,0.00679900491014965,0.027687920301737973,0.0013406007185636686,0.017751928127236822,-0.07163292960856892,0.04960078260813264,0.03521443737820325,0.047220638917035145,0.21645231708398618,0.13448856876505397,0.03621685182978964,0.021709614164979036,0.23904491163617056,0.137179004506281,0.05353198704485559,0.32565468524936625,0,0
duduk,-0.0005818427788012228,0.04666765361281003,0.001781216693286137,0.03526620590781349,0.001323698803177016,0.02125788860921048,-0.03338216567747341,0.10688478785440936,0.010900815958504227,0.12212659668886733,0.1700867556021511,0.15753502638799038,0.050915701112812115,0.03549922610636518,0.25955308019603857,0.11651454289131673,0.07399873307079624,0.34832859628064033,0,0
duduk,-0.0005345662358593012,0.0521728757233066,0.002064168287055158,0.030584790500104094,0.00015083762004007242,0.02087238826191427,0.010972408304171904,0.08913031413177243,-0.00241888291911365,0.12867424991027376,0.012778813627925987,0.037273763930531334,0.053427512989060316,0.034847926084557806,0.1248683933114365,0.1021443326383325,0.07760824646089158,0.1610045766745125,0,0
duduk,0.006398815755890022,0.040006291573519474,0.001404701124373285,0.02584433381239833,0.00024135035341533355,0.023742227614189478,0.00038820426673207356,0.04260945912003195,0.02994183126408724,0.09228171408348065,-0.03581913089892195,0.07969126728963175,0.04679662719166542,0.02575833740247941,0.11468562140715113,0.07482126444687441,0.06850889085456659,0.1414223976582525,0,0
duduk,-0.0017810236096716529,0.06207009743935772,0.001919082080931479,0.035075115439945834,-0.0015809815264941588,0.0364838525880912,0.057667756566570604,0.09394068785683012,-0.004160581018573639,0.08955116733671707,-0.30530354871827864,0.26086146766468143,0.0628691147009931,0.04930548699329216,0.3576163423177862,0.23073822933180493,0.09289405902451296,0.4475931321259442,0,0
duduk,-0.006004468692468079,0.10172872322868068,-0.0026989238615228225,0.0465540086322798,-0.0006101350202226976,0.05501179893234936,0.1149203304519764,0.10242656726044162,-0.022503551481314065,0.08904598026286782,-0.4388109047783299,0.2864297363602767,0.10050130719800146,0.0733752026002238,0.500056933267508,0.23713126432581952,0.14888472389951934,0.6504166072663466,0,0
duduk,0.007950935241536674,0.10351223549426959,-0.003635255344416563,0.058300256873894916,0.003274226345988196,0.06499766583738158,-0.024801086221491415,0.18128820952204705,0.012222946394922106,0.1195791074049024,0.11615859840190236,0.5329632670131138,0.11522096834613911,0.07082698283788781,0.5294591981815047,0.24991422638989383,0.17219086074791778,0.7272320162770021,0,0
duduk,0.006956027522070834,0.06775467603212335,-0.002085139606713709,0.049070634834883095,0.0018342977126991017,0.05446830816717993,-0.1133345868827576,0.10448311773153465,0.04359503201333866,0.11127301513912875,0.49641486734165424,0.16574627683793933,0.0826213105262905,0.055918262351585944,0.5270885226910716,0.18426264987961632,0.12273017126796049,0.7031378665753717,0,0
duduk,0.0033069316497150777,0.07657214252173307,-0.003432823864865146,0.06840583198538641,-0.0007568565988598841,0.06074673259800025,-0.04641983993204076,0.07618851696034466,0.037735993832720055,0.07591095216783947,0.24320831603154208,0.21944192868404452,0.0858588558576979,0.0825235686985857,0.2981226647042091,0.18250964318852692,0.13208301380684773,0.3826383250327723,0,0
duduk,0.0012372123300817828,0.07223152866020831,0.0003694658004760428,0.06780004860606764,-0.0009218783373994109,0.05605645296565495,0.034357141505016495,0.09500461486300524,-0.009456590347901292,0.05420945111255836,-0.12102213695301184,0.2138721068512531,0.07717950485747206,0.08332025151375051,0.2435406100084138,0.11777795626333251,0.12074115852275194,0.3274621693000175,0,0
duduk,-0.003618733511479281,0.03879699659482594,-0.00044151472892315843,0.02786697678242155,-0.00022155028375305268,0.029420887314549983,0.09051320830993903,0.05942912709214692,-0.04156977009595665,0.06143013256963486,-0.2989144331860899,0.1452311959854945,0.05092949581164927,0.023255628601346633,0.32583982189102995,0.14637899576441493,0.07728784745041536,0.4438105345558084,0,0
duduk,0.0030000461806503087,0.05413967065664102,0.0026225732555359947,0.03852308039980154,-0.0003300659832107285,0.031027147998263033,-0.009694172474462599,0.12107092478892774,-0.0039906561378306995,0.08052791271498808,0.048396849021964436,0.37684271080823734,0.06331698081391707,0.036666452770494816,0.3686181402465932,0.1684589474766901,0.09530138556673798,0.487053011101371,0,0
duduk,-0.0008363493402969749,0.04969177310228927,0.00031784139893070517,0.045702814839563406,-0.00242581114571809,0.025397463093491175,-0.0629411116584534,0.11642364801960108,0.0053559083942583356,0.10707101726066898,0.276243599209716,0.2175612381932127,0.06094376284655432,0.03818565831296611,0.34242261534520063,0.18715194822296527,0.08902149256176083,0.46154554538506914,0,0
duduk,-0.007674815244147262,0.031099712367284427,-0.0009151424056165011,0.04244585740657033,-0.0005472312360721564,0.01912205451145802,0.0092662635748445,0.11004290082620584,-0.027128026034899038,0.09977367626587187,-0.06496683478061517,0.30227520113387335,0.05007405769648903,0.02573719967508834,0.29016006905596453,0.18298809329601867,0.07415828049452142,0.3817389299158712,0,0
duduk,-0.0014794770421834125,0.03453448844512985,0.012911908748258583,0.03768674510110783,-0.0012134251044249478,0.03349052655843822,0.044732548494358336,0.08942863450524571,-0.033108422127841514,0.04866848652096037,-0.3240949001380012,0.14391574538476726,0.05580541123260513,0.02758506338899789,0.34039660816889644,0.1525271545035506,0.08465106790734069,0.42882245432378235,0,0
duduk,0.0001824880578434579,0.05620334359210489,0.013822723326543364,0.04704768949370876,-0.0021667629584429023,0.05862532013633764,0.017584122948275577,0.10962949067250226,-0.037096881699251426,0.056487518150368246,-0.2705202313783518,0.12892314767864385,0.0853348269772067,0.04063759438307929,0.2974459367211669,0.13448302372910595,0.12949308099469303,0.40433168904394834,0,0
duduk,-0.0028161383098893964,0.12088152352001351,0.0004864939954337354,0.08182984490927978,-0.002060080534474772,0.09356107974240398,0.015367494275306157,0.1273731237534946,-0.0456974781156572,0.13899341682600927,-0.09508018710022023,0.11044269690149344,0.14223436910288448,0.0981820405678805,0.20752691439003063,0.1253701844801446,0.2158515257314752,0.28919146074651764,0,0
duduk,0.028537337700219947,0.14131830291543887,0.040646877408077084,0.14845671162157167,-0.04179627323606436,0.32879053122683477,0.025590139087345188,0.11075858517759456,-0.012583107469538812,0.16994891796258613,-0.003948172085875082,0.029667573596348022,0.2894638818415216,0.26407160516262046,0.16015068490750103,0.13023094168548674,0.4096195445127366,0.21089230389897676,0,0
duduk,0.0807505761876634,0.08592749435036806,0.09527142196811383,0.12325269245090555,-0.05796787600311672,0.3180882849396844,0.004317239053349389,0.04401650462928884,0.02198997869713416,0.10193705274278463,-0.0017221157264512487,0.029826972736738677,0.2758438865328724,0.25699328417873524,0.07774084634116457,0.08731462485329823,0.3950015312524021,0.09961565576465059,0,0
duduk,0.10068489347029196,0.11441197159595176,0.10334737405490158,0.20239587685061536,-0.04111959506159153,0.6445872364517674,0.0007394231351360438,0.0025631566312490912,0.01630421781008047,0.03390474869010567,0.005664388734718634,0.013355259612319249,0.43020644875524283,0.5525723013121739,0.030001956465857915,0.02695792158363649,0.6100824067192926,0.03741023800589635,0,0
duduk,0.08437803775721642,0.2723385367193519,0.10528860508916946,0.2613590709665397,-0.053785865977464695,0.7119643836123695,0.001547153011448537,0.006557978318471812,0.0022770143184087906,0.04149779551730588,0.006170767556778943,0.015742177432863262,0.6313089510545895,0.5177883192783018,0.03848914189746393,0.02371983283462845,0.9087196787766314,0.050331818803076585,0,0
duduk,0.07178239771391488,0.2545958436250709,0.10817527206264696,0.17155651819734324,-0.04247100020055128,0.3099489989140832,-0.0003322681111183909,0.00737027181492576,-0.01712268410585991,0.042801817548473675,-0.0014779500583965433,0.014883683956263726,0.36568475155903085,0.2721944571034819,0.0384047633870025,0.03027345627751883,0.5563589904402946,0.049642583049186804,0,0
duduk,0.06936220140509773,0.07508530082523604,0.10285391007347242,0.046275287373124,-0.02737603580380768,0.06865310118607942,-0.001296345145484064,0.003934747467899307,-0.012429334074209203,0.029056429432595777,-0.009035857422860918,0.011958799297078805,0.15674962532491515,0.06305819416391097,0.025822108927177942,0.023863622705047383,0.2445065593666029,0.03362727943162705,0,0
duduk,0.06840169622400752,0.13415586682708047,0.08624203877601527,0.18119497489208064,-0.032884446479978215,0.2120231061525104,-0.00020600005619626874,0.0028584022093102435,-0.004970072681090439,0.0117934748356185,-0.009176005901833905,0.009720068130676012,0.24711251004464888,0.21779115295030868,0.017241419172298673,0.007177087680937187,0.3922976958296718,0.02378362582018911,0,0
duduk,0.1142770039204883,0.25749957567192955,0.14412519281542197,0.27236494503616726,0.08554284703920838,0.38217253202972556,-0.00023031906773739828,0.010127394130779536,-0.004084573529290726,0.023954940498034646,-0.005062996127823005,0.020962128249922402,0.48026090779887853,0.30842944866007194,0.026143978196774952,0.021637955043214942,0.7391642266595971,0.03877790880252581,0,0
duduk,0.005655366794285624,0.6172412677408287,0.12643927049329562,0.38168133011397776,-0.010883315589684235,0.6498441478326838,0.00036661350877934657,0.010991374881490637,-0.0021892805864211426,0.02608007641551289,-0.0016597667734673137,0.022704725523995856,0.8620858466646925,0.46321286890394925,0.03011403706902938,0.02020469412793386,1.248578044786377,0.04489016034353279,0,0
duduk,-0.3759295067618277,0.9087761057690105,-0.05110054616931839,0.6500262744205941,0.3174434693171897,1.078218026005038,1.5966929355083547e-05,0.005958897967617965,0.0015005083271772029,0.013734492521185008,-0.00114018227252877,0.015147044187625283,1.4356640191543952,0.7590704688091896,0.01940303157024655,0.008768405296655934,2.1215332860674097,0.027778795898921883,0,0
duduk,-0.37999618283118713,0.8908160160741068,-0.07677738666321042,0.7960282973277161,0.15532478315967901,1.1955830665340308,-0.00015249282254427526,0.0037469629022803957,0.002311423848877308,0.00793138710452803,-0.00013273225508854503,0.011239104530509875,1.5576546464417458,0.7629001148848698,0.012662523098559834,0.006836881777146148,2.3478309689290273,0.017720149398512065,0,0
duduk,-0.10731553714056506,0.5782622935217395,0.003602905386075241,0.6488792166807821,-0.3831716782575815,0.7625531056845203,-0.0005633376857285087,0.002950026919887503,0.002355881088482545,0.006914241724779866,0.001340962269728564,0.008727196432330997,1.0750191411299628,0.5740460299276406,0.010464683816209455,0.00545900414215435,1.6064433056792173,0.014686237400327746,0,0
duduk,-0.09416259813400747,0.2375764171469816,0.02506825549422999,0.3329509701249122,-0.16641634145806733,0.45614247080774556,-0.001596071508486663,0.0032308834853023946,0.0033952172870257867,0.00681624370675958,0.003152664579715127,0.0074551260860317515,0.5014451013979001,0.39867638190460264,0.010487693272890281,0.00506288064918501,0.758513502628093,0.015152703190895189,0,0
duduk,-0.10337433920495757,0.08552155872071034,0.0378748667810583,0.10976131570332534,-0.12424847010293061,0.07436109068224138,-0.0023599632084180863,0.00410122540661745,0.005734660564265864,0.009179010588992896,0.0003174498213713292,0.008382668002838638,0.21877413921005154,0.06619883243483411,0.012477020463669285,0.007282916697361356,0.34527411936690966,0.018437228171145265,0,0
duduk,-0.08433638395330442,0.07811829870280894,0.048364818466452394,0.10753419925840008,-0.1276255270354249,0.05868999296453741,-0.002752339908663036,0.004157863377448225,0.0042064450703710255,0.010754553970399441,-0.0014803513023467468,0.009471568460803742,0.2090601712556954,0.05443356869625653,0.013943382941211214,0.007349523906154537,0.3320975304350048,0.020549411319450286,0,0
duduk,-0.08554203357149935,0.10035385132313518,0.03562475912321599,0.08820746711147599,-0.12542016067401462,0.04543386541072094,-0.0015195440192039805,0.003856463614930373,0.0024222592282714295,0.015429167721599815,0.0030757545355784488,0.013441225024216756,0.19730376270474764,0.07180597358024558,0.01771067787232579,0.011600704734069628,0.30880905376692896,0.025761710951956802,0,0
duduk,-0.08808591571287476,0.09194685255172909,0.027624621032798995,0.05075526517991043,-0.12453132466709431,0.04583172138780804,0.0003005977736188954,0.003678648770901214,0.0012833222168610672,0.015647782173935528,0.0006501195229275968,0.01563544530196463,0.17988254915319865,0.06869730279696172,0.019558872875753662,0.010891317492535411,0.2782650844442179,0.02763060392205514,0,0
duduk,-0.08405362122901355,0.0406156412390303,0.029219984641767414,0.047175742812492184,-0.12505968725393724,0.030106588304749576,-0.00022978523686036946,0.00377486044985586,0.001918751416575771,0.009921482941948256,-0.0026665522193209403,0.011211719108049835,0.16418463507233574,0.03673439381528449,0.014146147046749753,0.006870783765699126,0.2549966091079763,0.019556628052885546,0,0
duduk,-0.08021297001438846,0.061480880892631685,0.03208720429429887,0.09781356023293618,-0.12576175887661425,0.03248851293185878,-0.0016495818911832789,0.004822835254414238,0.0022732031213370117,0.008222116103766103,-0.002235502643633046,0.008448134318382629,0.18683373981911244,0.051559014972292,0.011874061507290905,0.0057299739760051744,0.2945876822104055,0.017218509270792652,0,0
duduk,-0.0723401359695345,0.1605796516348174,0.03942568973597567,0.11610073128752522,-0.11899257665968395,0.05488618173147371,-4.9755903283107567e-05,0.004522829427725714,0.001113001296059352,0.00849631864812601,-0.0021431985688623438,0.014567551513985772,0.22949235439614457,0.10117937444072339,0.01548885513358493,0.008271792049288495,0.35644821682659206,0.022138468322690574,0,0
duduk,-0.06241586500836542,0.16521921313662893,0.03145287973545667,0.0760032860803202,-0.12019752591936995,0.05563912172597375,0.0002835136579841774,0.002916657873419213,0.001042412471651994,0.008958656587741948,-0.001193709733508427,0.015148411664533746,0.2094417335511177,0.10671652757958591,0.01580377750947628,0.008280985406543866,0.3092439969384385,0.022152947023506803,0,0
duduk,-0.06181909753164022,0.06819642332956713,0.029573412170887648,0.036538200305280696,-0.12142618992502202,0.034162569389823955,-0.0017985558330304208,0.0032761717069966167,0.0006110385370408323,0.007268084570036235,0.0024510038550242773,0.011484930331110171,0.1581713835324737,0.03897247420440751,0.013344930933392571,0.005028782685918112,0.23166452346399702,0.019427963870803002,0,0
duduk,-0.05649319460122138,0.05063533646892209,0.02503649523948236,0.05182952913276897,-0.12020274377492472,0.03874165067836499,-0.001330644222153714,0.003868868897624255,-0.00039153260068565653,0.006913773316519235,0.001193532499523688,0.01670423967851931,0.15473056958146908,0.03192635047340395,0.016334954056746648,0.008698063093273275,0.23441856391228572,0.022711634846544818,0,0
duduk,-0.05586785500029853,0.06331327251980204,0.021374056165086933,0.06100468828770188,-0.1229586227983135,0.03990804580995315,2.9133462512836343e-05,0.003090510416227164,2.3810387511767982e-05,0.005656794680810258,-0.0024589688318030103,0.01503157101107471,0.16168675024329343,0.04244844597711157,0.013322199754656372,0.00971256906079428,0.24481945566988447,0.017907539064043576,0,0
duduk,-0.054685692977480264,0.05803450328164635,0.02615607603154827,0.0513631531343261,-0.11895190619469238,0.03224776907019766,-0.0008581909901664327,0.0026820193790569164,0.001156856016602229,0.006618295132430809,-0.002667828050992113,0.010951453966523162,0.15284883461095372,0.038099945643556114,0.011042040206893304,0.00755355094529461,0.22775695041075533,0.015333273017733422,0,0
duduk,-0.05129877472681182,0.052013377849782154,0.023865228135819493,0.04595622609154311,-0.11748913278821244,0.04045940963542552,-0.00026692464609693304,0.004015387216370574,0.0001811358769005399,0.0082377156745542,0.00018530515505680163,0.01124750078452525,0.1481951240367749,0.0380430598306646,0.012459148761461083,0.007336960629335282,0.2220307806803873,0.01774632365480887,0,0
duduk,-0.04608829758785954,0.04039774232960198,0.021415620757418603,0.04190327073439404,-0.11571508569974981,0.03940650185925647,0.0013666743553242583,0.004350438321122784,-0.00159269981583421,0.012002586454370792,0.00538469589323083,0.01767836660894741,0.13927044259988783,0.038505038305164614,0.018022386001433417,0.013459664955390412,0.20532480845672973,0.026242724936748,0,0
duduk,-0.03781568230181317,0.033771705750142676,0.019223581058930305,0.03272274036088606,-0.1122698116029329,0.033850895289329254,0.0010518132957293663,0.003427815637482304,-0.002116577310644655,0.011135487007516454,0.0005507992492449301,0.018660218111767997,0.12845271339629838,0.03521363348634929,0.017328127012682642,0.013660338829782842,0.18401134643550202,0.024671030077456454,0,0
duduk,-0.03595248977272005,0.05790952168529577,0.014191280431065639,0.13135222272142066,-0.11803499102931775,0.09700657712162276,0.0010392430799659345,0.0019193115047917255,-0.0012859223546131222,0.004316238079526632,-0.003991980745422616,0.0064228664135227145,0.1861736020917094,0.102900590067833,0.008231781270143844,0.0037387571320390924,0.27020814735318965,0.011448502531465388,0,0
duduk,-0.03143841188663219,0.06280176404741264,0.01645377844136053,0.13587519501472398,-0.11811174239111846,0.09787687770783887,0.0021377556567888953,0.0025049979630750534,-0.0016091606899229808,0.005519454377574671,-0.005385766932541332,0.008542176167242411,0.19309146519404238,0.09842868294821115,0.01030712341452175,0.006239348352565012,0.28586805144422395,0.014980952941252925,0,0
duduk,-0.028907972216862123,0.053887095059922355,0.02180903577416487,0.05869666435983245,-0.11113598707596804,0.041718750107511436,0.0008946492810760383,0.0033171401722581735,-0.0018717857840516634,0.006224336850989342,-0.0019590635964597146,0.012028665257414445,0.14173895169379325,0.03996536267200547,0.012564011870523854,0.006573419502894278,0.21525065231158563,0.0180626852649177,0,0
duduk,-0.03361838368919597,0.058254582464886115,0.01691001896639652,0.05032201518141293,-0.11431996780131434,0.03706668049660293,-0.0007587191160347592,0.0020749810554690465,-0.0005014568314477705,0.005327268638145421,0.0016735583565845563,0.009742707679352638,0.14242577910223816,0.037965147995733646,0.009947555289116412,0.005596146630419172,0.2146237932733946,0.014072278674590146,0,0
duduk,-0.031339584158636184,0.05135297003889064,0.01101706085064107,0.05064354067972717,-0.11314611661824239,0.03875422120351864,-0.0005501545550209788,0.0015532188606840213,0.000541070038048488,0.004605180128083618,-0.0015489433780084816,0.006132341978246317,0.13905491679138154,0.03490342431153895,0.0067900321456137724,0.004204813131958139,0.2078295109378533,0.009802288082938959,0,0
duduk,-0.03269572643457432,0.11726863989717401,0.013609382488225526,0.08832547745349327,-0.11669910596673454,0.08023055895951726,-0.0010015028951876252,0.0012524342538496865,0.0006412110125068086,0.003889088170651252,-0.0010742097703478435,0.003802290665325045,0.18834932369967342,0.0847325156194395,0.0053336761541399845,0.0022382098414461442,0.286442627209361,0.00788074754598306,0,0
duduk,-0.024979421089360035,0.12541025278854515,0.017727115775196547,0.09109701998719996,-0.11479873968492071,0.08837610783184653,-0.001113625084452113,0.001392510214126482,0.0004296282720282805,0.00388993805137343,-0.001184829138626667,0.0038790454454675385,0.1973078756715198,0.0822962288097332,0.00541137678804282,0.002322938310688067,0.301636549979211,0.007839936131716595,0,0
duduk,-0.014210610725682266,0.058449810176085054,0.020014787975715195,0.05057878354278547,-0.10940057651355906,0.050582407944049765,-0.001283972559489774,0.0025332032485145817,0.000521917870357579,0.0060008732772480105,-0.0017586985977876878,0.006228555291299964,0.13943654977928677,0.03990278379806564,0.008008665879859902,0.004636869174733558,0.20474345127905852,0.011655772603198212,0,0
duduk,-0.019061018106478776,0.04145662631314523,0.016218144205456263,0.04508598509030528,-0.11316710084272806,0.03121864618632292,0.0011539098684823085,0.011919978488602824,-0.004804058383902908,0.06553302113266733,-0.0012837145501185534,0.04353405541645237,0.13103970179939517,0.030821769278961825,0.05455000060691651,0.05790024337843149,0.18420585880299128,0.07511096414254456,0,0
duduk,-0.01699734674797111,0.0336149061105027,0.00929765204144315,0.06296781944945026,-0.11220701602014142,0.02803248560763803,0.00393679324421162,0.0120495158066038,-0.009965145254801869,0.06882717746267339,0.008337811802601569,0.047531318196449894,0.13395773514651965,0.029181025598124567,0.06758811110482496,0.05209112284147778,0.1897479054413479,0.09443129010462582,0,0
duduk,-0.017084970511496263,0.030475267826356338,0.01422663111782795,0.06581649026854917,-0.11420325291705137,0.027251743385548116,0.002655865049629807,0.004650753463254697,-0.004676435479650237,0.02358025793992937,0.0026037492544355033,0.02398707460104504,0.1355992929546176,0.03322232632402322,0.02638386007149167,0.022044526746186982,0.19640949547405298,0.03786428968164354,0,0
duduk,-0.016625245671553355,0.10447089055116351,0.021161120764663872,0.06558835333976526,-0.11306453768502303,0.03431482012637733,-0.00108170812123563,0.003993209530097093,0.0039254310392443734,0.009956701052613664,-0.009930513490823422,0.007835422520713562,0.16214641803094637,0.058997444855916945,0.015738864254439825,0.006528342335487853,0.24184581041240924,0.020937194787007337,0,0
duduk,-0.0028275197444836654,0.1116967185275612,0.01109981418538175,0.06580316757821564,-0.10959230286236064,0.029310896678276268,-0.0011660075244572345,0.004222274335961543,0.000963706640032225,0.01284353178908856,-0.0009190236940282942,0.01795667140191209,0.16223785975096408,0.05781579496203821,0.01974714312309405,0.010700559067374967,0.24410229057019095,0.02695934359048205,0,0
duduk,0.0033244725951267935,0.04983276313877717,0.002566686416007669,0.043024537481550856,-0.10901650076164275,0.019162672907169238,0.0004986865615677635,0.0029299631657496088,-0.003066856321822849,0.00980052271299347,0.0014533078337019235,0.01709223801263268,0.1251269961007353,0.030152460934504514,0.01609539729272671,0.012123785796390984,0.17472905261203184,0.022245293827073763,0,0
duduk,0.002224432281031036,0.02130467438786824,0.0011006433321271293,0.014769885783718606,-0.10784365293215403,0.012170536593631967,-0.00041534276710761926,0.002038312968699214,-0.0017807958295525683,0.006664057274636237,-0.002415859884684953,0.004854861761540067,0.11096136721780017,0.01171837067055611,0.00797089367162421,0.004150903234076331,0.1353408636726456,0.011143040418368041,0,0
duduk,0.009081853334356044,0.013139922496559141,-0.007094083495304385,0.013290772176477209,-0.1057383899173969,0.01094585053357991,-0.0004945193908513231,0.0020348899589803173,-0.002447072257111363,0.006249280857766212,-0.0018586518241723265,0.004987749560824332,0.10801424439281096,0.010577223721737755,0.007897396153992084,0.0038546374241719772,0.1304494867202937,0.011319820659424738,0,0
duduk,0.013925167265710808,0.012861484047111345,-0.010544289864034485,0.016293395899425675,-0.10378152748414252,0.01306804234500133,-0.00012128424773101815,0.0027060497012109763,-0.0011009522778762837,0.008963117650923435,-0.0035413978986639292,0.006124496471726692,0.10722764546309005,0.013241327160938104,0.010539652904899402,0.005183692879404487,0.1352164060285007,0.015625363280859533,0,0
duduk,0.012084050197697503,0.018737322419647557,-0.012704449150245243,0.02991913748850571,-0.10461114020605036,0.018207990340570305,-0.000357368475471155,0.003029327012024821,0.00017638160128390985,0.010689133619055201,-0.0023581198798015854,0.007009488810135749,0.11133932708620405,0.020510342767391054,0.011871115831498883,0.005999816554425444,0.14567373500061423,0.017549256602053295,0,0
duduk,0.0124681021278561,0.019174097514202005,-0.013629272975481301,0.029896701627730615,-0.10484929444641981,0.017323469102902635,-0.0009322337404480357,0.0025477525563450923,0.0008074720800025252,0.008947858269922556,-0.00048334463353420516,0.007137146266273384,0.11181565128668508,0.019534767699006524,0.010395826884980084,0.005486494269626512,0.1477132321801263,0.015099505275940587,0,0
duduk,0.01432948512602852,0.017300288389316788,-0.013615041298714721,0.014687249589335934,-0.10414573001564709,0.013056543052765993,-0.0005807310849182668,0.002229109058659001,0.0011734451020522561,0.006747137743131933,-0.0012568699429552433,0.006593247165424837,0.10832152545774208,0.013563073976342628,0.008856160238801085,0.0042505419680855805,0.13898468209105166,0.01285738833551867,0,0
duduk,0.013606208499724161,0.02227131893675859,-0.013145680553141166,0.018285744269616804,-0.10464868319735501,0.021134725776778676,-0.000644993536409296,0.0018068847144383621,0.0006572751740780399,0.005544256822986913,0.00043994641277762055,0.004866269097964819,0.11037170933818193,0.019890017209401412,0.006752480045592452,0.003560862242439252,0.14314282451178972,0.009771747554513887,0,0
duduk,0.014144799597255684,0.02252459508780827,-0.015731368454780903,0.023910334653371102,-0.10428558668920646,0.02168530297850305,-0.0006716757182889416,0.001432350798819316,0.0002986517839423691,0.004127821085907174,-2.2441190291588318e-05,0.0036595318111174694,0.11142309376892796,0.02112372855610585,0.0050101767217462945,0.0027701248374954516,0.14733275317273795,0.007274508409804465,0,0
duduk,0.013820957782400906,0.020230122837111397,-0.017733679906634683,0.023167354258484225,-0.1040691044338433,0.013369701071167079,-3.6691709334511394e-05,0.00153493624780117,-3.527215041356527e-06,0.004932682923489427,-0.001350697426487845,0.0032474458198006244,0.11064119307771897,0.014491129935146426,0.005310887722107108,0.0032537740915263417,0.14721592829701569,0.007436811808157092,0,0
duduk,0.01617564056481353,0.01890859539959669,-0.01380029208657666,0.01990636040213977,-0.10407582375102949,0.010243016771215953,-0.0002500435181347026,0.001548436091997943,-0.0003767219278171164,0.0055353541190094335,-0.0007713101626862784,0.0035713746794536947,0.1096306355871431,0.010783949025652788,0.0059904309757720575,0.0032174851764021897,0.1446979011993819,0.008375945622305928,0,0
duduk,0.017719666934360865,0.01659959219905776,-0.014228396655349704,0.021949500612804616,-0.10268360135709836,0.011994547255615244,-0.0006874568362053902,0.0013388044870557398,-0.0005213032738315246,0.005026166392833546,-0.0008504463329635599,0.003469407262946955,0.10854740383740585,0.013104136737588926,0.005754151718885514,0.002670067614862535,0.1438781148308924,0.008286566146376214,0,0
duduk,0.01786683829512773,0.023286343208003452,-0.016186635978807082,0.027234171680434203,-0.10207158147568603,0.011549434331518567,-0.0007097455025462988,0.001407970296688382,-0.0007819191413260481,0.005058808347677206,-0.0006200183950458944,0.0035814374320700896,0.11040718374082312,0.014677079830788928,0.0058176373157711805,0.0027800271173864474,0.15111979574482418,0.008273965582976899,0,0
duduk,0.016784719269393712,0.022392065516401178,-0.018108009712137083,0.02466115374351578,-0.10277766921497969,0.011403867001437714,-0.0007444969422267675,0.0020223287569777083,-0.0006521292054776764,0.006130746298335911,-0.0007231927685695461,0.004872330453125657,0.11047570591398792,0.014042631359695962,0.007322635324572364,0.0035735957931045384,0.14941632119073203,0.010323362899166466,0,0
duduk,0.017811938037009523,0.013875287106630326,-0.01719392071528307,0.01883855105507399,-0.10252685210741724,0.01515316515524206,-8.550834520725733e-05,0.0027095715834184616,-0.00021398055471113565,0.007371709607305191,-0.00197672749614884,0.00822398736397509,0.10790299396833597,0.015918289594162312,0.010308106811641807,0.005097846176514252,0.1417840471497283,0.014822649969264912,0,0
duduk,0.020649107147987386,0.016556502470423354,-0.018196399872608796,0.024052543737035227,-0.10189172411038193,0.016363813570958282,-0.0007788729509903515,0.0041327209176873995,0.0006601754363148424,0.007998875840110898,-0.0036280827218819443,0.012002949376105321,0.10934934012256832,0.017155047843557595,0.013812338012476404,0.00683910667084323,0.14742727328367589,0.019724198357509982,0,0
duduk,0.018533672337379396,0.01781419442293472,-0.02155245201090618,0.028530326933592497,-0.10293560852883804,0.01744092626789866,-0.0011782871443349312,0.004887811060455695,0.0004117721902688463,0.011106009705525936,-0.005409642644997765,0.016653074032434143,0.11170449437499666,0.01872195585452994,0.019081453246723164,0.009376185474399973,0.15268195871912077,0.02668337525750966,0,0
duduk,0.01716870329825068,0.01693250906959756,-0.02052023706053192,0.024357607685900562,-0.10280665007430961,0.016368092762235806,0.0005779165503481568,0.004022900720362993,-0.0008551609581966288,0.01157262926602798,-0.002566675349129464,0.017280339827706256,0.10982706069242357,0.019056183375996103,0.01948239819433991,0.008547059120632873,0.1474442466472627,0.027211045744114166,0,0
duduk,0.019216624904334626,0.01509376426669978,-0.021066664107827204,0.016547539852438457,-0.10116311203490856,0.013476404848294661,0.0009368471420472178,0.002894773030424663,-0.0006834029718568877,0.007491381179989633,0.0008723920433084289,0.011405540769928764,0.10733346042240795,0.014319945805764124,0.012396585252252255,0.006440987647390478,0.14412930934148804,0.01766332484518675,0,0
duduk,0.019031163791532385,0.012451631900317083,-0.02051686914834751,0.013424869262660413,-0.1032058105900539,0.014011541193340525,-0.0010796586178098662,0.0039512032357729935,0.0016506937382870885,0.007541909555408082,-0.0012276889348247502,0.011303275474928662,0.1085776533568311,0.013170875771964435,0.012084655903685435,0.00762853780428964,0.1442234942030348,0.017470453000491434,0,0
duduk,0.017057653296322174,0.010422548774560138,-0.01930390440507094,0.014917603912508607,-0.1034920703047805,0.013533307510784737,-0.0032434644125611074,0.0047866607666724814,0.002028791576310515,0.009379655509053682,-0.0032181650094632707,0.013227178559364514,0.10817437124268851,0.013547148370776148,0.01629965234439285,0.00653690412829589,0.14171350149146936,0.023518176447023375,0,0
duduk,0.01842686987862957,0.009591440327468235,-0.01914169583766782,0.015825257939467475,-0.10212779354169844,0.013673391133966538,-0.0017436088093163683,0.006333976550318951,0.0010818334261426807,0.008158376191246802,0.001509257802189546,0.01300346813098733,0.10708679436334005,0.013946540059634941,0.01506135514216155,0.007292921339256772,0.14120306514615832,0.021953153550881628,0,0
duduk,0.018834008703542442,0.011517238224890395,-0.017605859595622754,0.017968759637700515,-0.10314362203185644,0.012189570826433894,0.002574927018962912,0.006210968139106186,-3.6452410972419128e-06,0.00911588657235488,0.0019841498544304033,0.011268308676140343,0.1083643453140605,0.0126542704601005,0.014372849894306322,0.007117490883411929,0.1431191931801154,0.021127740557700312,0,0
duduk,0.018251434205190077,0.010594621832277537,-0.01865169921570568,0.02083885503250086,-0.10395937939344453,0.014993449196754775,0.002043646634307026,0.004551193010647958,-0.0006324747688862562,0.009278818392823523,-0.0009602704677703276,0.007207305052232422,0.1097634899361357,0.014359170182378436,0.011406331690116093,0.0057350382068415365,0.14576384147747443,0.016574951614836263,0,0
duduk,0.018529550685931543,0.01050422006710006,-0.018878545264576593,0.01702230593518796,-0.10430938810825924,0.015361155029671577,-0.0003582468301692504,0.001810812469859325,-5.7822744204680977e-05,0.007338412474984827,-0.002105019403041139,0.0069909302522768455,0.10956378816112432,0.014413464784516968,0.009393774361650608,0.004634542569955012,0.14428584850925535,0.01323297812161804,0,0
duduk,0.018014668359193773,0.012906325134921225,-0.01914762296596127,0.014257955647863392,-0.10356187790328741,0.015817067062001647,-0.0003734034869897182,0.002230655877911434,-0.001021915216321806,0.006123567725288081,-0.0016902210156933078,0.007985310839467631,0.1085729002798354,0.015634374773910647,0.009546361201501555,0.004273985358381857,0.14241266370859013,0.01357154870188277,0,0
duduk,0.017961336875538456,0.01873479282065723,-0.018643517337482804,0.013833052859903189,-0.10232405922299241,0.01732308555060773,4.018814495665629e-05,0.0025992715342620237,-0.0007641915547735051,0.004622268903612798,-0.0001683189521887368,0.005920044727592769,0.10808866231053793,0.017152179596030673,0.007278627028723645,0.0032054799116865,0.14280827535672436,0.010682061347624781,0,0
duduk,0.018322772791763985,0.017581117009722137,-0.017835140282247027,0.011754461529615646,-0.10307140419597015,0.01374510511376468,0.00042642677465106767,0.0021765947161371314,-0.00019198403014343015,0.004416674774504816,-0.001210341026234967,0.0039331478799614706,0.10833480527252765,0.013139869445345356,0.0058164289009349805,0.002691150563365816,0.14262885195095398,0.008540790486809668,0,0
duduk,0.018227337930858067,0.010424055721416171,-0.019939731668140812,0.027174760451467647,-0.1043240837226858,0.012713694018971303,0.0005350726959666998,0.0018935272863106751,2.312116737795347e-05,0.004618332127631837,-0.002359263083550716,0.004020745485623402,0.11130941857387569,0.014982664112329461,0.0059189280875637665,0.0034066591265456245,0.1499909066674082,0.008569621369971511,0,0
duduk,0.017251828279585612,0.012621981150650453,-0.02111366674158607,0.028739591284208887,-0.1036062139868878,0.013035384372029687,0.0001787623428811608,0.001794237181752873,0.00020152075636084053,0.0046977002440145785,-0.0005643920450710818,0.006088400160115901,0.11133585851354777,0.015096807190633733,0.006908423267791838,0.0038135220827916617,0.15022248679959704,0.009920581595021545,0,0
duduk,0.017584494537545927,0.013761864443747784,-0.02185540076945707,0.016667944377620682,-0.10207791373342573,0.012558530848636808,-0.0011877915120536314,0.0025382928434379754,-0.0011122792890677596,0.006551763087400888,0.00248925279957079,0.00885471763891759,0.10814509581959873,0.011463091113365877,0.010076537096735803,0.005843463287715986,0.143518189737915,0.01442999211800349,0,0
duduk,0.017011412399288085,0.012948018303920445,-0.021619807359802973,0.021430948231267025,-0.10169070416513444,0.014280452008872752,0.0005098196158448236,0.0037283624754209754,-0.0013574505856473837,0.0066205471970966975,4.642230419036294e-05,0.008797617996896974,0.10811055202246894,0.015323825328207514,0.010347655322773841,0.005394524224950764,0.14444473880321623,0.015180980210046175,0,0
duduk,0.01673734385682971,0.013982870381829207,-0.018954879633342466,0.025662136038858547,-0.10312470374044183,0.01454328448204491,0.000921642304033037,0.0029364655689425516,-0.00037898931476612786,0.004994624990388565,-0.0012590202456050149,0.004727235187740202,0.10974669234498202,0.016958400253503526,0.006990524082591871,0.003026393193779453,0.14694307850446311,0.010423271453544193,0,0
duduk,0.017630562080420943,0.012442227874722649,-0.02050336602532315,0.025485299164397145,-0.10387988577286805,0.011997891824502106,-0.0008204647714100705,0.0016856805319405003,0.00013336279245421552,0.004081960478909628,-0.0008060714315656855,0.004420046980889601,0.1107003896555092,0.014440944280595945,0.005615933811473026,0.0029219328767183797,0.14947603065763398,0.008132536841552955,0,0
duduk,0.01720645475188626,0.009347761228783046,-0.021586699896517354,0.025562688591021482,-0.10237548413894594,0.012714514129062616,-0.0006094229468302109,0.002299350042337801,0.0006390777052680228,0.004524849225898646,-0.0012800685615815216,0.0040084518047306585,0.10908109896610649,0.015490855906075879,0.00605775412194656,0.002684161287096153,0.14681394215752774,0.008869260929473306,0,0
duduk,0.01701317313443653,0.010018187621199498,-0.018374901828411182,0.023612221839286525,-0.10274631168903742,0.013645702300750637,-0.0008725925576005138,0.0037236821898699386,0.0012496810606501126,0.008388123765044204,0.002142325502919098,0.013171544343802693,0.10849609173854512,0.015832231291893803,0.01368867698938669,0.008684809158463347,0.14336330397387353,0.01965418233070075,0,0
duduk,0.01737571999971087,0.010153577407440441,-0.01863476470955282,0.021322647052874392,-0.10394990279683139,0.012078273613544884,-0.0007233156438061466,0.0036954593767900084,-0.0003218638796491557,0.008814428138179965,0.0027525713505972826,0.017545239580760496,0.1093824723726922,0.013737285557400915,0.01807510615460175,0.00880129144673028,0.1440172691553449,0.025317901152305245,0,0
duduk,0.017326291901294397,0.012783807383834318,-0.02011717111631542,0.02584182977730455,-0.10355591260111657,0.010923150641648526,-0.00015791505497047013,0.0024818400692452874,-0.0007025818439692658,0.006757890959935319,-0.0012922880114686964,0.01246073806955436,0.110421537550819,0.013365406521397465,0.01178852323088084,0.008302787301817001,0.14885175914972723,0.0162994338248074,0,0
duduk,0.017270224620262075,0.012702712939274694,-0.01991726069847166,0.024066627647645156,-0.10340317510265211,0.012630133400480983,9.231513003305214e-06,0.002092332335008171,-1.5986210962963613e-05,0.009358156479752987,-0.0033190578082360656,0.005646783399631082,0.10989531085327613,0.014258654663261068,0.010021010041119702,0.005790671898991959,0.14792746884054872,0.013882361233196815,0,0
duduk,0.016991676234030577,0.010325005677797407,-0.01878392476460762,0.015850659362829242,-0.10367233237446896,0.011971759661365388,0.0003975192620356379,0.002451550808158272,-0.0019811956932881247,0.01279894373801174,-0.002831544607979333,0.01373755827135083,0.10832296727101004,0.012382808402935765,0.016697312549436866,0.009441937941509004,0.1419106322375931,0.02315035168054425,0,0
duduk,0.01720712457124118,0.00961537222967066,-0.0189599944708813,0.01865208818273032,-0.10400638983158501,0.010665029665763902,0.00015569677209915418,0.002828347571209963,-0.0016137196658615488,0.011197888256624601,0.0003023775277356806,0.015562478446368851,0.10905173537328969,0.011422656572350146,0.017134174397336124,0.009043496991283834,0.1436835949632699,0.023965160117424666,0,0
duduk,0.018513058581030282,0.007514783845872577,-0.019612234912330134,0.018189483760004316,-0.1044198415048863,0.011909293386630842,-0.00016539459741720202,0.002447924222954994,0.0010142138004829056,0.008080301577945854,0.0018798645892449917,0.014675106145694524,0.10951784238440643,0.012736155275067272,0.015182581713635028,0.007644567087658211,0.1450357078168331,0.02104614346857238,0,0
duduk,0.018415462998604266,0.009266846506426623,-0.01883661363969383,0.012263725072423877,-0.10404244329765046,0.011690276492647892,-0.00023136660858821112,0.002550886710165824,0.0018652803024842004,0.008680944011799419,3.172494316761799e-05,0.01796021702534055,0.10833787738508648,0.012345539561342428,0.0179024805003384,0.009179789779257284,0.1421264359888414,0.024572066558031343,0,0
duduk,0.01722606450660806,0.01141294621462246,-0.018395750854243453,0.011178649456426786,-0.10325782172890802,0.010281622018207849,-0.0003554792738822062,0.0028171263643821105,0.0010435124066110798,0.008466076787413323,-0.003606382911750057,0.014901689354927606,0.10744169852852525,0.010584919552404634,0.015570122116096081,0.00843554716297739,0.14013787058708715,0.02159833455713058,0,0
duduk,0.016799079976938167,0.013332711455928833,-0.01887267798217578,0.01542103047989487,-0.1033842528162074,0.008711516079100817,-0.00028434559679045617,0.002659494199603791,-0.0009981141516477734,0.006996167981371771,-0.004379367981345363,0.00725564091433938,0.10825569606770086,0.009741110990534525,0.010149148492561098,0.005007842128914929,0.1418548835713712,0.014457607454239735,0,0
duduk,0.018688129342133188,0.015420791631137824,-0.01897126434388193,0.01587755874572658,-0.10366959730411564,0.009747048802599157,-9.273883805736093e-05,0.00260099118840709,-0.00030836779212911424,0.00522736538080699,5.802662794286641e-05,0.0053005405073013575,0.10919402112911422,0.0106486507000745,0.007343121163381036,0.002797907077895902,0.14584147121293095,0.01052884942659263,0,0
duduk,0.01870985344816607,0.01302853218518716,-0.01867285938954116,0.014329759806339246,-0.10379605589448665,0.010557111861028758,-0.0004164592032572208,0.0021917130569147876,0.0012193746686210854,0.004236458132530095,0.001786261146652192,0.0035418758805520673,0.10887967957482375,0.010012254806344616,0.005531935265523543,0.00304707868947577,0.14402065558437002,0.008058007825569386,0,0
duduk,0.017804808147142418,0.008502094442369225,-0.01964380827355581,0.01594483815443728,-0.10280015660452799,0.014880666300919608,-0.0006737999963168795,0.001481548195517813,0.0003412303965840622,0.003838735183448167,-0.0001656433658208464,0.0028841887375913784,0.10784238677467434,0.013605566875620461,0.004387772887343634,0.002531070519567385,0.1412274701262573,0.0064811216751468285,0,0
duduk,0.01722489777491828,0.007555397636128366,-0.0220519779889677,0.019104378404916418,-0.1026442455870466,0.015725679558510876,0.00011698806484707615,0.0015427170306808171,-0.0004583580919808884,0.00416701307385489,-0.0014292887442805163,0.0028336861695537788,0.10840922484451372,0.015206746227874086,0.004886703314402523,0.002437665087963781,0.14442361174083485,0.0071403012158492265,0,0
duduk,0.017950044375586918,0.010839877878614472,-0.022549319308424267,0.017794123328631038,-0.10434730583666527,0.013220011825167249,-0.00015098881614612812,0.0017651603329337606,-0.00018286166956071363,0.0037080065913400483,-0.0005943257505308833,0.0039445798050943195,0.11005262456168456,0.014573721404786799,0.005281860693928252,0.00215836926480128,0.14678858822003873,0.007830716938897362,0,0
duduk,0.01812004601506798,0.012224335877054248,-0.021532104744749522,0.014474490865079891,-0.10443483572862028,0.012480540936983498,-0.0005027974146123522,0.00169322023201666,0.0009575505998617712,0.0033923534798062822,0.0004836112895501907,0.003885045890038727,0.10962139646792042,0.013901312930392592,0.005195528631261287,0.001902688842164089,0.144608509509096,0.007517686204961579,0,0
duduk,0.0178971592881971,0.009087196877156926,-0.022239584403246325,0.01720104748155706,-0.10359723476897996,0.009939832464988857,0.00021747661181562502,0.001692006462351255,-5.152268345249258e-05,0.004095115119630503,-0.0005909497826770252,0.004484747161359678,0.10912513060497651,0.010611660430029726,0.0055924972295484906,0.002925247076087036,0.14529875036831963,0.007948872661760815,0,0
duduk,0.018246845235613922,0.021495148705695296,-0.021526649849035004,0.019701281182249404,-0.10357619800080085,0.011139334664043092,0.00044479001486783215,0.001962715641369152,-0.0012358049033262429,0.004205933460741589,-0.0005864503327892858,0.004300234606376694,0.11089707735811608,0.013880261714686055,0.0056349067237809955,0.00317034989817968,0.15105081108246632,0.008151879327570192,0,0
duduk,0.018809303479978612,0.02370125112681109,-0.020508461745891503,0.017554506430786345,-0.10420422569747152,0.011199174340907983,-0.00010034305792373949,0.002157417730007096,0.00012120521130585797,0.004974327889940353,0.00016821074247670115,0.0034058340884698932,0.11144514766335535,0.014151589407848596,0.005817648699704495,0.002620072479381045,0.15077344033594853,0.008667837914344712,0,0
duduk,0.018739616264976267,0.012880075839534318,-0.019712458314188018,0.013996631011582963,-0.10470459803195283,0.009824730156872869,-0.0007266505218131318,0.002167159802783445,0.0008618661828108303,0.005296221869899588,0.0004718212148140737,0.004795651604914735,0.10975948425929108,0.010512463844289836,0.006926913498097012,0.002964212936240478,0.1441446511801562,0.010143436015584388,0,0
duduk,0.017015300982192224,0.008057758213642609,-0.01839087878609378,0.012119761949642384,-0.10469037230099504,0.00913688458087028,-0.0008230479190014788,0.0020200025296366092,8.83938594419559e-06,0.00483995137187652,-0.0020607440256758167,0.006187761943608695,0.10862391852844512,0.009045844824655596,0.0076455034323198445,0.0034239836236354066,0.1402543719567817,0.010839294172704819,0,0
duduk,0.018227443321320407,0.00790990881121079,-0.018345272123301403,0.014447786249297524,-0.10432626206480769,0.007735336396926723,-0.00022855793184655587,0.0017488811074719088,-0.00030482866535067,0.0045113525784693615,-0.002469728921404106,0.005996389130501526,0.10869632041747629,0.008146189005863723,0.00740868505752256,0.0031988002846751523,0.14191435694449273,0.010705685052260341,0,0
duduk,0.02011713889865114,0.008330398193052336,-0.01893874263932605,0.016587644813411108,-0.1046715921751225,0.010035112336952283,-0.00019143017721526913,0.002076532504427331,-0.0008922461434728139,0.006046894361621203,0.0035522710753303987,0.008089819727337157,0.1097326168327835,0.010966742475358598,0.00938585896684385,0.005561039689595742,0.14542302082260672,0.013465357358347167,0,0
duduk,0.019000666634277644,0.013053366544261417,-0.018822026730973704,0.022709255042242922,-0.10444316734237134,0.017594942364572326,-0.0006732208302826019,0.002184754858749713,-0.0012136710773998553,0.009021794174822823,0.0008494144858295187,0.011189682477038655,0.11089821377163527,0.017723499856894507,0.013209243205385537,0.006148399756015524,0.14787535978903607,0.01873030280536209,0,0
duduk,0.01858645628686117,0.013639889124655408,-0.01829947151585915,0.021195550497207786,-0.10438779112488937,0.017159147307596153,-0.000614119804299535,0.0016846307404674071,-0.0015343352054208767,0.009722348489329678,-0.0054064259517746325,0.008131241020606366,0.1105260051132231,0.016864794318146702,0.012658444443477366,0.005823054467728199,0.14668893076867098,0.017629841662923182,0,0
duduk,0.01961287523098,0.010379054501553485,-0.018076009191671433,0.011329046364091511,-0.1049512832511108,0.009445375861216703,-0.0010683381717955162,0.0016259680166955193,-0.0011415340811906747,0.008337270519849189,-0.00223781780890446,0.014462381179391246,0.10937743425667174,0.009254539248831102,0.01437972767782421,0.008942966586007982,0.14362721983367385,0.01950520398898697,0,0
duduk,0.01951750255333267,0.00966360670137961,-0.01921275940409895,0.01110455151569573,-0.1044754517173852,0.009298672031668781,-0.0010147197703229969,0.002219853113706458,0.0017672114531497285,0.009226393247207395,0.0005509061704556521,0.015673116975173228,0.10898988556268964,0.009348360749453973,0.016308926823005075,0.008457783766579283,0.14374281723373475,0.022734133022021798,0,0
duduk,0.019374077270984905,0.009511280369587411,-0.01843668783860802,0.01819410252292088,-0.10479894458045798,0.011675816886268592,0.00044555362702691456,0.002538540282730427,0.0009975443933864041,0.008677546435285672,-0.0024694851487658117,0.009606835416862218,0.10998819340297365,0.012428331975041383,0.011985116289301028,0.006025525674473331,0.14617570303594474,0.017335972572653985,0,0
duduk,0.018632746007002265,0.01419115360577232,-0.01745828597923668,0.018503038036476394,-0.10516506347577058,0.012306726599067971,0.0007962616933793905,0.0021431222466064444,-0.0007251798337906346,0.005356114353134132,-0.0024595867672371377,0.005980076417354867,0.11057602132548863,0.013213849707064415,0.007570334043583046,0.00429368262932073,0.14619647539361597,0.010924570100529652,0,0
duduk,0.018523201954697796,0.013849778947597457,-0.017529769993871392,0.011634425265838744,-0.10345527860390132,0.011041279707273557,-0.00011397588131270035,0.0017032782428842437,-0.00044655856091493223,0.006305289595212548,-0.00024108669173072674,0.0057185585232742,0.10802345740354527,0.011411689610486261,0.007576230647198121,0.004201659701791359,0.14096022119531101,0.0106383242016757,0,0
duduk,0.02012913828089591,0.008850841794195001,-0.01663190745400143,0.015625711106756732,-0.1035958687242307,0.012687328460327227,-0.0007527864803109317,0.00153759582746318,-0.0010341836739040386,0.006608125973447554,-0.0012953666302112476,0.007092509608337808,0.10827094140634762,0.01310191917485994,0.009065271634555611,0.00408333869945278,0.14232918032210218,0.012728452343141508,0,0
duduk,0.02028454373672623,0.011654226298571668,-0.017130142473983638,0.01558173511407365,-0.10556587320363947,0.013874708289378495,-0.0005136619539558656,0.0023325478244993337,-0.0006764035228625818,0.007261013596971446,-0.0014509403519509336,0.006166972793718905,0.11057654294676494,0.013754486172657957,0.009178572132263897,0.0037353236822960847,0.14580502414867952,0.013268066983980708,0,0
duduk,0.021424328251789224,0.012517181113567744,-0.01517703114602973,0.011459743788196662,-0.10488446187210233,0.010883505802383748,-0.00011551565481911323,0.002867238046112314,0.00034219333852188313,0.007716923005195339,-0.0017055860750758852,0.006608874111279147,0.10947316079810684,0.010450132148363477,0.00999734220560318,0.0036827872643232884,0.14290080125466742,0.014507313606230936,0,0
duduk,0.02131911910951549,0.009811559125819422,-0.01484015267336765,0.019230185167272,-0.1038257925538657,0.007745274274872236,-0.00020433977578986515,0.002642760242486605,0.00022689643074925818,0.006663197321495635,-0.0013338927315398182,0.008454907002352853,0.10907466776661788,0.00887866867002009,0.010434888686361136,0.0038434989048181495,0.14421843607836224,0.014670450008114682,0,0
duduk,0.020594258427327695,0.008456149328621685,-0.016535374429321573,0.019982016206901085,-0.10417548372329755,0.007852125904568524,-0.0005706816608333582,0.0022744152356973988,-9.860650479278366e-05,0.006375043690811358,0.0004738978776056651,0.0074314973982442314,0.10952749109828253,0.009040932263221895,0.009031057940443756,0.0043844145200444395,0.1457867822101686,0.012706549001896366,0,0
duduk,0.020972674929091203,0.010863749265157223,-0.016930608313265334,0.012287090948821482,-0.10402673343037398,0.010830096394530194,-0.00011742534386737909,0.0025468903785583995,0.0007252451464663022,0.006899240729443373,0.003169739163948157,0.008782968654397502,0.10865054216655974,0.011260969522505436,0.010553746763361961,0.0054234702602528545,0.14327314164133592,0.014707110031503174,0,0
duduk,0.019755412836974136,0.012488960429727186,-0.015472950890991757,0.011495731788835086,-0.10289433349531864,0.0127144769754635,0.0010107160799784503,0.0029732725507691034,0.001737954331710854,0.008114252003075412,0.0023495927677731395,0.010314711404805624,0.10727263305204794,0.012504571965065577,0.012743073808559175,0.005167951733293283,0.14000078083480813,0.018244746106441764,0,0
duduk,0.018937216226540224,0.01120630624018484,-0.0163853684431461,0.012920773630152961,-0.103604550590772,0.010306744881408845,0.0001190942935384829,0.0031581575517910057,0.0005957343841475148,0.007770728962755181,-0.0004906878202428658,0.007727566555275719,0.10793247166613383,0.01036466581959378,0.010409298425143527,0.004608852002725207,0.14029022861737908,0.015061522722415262,0,0
duduk,0.019655682713920063,0.011523163988537873,-0.01673887654310905,0.017445557789241457,-0.10466285009964899,0.007845740514883098,-0.0002512422020021408,0.002686657677959825,-0.0039805767202832736,0.006945061138066585,-0.005982091947679184,0.0078666637893035,0.10970497255136034,0.008953675058511726,0.011759815447541915,0.005464607632896342,0.14405057985903255,0.016810136380665794,0,0
duduk,0.019555276216226262,0.010564074849987209,-0.015448918189866576,0.01818474001963851,-0.10548345602107169,0.008994596095050239,2.122155685959555e-05,0.0024763715551044552,-0.004511795345294401,0.006452005806723306,-0.010620049921930498,0.007709491075605194,0.11032516021713715,0.00975206542299558,0.014205903044521356,0.006151258703702033,0.14390556097119714,0.01970182467342748,0,0
duduk,0.017643883859974115,0.012776930638203577,-0.01657089184572449,0.012943917955289016,-0.10468603064073174,0.011628524461460987,-0.0008917418313557432,0.0027541532474128242,0.002518238049906841,0.015280657333315108,-0.009723883597663652,0.017383451648481207,0.1089844169664726,0.011407083491204804,0.02139729610095042,0.013546847843270414,0.14023904557723418,0.028715747040991255,0,0
duduk,0.018087779664005845,0.013485105452605624,-0.015449978258841437,0.010367182007235508,-0.10446316475184896,0.011765533961082934,-0.0003267181701413131,0.006282402556346386,0.004357080637067738,0.02844091644995608,0.002458922639338677,0.024348979981041907,0.10853048794598187,0.011147874534359246,0.03374553164365655,0.0177863628449383,0.13900231294100068,0.045916881387626986,0,0
duduk,0.01833477088168224,0.011373718835009624,-0.013412276359483402,0.011750848650976382,-0.10498014578400724,0.0091345689289888,0.00029447370278455566,0.00716896562366137,-0.0005148105095860577,0.027363534515525607,0.00930223530096345,0.01869328950929353,0.10865646750690436,0.008878045166413441,0.03003905226370221,0.018052640917901805,0.1381806659554891,0.040842863579375964,0,0
duduk,0.018617451881538075,0.013726367851082683,-0.0124276919109901,0.013800985051954602,-0.10431789482431053,0.009410062785947849,0.0008906354293738548,0.0048518467763457775,-0.0027565207192686903,0.013475695464706417,-0.0028681706331465362,0.01522333636176492,0.10847833748697541,0.008903856014768554,0.0189493856076461,0.009537524700877629,0.1399103686466952,0.025410864067818017,0,0
duduk,0.018794158675171563,0.01481606073191162,-0.013431104759618548,0.021221535095074753,-0.10410593881006713,0.01672130528486401,0.00039332298627368895,0.0032938794699711054,-0.00043262804293955117,0.007831033937547192,-0.005903789261597555,0.012303916428293966,0.1095826608542005,0.017502624803574986,0.01466719125453739,0.006466352801795798,0.14566489704333438,0.019558839559263942,0,0
duduk,0.018561719171265395,0.017310571726309384,-0.014560913150520731,0.03303576277171917,-0.10305774479874151,0.019198659656620976,-0.00040017577147871686,0.003319067130501039,0.00018173870130246898,0.007801675578305087,9.242649619700605e-05,0.01586751854564244,0.1118423343088738,0.02036928310442256,0.01622515158140972,0.007612460328528535,0.1546076938646853,0.02221846698379545,0,0
duduk,0.020274371337249398,0.01608201217414691,-0.011482092071208665,0.03040940526245092,-0.10296369352652998,0.013369574419298378,-0.0007441955646788037,0.0030331246553090643,-0.0006792372581948678,0.00920425205166414,0.004367703329937146,0.01464100446434529,0.1108447929209334,0.01443655982168153,0.016118439082415517,0.008132879136541525,0.15084605809630852,0.022293010727440297,0,0
duduk,0.018074645756137667,0.013260753366714532,-0.010284262824906519,0.018022733315992776,-0.10313870262110042,0.010217221885674317,-0.0018963770942399913,0.005250242904699259,0.0005233613312117415,0.01259533200958685,0.007145175430428575,0.01858260084859012,0.10745958335044371,0.01107806748803856,0.020538973496410942,0.012684180124127776,0.13905946155729706,0.02929302569319644,0,0
duduk,0.017487779658085026,0.012652369363211695,-0.011605314139311467,0.016728186143529278,-0.10333118785894381,0.01105791130956616,-0.0004332038061212413,0.005729151857331567,2.8969234125274177e-05,0.011576942207433619,0.00020906122635372143,0.020259372677750492,0.10747410494521467,0.011179303037771912,0.020423189779337086,0.012498225095425768,0.13875791559816575,0.029231859690811008,0,0
duduk,0.01721014449011071,0.010865002165053978,-0.010787939575356207,0.014231900719939936,-0.10332620238055876,0.008486249126535141,0.0006949077175948607,0.002462867610393755,-0.000830888146869042,0.005330568650603408,-0.0046211533794175,0.008816110858345126,0.10679250821191706,0.008582256730977442,0.010165582880699605,0.005529690282607246,0.1355373004445754,0.01415024090555868,0,0
duduk,0.01648079496259061,0.00943355359981288,-0.011204451238683449,0.011652599785237812,-0.10339905096064805,0.008503667963155541,0.00013933505994930445,0.0020412118297746134,0.0006395256043091377,0.00580776690056543,-0.002310395993101753,0.00508868406407607,0.10635796998735504,0.008445834557121328,0.007612722724959669,0.003328220798772122,0.13332418416943836,0.010835116086632597,0,0
duduk,0.016564946816669632,0.008091257862114447,-0.012224598557867719,0.010199687932708965,-0.10409586124178834,0.009482531395151433,-2.8929508968821008e-05,0.0018633338352637234,0.0007119502916269854,0.005471060769143005,-0.0013489255748810947,0.005534150740531863,0.10690883634898364,0.009380486709506475,0.007440257343191347,0.0032350527940853443,0.1337986351093029,0.010800994185034486,0,0
duduk,0.015219375313522661,0.007880706609093178,-0.012130454520004812,0.011114944395721181,-0.10388826705478695,0.009231751827539091,-5.029301275106364e-05,0.0017635739361180989,-0.0012168203813784733,0.005852795302186671,-0.00046954035722873727,0.006337170895255108,0.10655380311666461,0.009320360276536049,0.008149857311228031,0.00348638978652503,0.13290103887752078,0.011589581355676561,0,0
duduk,0.016950046852879933,0.01203643309375585,-0.012244338562521304,0.0126839513139967,-0.10328583588215906,0.008257022734370801,0.0006533295774750833,0.0018728225751651778,-0.0007908313210407394,0.005687187456019976,-0.002374694141312148,0.005999469579424899,0.10680595122708579,0.00828031563984105,0.008181400819553965,0.0033155366423057147,0.13595708399464201,0.01161331995277997,0,0
duduk,0.0176763935589144,0.014651523728869832,-0.013121819690688907,0.011360525474546244,-0.10329569604485721,0.0098267568352088,0.0006765883597344029,0.001841409697086351,0.0008533440700271864,0.004331192254518262,-0.004348601642931833,0.006183466073681738,0.10716653792281562,0.010340755420613993,0.008227197487435643,0.0035091427019312005,0.1371085210948126,0.011559561564038512,0,0
duduk,0.01747274864304837,0.013398141932063201,-0.013685135564411423,0.021305336554492224,-0.10377256970723453,0.010594290531247441,-2.0265674785480513e-05,0.001863741649789345,0.0033824524114723525,0.006086835941844823,-0.00011148177580375,0.008456099564341221,0.10897062560013365,0.011233911488685322,0.009491791766381255,0.005709123442772579,0.14293578818243385,0.013268705851566576,0,0
duduk,0.01930773227682386,0.012216785683834372,-0.010675707913048864,0.02484464249285638,-0.10323618651524327,0.008117699457074586,2.2915181435438525e-05,0.0019397905377155444,0.0025796158121077655,0.007607150663273046,6.710059320163184e-05,0.0094022584508747,0.10910388995562964,0.008096001870295353,0.010583966650000758,0.006603698679006267,0.14611279149310444,0.015079357056738615,0,0
duduk,0.018387516706206725,0.01352720394650735,-0.009789492904699538,0.018860783464536894,-0.10349995552510614,0.006220140700784959,0.0003781091973839797,0.0020665522131772685,0.000572274330613424,0.006780542499505753,-0.0022260859188833948,0.007425161394042724,0.10808851202978799,0.005918623848991463,0.008970614959102945,0.005438323832839303,0.14006029026744538,0.012864823903156845,0,0
duduk,0.016089591335184502,0.013156811378218218,-0.012028841271457648,0.015271238519600936,-0.10437348918026723,0.0046467478094408855,-4.824810815287212e-05,0.0019431174438025573,0.0003615981007497901,0.005073036944185278,-0.0004637194414185784,0.003241671612384639,0.10816829374876637,0.0045659115514300125,0.005646167709137281,0.002858365822992352,0.13685410701695985,0.008180078424963199,0,0
duduk,0.017899041097356228,0.013189273813742625,-0.012290578154648775,0.013752820533678609,-0.10333662049578086,0.006112638003523043,-0.00018123605178966995,0.001517835949611803,-0.00043634842559924056,0.0035280868292976,-0.000197759539005805,0.003299259497109122,0.10729195938585159,0.005927449955438064,0.004648935501137213,0.0020175308721918066,0.13702817045026713,0.006743712677349805,0,0
duduk,0.01871478167283209,0.014572129252305988,-0.010531752095272599,0.018429616928117596,-0.1032894807098228,0.00844340093627339,-0.0002049260627835895,0.0017329537669961172,0.0004303563357608774,0.0037717266427757514,0.0005190041357456617,0.003954691867644012,0.10799621687673108,0.009197643736820025,0.0052468310630826125,0.0023585825151078124,0.1403104743881581,0.007666212691965795,0,0
duduk,0.018494359830231403,0.01234582425389718,-0.01114573806312772,0.023369463434120597,-0.10401332666638032,0.011350644333304925,-0.0003833215927664711,0.0018007652935523569,0.00030181624025719505,0.004546809057445029,0.0005136622662625341,0.004260500077187817,0.10939739770780306,0.011736361640583006,0.006057210185784985,0.0023483263842430427,0.14506034166388976,0.008926152052615613,0,0
duduk,0.01774203968710208,0.01069803397445903,-0.011484845481646992,0.02291374687407862,-0.10435001846266881,0.010208656645333866,-0.00021349069092834868,0.0014676059732215928,-0.00030383058701280967,0.004208608331058833,0.0008300311293001064,0.0034076070669087433,0.10940622634309458,0.010157993905231649,0.005018499196285772,0.0026217362046588124,0.14458476758201022,0.007283033979205476,0,0
duduk,0.01764581644203189,0.011098841161393735,-0.010150751863874881,0.018911925504201718,-0.10420074545853275,0.006351315958710893,-1.2432061206243584e-05,0.0016278002597056545,0.0004756001514095484,0.003906250107699398,0.0006873211951170345,0.004895213344633907,0.10837153745185725,0.006650768725530152,0.00564465236619716,0.0032238976749403995,0.1405758888135348,0.007922006076852462,0,0
duduk,0.018242066379840424,0.009537770350295915,-0.009396811154734046,0.01529260882859499,-0.10318955589121526,0.007203889869672038,0.0004965561877545067,0.002734070160868635,-0.001431987450250067,0.006690788681574352,-0.0014131194201298459,0.007242886011127503,0.10672233875679189,0.007279526327127134,0.009226269003054396,0.004801536115141399,0.13656225541108277,0.013080132580015176,0,0
duduk,0.01643553222111186,0.012623994553152483,-0.008348302667939345,0.014912209214071272,-0.10364594386389937,0.008674997614989934,0.00025482448282092583,0.0030708399895029537,-0.0032844584667143174,0.006352661633064468,-0.0016843149539170574,0.007045196641728933,0.10705528049065524,0.008639487277702203,0.009476307158107771,0.004747787852126235,0.13542366581548274,0.013568774572272853,0,0
duduk,0.01641362539870496,0.014680734931210151,-0.010265807583102186,0.01839668496325336,-0.10419733397904876,0.007998310982484767,-0.00012581629689635904,0.002884492601407841,-0.0012723541846725661,0.00798703111324348,-0.0004987617638508512,0.0057585329329522756,0.10853783367275406,0.007988160343464884,0.009420834014988817,0.004186593940114114,0.1398616087177417,0.01353936699054577,0,0
duduk,0.017474153286454675,0.012646535717253597,-0.00885881116369577,0.018766887362282665,-0.10421147918857515,0.007169386168623467,-0.0002503477013832038,0.003923745365742302,-0.0022964996306958155,0.012777444829275229,-0.0029529471095804585,0.008849555349854803,0.10838217164631328,0.007457458263489255,0.0141965105543939,0.008221635546405042,0.13977014239382984,0.020430729888193416,0,0
duduk,0.017501334584410888,0.01155807648117869,-0.00833306694549222,0.01519352394261442,-0.1040486077420454,0.006809917594930802,-0.001224251614325443,0.003757393073949912,-0.0011901949791397594,0.01326163325503473,-0.004076737436906031,0.010595502876698948,0.10749693719158046,0.00731383019750882,0.015450269583094827,0.008992442312203596,0.13618249537210544,0.02188923241479807,0,0
duduk,0.016377044917417646,0.01461399431753823,-0.00930787645194075,0.022982808672627145,-0.10357545520676176,0.016503696245109348,-0.0012744876086267995,0.0022838281646335276,0.0012100403711111703,0.007861186717295627,-0.0010906099136770583,0.0089511785175302,0.10863862086179407,0.016948464779912614,0.010073264766300018,0.006997375452651786,0.14123033907526694,0.013957025205384482,0,0
duduk,0.018332849638355242,0.016360076385876218,-0.006341898633638641,0.029555253214659342,-0.10326656771322301,0.01890470625956854,-0.0008646867163325221,0.0015367446905060998,0.000344011040158369,0.0029358586702716892,-0.000169986249394404,0.00537312875468067,0.11030438410854781,0.01898450693244753,0.005505819894031556,0.00318356237359545,0.14859386270030184,0.007838872588635288,0,0
duduk,0.018883064293608205,0.016228302642201247,-0.007384767384317694,0.030015951017437086,-0.10419532680252183,0.014251534197218666,-0.0008387594559888249,0.0015090594911768586,0.0004235488928067604,0.0027260838305315995,-0.0009807475899130916,0.0027441765504003244,0.11139892782854631,0.014626565294226563,0.004116214375138345,0.0014100869290524054,0.15131646370302246,0.006146519162697245,0,0
duduk,0.01721919375012538,0.014401197657381294,-0.008165668093325194,0.02435988385866187,-0.10500049764747034,0.011023398452801543,-0.00025970392039113366,0.0015011995688717352,0.0004127329094048421,0.0024645195424424686,-0.0002467682437566355,0.0034745116429436436,0.11027832713000278,0.011894504799143222,0.00420344503554528,0.0016893696089493571,0.14488318062887356,0.006129715829340533,0,0
duduk,0.017134299822807383,0.010931817239931347,-0.006909733594772055,0.021250786415277494,-0.10509348070810823,0.009773910778273422,0.00017441138115000546,0.0010692094623404476,9.702861346209905e-05,0.002410184570795501,0.000452252871427306,0.003372278794255913,0.10929720309872072,0.010053056995959875,0.0039509201383382386,0.001674471054634736,0.14149307595199956,0.005692365128233269,0,0
duduk,0.017672450991202557,0.011614873308246655,-0.005322714604270343,0.027246397170287966,-0.10535498606106619,0.01248545289007694,0.0006047691657200956,0.0013345136716769624,0.00015071224946043818,0.005121291730209927,0.0007442707052605783,0.0034826061668359397,0.11094358725353423,0.012499161381642615,0.00559372259201085,0.003079485198513009,0.14738777445891066,0.007967176016145397,0,0
duduk,0.018635686575645658,0.01276695424039878,-0.006646574717609001,0.02316005163791289,-0.10488905862726128,0.01059347475337048,0.0007408770140973074,0.001691861668350403,0.002125614826565389,0.00584371154480463,0.0008785267093710994,0.0037923212759883836,0.10997167429270205,0.01019506784075979,0.006861170878531308,0.0031208667320776692,0.14398103555942707,0.009777587846361176,0,0
duduk,0.01822616396724903,0.011119960407345529,-0.00923789688259349,0.017733265448119102,-0.10425835334990341,0.008610380943696809,0.0005187608695555382,0.0019191289879685563,0.0004486051426352139,0.005822698223257613,-0.0007587085337383336,0.004162143157723797,0.10823637200871078,0.008953419496902135,0.006607794299119888,0.0034442538631481836,0.13919884658776152,0.009766639461247381,0,0
duduk,0.02007546555841438,0.009160500716311857,-0.005995833522439657,0.020766217396770054,-0.1039319620927816,0.008256146552632697,0.00021663161363260911,0.0020374545282556247,-0.0006994948124976065,0.00540568474963065,-0.002153329598356739,0.005139861065572579,0.10834345358871023,0.00898958516598203,0.007278516947091474,0.0033917835652374465,0.1416933213256131,0.010611203501178947,0,0
duduk,0.01927151309122022,0.010120201923858659,-0.0061473729387456965,0.017555715025845416,-0.10404728979057244,0.007483732797705151,-9.285291443225603e-05,0.0019126235479470898,0.0002517038331015703,0.0042099938253893545,-0.0008340295571051499,0.00817609692569394,0.10790970556209713,0.007280592996537378,0.008748835638469501,0.0034191804740472524,0.13816758632477508,0.011982122462053523,0,0
duduk,0.01751657035449536,0.011276553965989837,-0.007846076187096583,0.011388865009715796,-0.10404754257103159,0.008732335770947725,-0.00024360428260681896,0.0016588031873642245,-0.0004805008168495361,0.005623518757301972,-0.001302263122189562,0.008785709141225355,0.10701645971284116,0.008501278077200351,0.009927911415329364,0.003743185300131538,0.1326126089860217,0.013751451933985392,0,0
duduk,0.019042286548672186,0.014121620687765473,-0.006558334751330085,0.016664645362344445,-0.10413926521112513,0.009229978673090795,-2.8224418204727758e-05,0.002007664761349923,0.00017444194276995003,0.005784056503629701,-0.0016515989467393926,0.006892187796083823,0.10823142066169357,0.009706106760528188,0.00845278708276922,0.0039501685772209,0.13737216524425716,0.012263063655008075,0,0
duduk,0.01892670053351972,0.014265814123939787,-0.005021160907952396,0.020200724561845528,-0.10420849209733918,0.008141114302711867,-0.0019222614372593366,0.004635177490075467,0.003929924344880635,0.008011989198650595,-0.0022373475340935678,0.010748384974205003,0.10880825428858207,0.008685732913278538,0.012464867782075159,0.008285606613399936,0.14083649137873203,0.018755801819429815,0,0
duduk,0.018200138478931857,0.011561162506533992,-0.004883208191312081,0.01696401103041106,-0.10427125573828175,0.008666909659297162,0.00014207276254861296,0.006592756352171912,-0.0013528346910904035,0.01386135709442161,-0.0024685656248301813,0.012240310458087109,0.1079071983832024,0.008716060311798017,0.017704680953964453,0.008765233394355238,0.13715493253661473,0.025935388003221198,0,0
duduk,0.019234366855352847,0.010583024149545383,-0.0039175450613520004,0.012401658687947147,-0.10523326532869923,0.010196922791158228,0.0014542248975582717,0.004781958200533063,-0.0048213668829713285,0.010311540215472216,-0.001855156176450942,0.007912444982404489,0.10828886644433094,0.009997502143572149,0.01188947768418948,0.008837822029401164,0.13397606938144002,0.01721903827053209,0,0
duduk,0.01851156779434171,0.009238185753729075,-0.0021244014326793625,0.00970491499265496,-0.10540401212754333,0.010214721737152805,-0.0009883551823895369,0.002300157174676717,0.002615421880886296,0.006487374538006754,0.0003594836211729399,0.007752490486764737,0.10787238446165855,0.010139280455892258,0.009328617239157705,0.005253809395346986,0.13135586240823496,0.013602114561361187,0,0
duduk,0.018987627942772246,0.010270323365750378,-0.0031917480140161497,0.01110878970076071,-0.10515785775756104,0.009459248503536324,-0.000716547408822068,0.0025847412690110263,0.001046197855739678,0.009726981731588213,0.002968340597059639,0.007909960776554566,0.10799166638866231,0.009093832998182439,0.011541525910856627,0.0063114542984191386,0.13331594686054854,0.015962958078995067,0,0
duduk,0.020871398437583486,0.015246458687909135,-0.00469909956851167,0.017365055847930074,-0.10582000544486292,0.011112857675238756,0.0005414830679741079,0.002831800305620822,-0.0019895916528099257,0.007907703952515792,-0.0002052278841018338,0.0067697702055888155,0.11047215140308828,0.010169991822088343,0.009493145856884337,0.005448643224324043,0.1409281388572641,0.013165886562771649,0,0
duduk,0.0191980543927834,0.014931256777012543,-0.006200913477147134,0.020370114869756095,-0.10685806201707719,0.012574280008736062,0.001281321650767424,0.0020649310703906177,-0.0003393704315749588,0.007122419423649152,-0.0034607654700299934,0.012194061072712469,0.11169091311271584,0.011842336640420207,0.012774238632743334,0.0072616139946723255,0.1422655076671907,0.01785922279855855,0,0
duduk,0.020264992891767416,0.011961087733435712,-0.005753725464412721,0.018681765851955058,-0.10773898141363317,0.009357889355369102,0.0006491789547190555,0.00291632956637468,-0.0009349527359913474,0.008712184308584989,-0.005113530037089876,0.015478962917154842,0.11198655513185,0.00922909906138788,0.016925356881447765,0.007897156252087548,0.1430010562960402,0.02304617101378019,0,0
duduk,0.02111976494642074,0.013121786135384523,-0.004477868942619547,0.014543033549023253,-0.10853253432624496,0.00854800962408816,3.568479776779503e-06,0.003219366942627337,0.0006409191728250779,0.009774037153072767,-0.00519346878376644,0.01722021181381703,0.11242717958960784,0.007635519571797726,0.01834615197751024,0.009492640330133936,0.14230333392991515,0.024815403624452628,0,0
duduk,0.019383961047031006,0.011190399352817673,-0.006072024564549852,0.011929762326949438,-0.10895653857522182,0.010046461144499697,-0.00035963784409753834,0.0023126896511910505,0.0016016544518625937,0.008799577166112462,-0.0015129415198680291,0.016089277889617747,0.11209326006498696,0.00921278571254889,0.016160983688658957,0.009102987067003401,0.13986788263628752,0.022206171875631908,0,0
duduk,0.020864275067391126,0.015264405262462378,-0.006640997384912065,0.014567111422622453,-0.1078603660717958,0.00914672036273183,-0.0002526770187033006,0.001695796166283294,0.000898638203155167,0.006255856992605698,0.0023999791044097677,0.010100751613283485,0.11206964853811384,0.008833471107176872,0.011405763144092107,0.004396526527984723,0.14444906394493967,0.015879604841100688,0,0
duduk,0.022136671565561268,0.016518855391624464,-0.006266685625790659,0.015870073389974447,-0.10786699138245062,0.008589112193080119,-0.0006441579425262345,0.0019343697786897158,0.001240270021221645,0.005791240988769871,0.0026061428567041777,0.008297364254131839,0.11263354612105654,0.008456383001790328,0.009814174800552099,0.00420346295773934,0.1459323427222267,0.013912145670736526,0,0
duduk,0.020450492671634065,0.012221894201603866,-0.005568990327721278,0.018486544091436255,-0.10747768606561203,0.009658452433040074,-0.00032319629490930985,0.0022839021467857723,0.0004909498822235331,0.00637232519421404,-0.000899084232033759,0.009519406612649077,0.11174246614483092,0.009685934416018312,0.010348551324658062,0.005425226041599464,0.14359571806027302,0.014646877675943517,0,0
duduk,0.018409316060565183,0.011077407906828408,-0.004021324216806164,0.019493936731475443,-0.10684333225938306,0.010484237617469179,0.00028406150224720677,0.00260954672593868,-0.0005812517448260351,0.007797352051155019,-0.0011327766344996749,0.010049857756067676,0.11079045564526703,0.010178304734002913,0.011529967044374851,0.006003667287373726,0.14219916752755785,0.016183674465458292,0,0
duduk,0.018341575624797466,0.010922842122188439,-0.0044390234274498345,0.017565304948569716,-0.10700297425006154,0.010519396070247858,1.481060703552306e-05,0.004026635262102108,-0.000513087040550224,0.009741682187753222,0.00030611695322339594,0.010367944131089974,0.11059923621553104,0.010380869293649215,0.01308488507028429,0.006784214636331327,0.14135157572390267,0.018792937581760483,0,0
duduk,0.019468122046900568,0.01065831821900178,-0.005060982594099174,0.015082048215968974,-0.10648630779440307,0.009403150653202616,0.0014637685735945244,0.005393097106790587,0.0010058442201633499,0.018170823560416355,0.0010405762899716067,0.019871794499844886,0.10990446982351289,0.009542826250687156,0.023328112229481654,0.014447653206664727,0.13891920070954625,0.032808002324760464,0,0
duduk,0.020889093227195402,0.009337307938608139,-0.0033282015190353427,0.011026931608200516,-0.10663793262732962,0.009485628938845598,0.00256107793216055,0.004339944666177759,-5.211018808794991e-06,0.016906688891782436,-0.00044001452895203145,0.01931499550178943,0.10967202366986527,0.009368719715956306,0.020563798433933616,0.016044315249417837,0.13578077865920782,0.029069934302809065,0,0
duduk,0.019147352410183914,0.010757367599246892,-0.002948091909857737,0.013766603759642261,-0.10783960997650067,0.011449429937003824,0.0013148226449397854,0.0032015136589717786,-0.001670901862985462,0.007130666121315094,-0.006050963366679787,0.009643311261612574,0.11096090709077554,0.011206843710915357,0.012313885896628334,0.006517396233855682,0.13797253311906257,0.0176983275031003,0,0
duduk,0.019055090720799462,0.01286434340736408,-0.004248724906899401,0.015206125331123378,-0.1080387455005061,0.009711527567770922,-0.0002839211127424104,0.0040731851668961965,0.0008461777619159911,0.01191496185627404,0.00240829420549236,0.017381553044122637,0.11159293398727202,0.009355859843116609,0.019532696787506486,0.00905310089516421,0.14050528200799398,0.02687515971484606,0,0
duduk,0.01973639929983256,0.01174735806976593,-0.004338823343148105,0.010375616246051917,-0.10724241823860173,0.010472685996099837,-0.0006016833070446639,0.004127604843939794,0.0013181804573374446,0.010869798224695146,0.004952842738338004,0.01662107627123541,0.11028364565746866,0.009978881321450061,0.018297736752985735,0.010007997656454187,0.13627226498489528,0.025066358654736345,0,0
duduk,0.019041995531552357,0.009849747179616562,-0.0035775272663901812,0.011815798145438884,-0.10666185394239798,0.012625460730034333,-0.000269289050061411,0.0033104459542944746,-0.0011466575272125164,0.008434361885294006,-0.0033355806876782033,0.010990501870117434,0.10950785328388594,0.012401123526483903,0.012999064307392323,0.006696714366776774,0.13559718749765606,0.01792453214774995,0,0
duduk,0.01902984233017488,0.008748628868184049,-0.0032501268832206263,0.015309326255242232,-0.10597681846234738,0.011863363984921573,-0.00043043151835628454,0.0029958091518842403,-0.0012424102989653163,0.008879167353883902,-0.002824958358009112,0.010431018621133784,0.10910353711924842,0.012199491296517253,0.013231467999013058,0.005439467392349368,0.1382852339523638,0.01848544551943116,0,0
duduk,0.01897266940617277,0.009364871703312983,-0.004926568671017528,0.018792212899193413,-0.10632381695152074,0.009722983185717432,-0.0007580481792189965,0.005242969663965264,6.550731939914806e-05,0.014419926742206846,0.000637476452634743,0.013316166746635244,0.11005241516392156,0.01041967233220464,0.017984064326731337,0.009329794599323609,0.141589384707616,0.02575337268308477,0,0
duduk,0.019835439024582763,0.009598403903972345,-0.006596215516730615,0.0224976631603479,-0.10607629332149328,0.01073054933254853,-0.0006857084626764414,0.005085353314701118,0.001068324722709122,0.017634161737113182,-0.0015371006484730736,0.0176963863876303,0.11080980516496043,0.010852849078478577,0.022293209908805497,0.012328569438825543,0.14594190782675315,0.03167223839306752,0,0
duduk,0.018477134318893692,0.011836686578990587,-0.004406005025213445,0.02149587144151381,-0.10684493638055152,0.011850968669937028,-0.0006878138835666582,0.0034551240839019504,0.0009855660487687995,0.012987661548343122,-0.0007973452802842331,0.02408745249086166,0.11122311407152352,0.011945818124907777,0.024106634214884806,0.013263634155671779,0.14357795137574592,0.0325338457437313,0,0
duduk,0.018237523462791803,0.013644463991965124,-0.004663773230283646,0.01559727923926445,-0.10655088748735317,0.013660381940978445,-0.002627323210486956,0.004751541589146882,0.005038181776905792,0.011362987826760543,0.004439515348769469,0.02703799990605772,0.11015566201561316,0.01359856719993837,0.027567622133784435,0.01294675214712056,0.13808160108076492,0.03753609453038228,0,0
duduk,0.0196464623783513,0.011918254057351179,-0.005642124479943035,0.014468281163355641,-0.10547749725778197,0.013028000858424085,-0.00202858978115652,0.009170862497863733,0.0035089678369361966,0.02917135402318233,0.0076458956811460395,0.051909492272063436,0.10909558384569823,0.012607788368430696,0.05107868676625908,0.032709724764100175,0.13796490856594204,0.07144666616849038,0,0
duduk,0.020487453508528642,0.011611532229064322,-0.0054931076530093555,0.018649997596865822,-0.10619078968511861,0.009391041595986183,0.0007749602811436693,0.00870548860564029,0.000952543391228043,0.027860815463307438,-0.002932576144885247,0.05139184504867966,0.11048358993613325,0.009260728832231913,0.04723335788603014,0.035352750419191996,0.1432588175198328,0.06522227004543994,0,0
duduk,0.02060231411239845,0.011278382186284994,-0.005186514028157539,0.01928351565161107,-0.10591362588944479,0.009542961582489077,0.001289132038855138,0.0035109234669949787,-0.000295694344729044,0.010125552149749277,-0.007021295378658231,0.020980128286434835,0.11030370656658532,0.009340175938630468,0.02168055603836611,0.011479905867348802,0.14361405842886737,0.02896489037985097,0,0
duduk,0.01988052554546002,0.011040178244456411,-0.0037829769818227372,0.01621451133194099,-0.10622605062215057,0.010159281212171932,0.000730033301781858,0.004213436369054473,-0.0010020500880149538,0.01622418959443928,0.001992280861535394,0.022176660999432392,0.10988992395812269,0.01009307659174163,0.025221007145452886,0.0116541441472063,0.1386875823161934,0.03430411062001585,0,0
duduk,0.020538874856890148,0.009527847129243145,-0.005121934327536134,0.013665817345032635,-0.107557440895254,0.011560987205679376,0.001068566696639632,0.006211105792418805,0.00019035117823316597,0.021123182118066415,0.0004950974416421279,0.02134088595634654,0.11087327896586623,0.011497810337599149,0.026999204097241616,0.01432890130894425,0.13945990373248957,0.039070479466050516,0,0
duduk,0.019979501118856945,0.011281978283530208,-0.004555678864883598,0.012423136443670293,-0.10680106008195614,0.012570442084600158,0.001181959485677426,0.00599824115778143,0.0006800204020704041,0.019732117768134654,-0.008847885748344848,0.025056805466031073,0.11002581987307906,0.012551192320607914,0.027859815096251034,0.018711588832462826,0.13792219456041696,0.03957897793255547,0,0
duduk,0.01882886172900406,0.011761332472963551,-0.0038962134139920745,0.01124523693647196,-0.10561257828924253,0.011425694835245486,-0.001459921765007738,0.009389408336522584,0.0024151008990634082,0.026345809698722134,0.0033630310216056065,0.03607802809075679,0.10855867131432408,0.011464287021170588,0.03884322678930772,0.024069044514086802,0.13409335371573572,0.05387773346079511,0,0
duduk,0.018420762320840115,0.009168614036198614,-0.00475489368055763,0.01342811915706712,-0.1056163468216883,0.009142559376724629,-0.0031405187913543017,0.009083329241937044,0.0028046067044333587,0.026280215990120846,0.006831889076859392,0.030385440581189894,0.10853651253644793,0.00904848207500403,0.035220800113970954,0.02254884553102695,0.13582797471940114,0.04985268931698092,0,0
duduk,0.01783862128019502,0.008767972290619014,-0.005927619156557845,0.015732004536027282,-0.10595637781163633,0.00836803672812428,-0.001533507665900931,0.0038906660108797946,0.0006941708952453871,0.012660607132467827,-0.002684603913968503,0.01876695548229032,0.10909159035519546,0.008383808399022774,0.01985332397568171,0.01181664416800976,0.13736572163636113,0.027698850070781246,0,0
duduk,0.01833560591101588,0.008664341672909573,-0.007121272599118557,0.012609255801391484,-0.10660957953795508,0.008831440012315258,0.002253799603413139,0.004449536255756494,-0.0027988803689859725,0.008823034564768155,0.0020583627625431616,0.01425238032949983,0.10947517759533082,0.008798117547425837,0.01542394630495635,0.008820258587026598,0.13601786356567447,0.022033879499027326,0,0
duduk,0.018238184792308206,0.010121995282088472,-0.006468860621097364,0.012997801116919215,-0.10658005473315688,0.009100763825891497,0.0032746617040759272,0.004046487868730466,0.0021512222167906696,0.010800981020252018,-0.004873821630863052,0.01106677821891629,0.10956785660590572,0.008952721909809036,0.016000426382055746,0.006034028592969292,0.13616603708123756,0.023189767950781436,0,0
duduk,0.017690480548914096,0.009970161954691017,-0.0065207740022857515,0.015510666635112953,-0.10713638491630534,0.009045778228726447,0.0002033889073451081,0.0036127823475523724,0.004678243319530565,0.009790264186778997,-0.00610895488052784,0.010191884312417004,0.11031498467557486,0.009094099935926475,0.015325569171944331,0.005947735509859384,0.13803739724855074,0.021811463399120466,0,0
duduk,0.0180404749162459,0.008950473419681538,-0.004021148711416667,0.015804029755515377,-0.10739262134144237,0.008806938827503403,0.0001052867458204459,0.003560903840918114,-0.0006838158199258301,0.009799133977882549,-0.003298719131392492,0.005699565400081717,0.110433969558341,0.009129149438362912,0.011367822644075097,0.004704293456901064,0.13888841472760538,0.016678429531084386,0,0
duduk,0.017576034242083417,0.010248184882173968,-0.003228123096296086,0.017179763798157426,-0.10699096582726308,0.010659805497382976,0.0002984580457344599,0.004418189815782816,-0.0013534100760174827,0.008318547597497209,-0.0030705286008395455,0.006301658094675595,0.11024377673365021,0.011072636169710133,0.01078342639971948,0.004736692345314269,0.13992647289343135,0.015958939993415994,0,0
duduk,0.01749120938960211,0.010456971761659347,-0.00486540805513103,0.015910305817306437,-0.10744988752681009,0.01305682374533142,-0.00012914338949339456,0.004131226809220328,0.0009017790242700983,0.009063007047390631,-0.002021433564322226,0.009643874534502573,0.11058046643097602,0.013283636301908057,0.013058513332186526,0.00499278872722565,0.13936570720369526,0.01869858150545954,0,0
duduk,0.01721504554645311,0.008933761774787295,-0.003979035865993167,0.015353549773402714,-0.10807120425081615,0.011396586227697226,0.0006831815522736813,0.0030731761915090473,-0.0009330086341066418,0.011777981994139474,-0.0015299200298581088,0.009488508273953943,0.11092750539620566,0.011354515163255077,0.014552098487149966,0.005292401402174954,0.13840571149430178,0.020362055900063302,0,0
duduk,0.01658202583576716,0.0077269826803821745,-0.004109178348514891,0.015773701298127437,-0.10709367473194803,0.009578994261375606,0.0013976328283085298,0.002860190671715901,-0.0033139906286961556,0.010894268286070898,-0.0007108127244682069,0.007496662235117973,0.10986341826679427,0.009385338686631014,0.01286540798126726,0.005426971855130821,0.13684665064104648,0.0181994633147497,0,0
duduk,0.017276118818465653,0.007684777125177932,-0.0072334996134077335,0.019217763413935194,-0.10615237443906196,0.011958288598318876,0.0018521458962880142,0.0022734107240424137,-0.002344071693189954,0.008168660127980523,-0.0007955182648396121,0.009501741331902396,0.10977408121374566,0.01165283154348611,0.012085004802853,0.004930561543638058,0.13941415385699726,0.017356756153259666,0,0
duduk,0.017714158699661618,0.00885246958078864,-0.008640652603427215,0.01985905260227334,-0.1066205326517755,0.012869787951962783,0.0016665152212924728,0.003204250042216254,-0.00013835339203924546,0.009850266872072938,-0.0025379377627834493,0.01107752254943646,0.11056329223212703,0.01287643384817598,0.013919938169392384,0.006604198304533272,0.14128898427201805,0.020002444617243268,0,0
duduk,0.01858524504526027,0.009067495995681291,-0.007552124739995071,0.017210411062798314,-0.10684541097654757,0.01181436395100931,-0.0005018741707137584,0.004919504154932597,0.0026506139021793868,0.016885103708062392,0.000340825626261783,0.016007466253844374,0.11038817010222023,0.012129629328863595,0.021065851897196418,0.011169738595217839,0.14079350160964835,0.030156907235634113,0,0
duduk,0.01939906692643518,0.012612923700125308,-0.0069272052191623225,0.01960953692607284,-0.10544567079414156,0.010890110298566106,-0.001109593960123471,0.004228058789039556,0.002383648276380228,0.017087270696371153,0.001236543624328005,0.015079082304991996,0.10984651768042614,0.011565979136836213,0.02012773532449758,0.01168500777339594,0.14295986557452042,0.028124524262334038,0,0
duduk,0.018709632663465713,0.012935566581984241,-0.006675367282560939,0.01764367980694229,-0.10621637026954789,0.009044102746591046,0.001163176886985532,0.0034203059636456193,-0.0010292208149761698,0.013113312311277391,-0.000991028206867199,0.010465816416141546,0.11016718869264855,0.009772079626714567,0.014430209934926894,0.009288980783290905,0.14061434537934878,0.02050800999870414,0,0
duduk,0.01813629843058659,0.008864992690307787,-0.007966036677934451,0.011571065594248009,-0.10709553962202595,0.006848519856440707,0.0012194715048613781,0.003426602736397034,-0.0013505019575542716,0.010508509966945722,-0.0027450011409708153,0.00975261660602274,0.10986221199171836,0.007029384512671847,0.011823019662286266,0.009329722414763597,0.13664728285889374,0.017283831399566046,0,0
duduk,0.018720782716404604,0.009565418901994598,-0.007718367523136602,0.012798844075736575,-0.10610355548269082,0.008935021796545541,0.0005148932695927096,0.0021659838166205223,0.00013645726910841755,0.004520678017664982,-0.0027244575730027464,0.0052886189846542975,0.10920373357250729,0.008665547885319314,0.0063839481311289544,0.004440190905628075,0.13734287325575845,0.009205118142915702,0,0
duduk,0.018412970239441148,0.010372349104852992,-0.00801783883091242,0.014439545067897158,-0.10641217562545675,0.010264657675717548,0.0007054990576883668,0.0012073721885107434,-2.7137795595164918e-05,0.004138475044486053,-0.0010529743894878388,0.0031890675280420422,0.10976352028954581,0.009851356857670374,0.00504533103960767,0.002160055505724993,0.13869049220199497,0.007193620020197788,0,0
duduk,0.018596020254583345,0.010008787865067955,-0.009487898495573412,0.017388606249225884,-0.10628271402667383,0.009346492660899014,0.0006299809171874568,0.0011790217523787968,-0.00049798678620333,0.003947315547567101,-0.0004012096869923415,0.0028573734866501077,0.1101550032868687,0.009140881747295495,0.004687619879977219,0.0019375793708662236,0.14140373368686496,0.00670508699260179,0,0
duduk,0.018696458508798103,0.008781174606742862,-0.008827552145920119,0.018788224430271238,-0.107132519681006,0.009066503815440798,0.0002971102805917064,0.0011542269755568345,-0.0002996558833244637,0.003531280659243736,-0.0006301758073355736,0.0022897956596989156,0.11106015493225467,0.008858415759763772,0.004091270181698851,0.0016488721926688349,0.14317807810900154,0.0058522466469855105,0,0
duduk,0.018606139575645286,0.009940837970242773,-0.007873902602802114,0.017168055739317286,-0.10747425128178117,0.012467503333193042,-0.00030481284431496246,0.0012814928483426693,-0.0005847702052438414,0.0039936540571679155,-0.0013665993367005353,0.0022914634159315345,0.11116082163834204,0.012130778110446456,0.004598280563098597,0.001951988081596491,0.14213911402048082,0.006427637318585796,0,0
duduk,0.01848417081763557,0.012537342792579039,-0.006150676908557879,0.01550671139517866,-0.1073720678539773,0.012028574363310734,-0.00026492183987731634,0.0017385773971015969,-0.000220688116445853,0.0048873538330781495,-0.0018070523292634097,0.0043577241067122635,0.11094084826053924,0.011776148934392537,0.006219457151555503,0.0032007463696859364,0.1403365194437717,0.008924118975230313,0,0
duduk,0.017611870540673338,0.011496718125460704,-0.007440612983832755,0.013182280951499809,-0.10900820682860175,0.009161217002311072,0.00021088889729671236,0.0018636276443021265,0.0008763713534325788,0.005105128300737623,-0.001490545455591423,0.005614579438555821,0.11205132698883725,0.008922007049390172,0.007201354608187581,0.0034264382398717466,0.13922902106255164,0.010533345891896157,0,0
duduk,0.019382675013515406,0.015565798631707319,-0.008485737678424842,0.014758743829675557,-0.10849822595624241,0.01085824311894158,0.0003800001669659563,0.00184900679242182,-0.00022238530339968823,0.006598853071435542,-0.0014249435877809519,0.005473509306076767,0.11263696722565454,0.010284359709454743,0.00781930363929355,0.004172610591216328,0.14285746671347857,0.011503051506945187,0,0
duduk,0.021865610171566897,0.021878802950726986,-0.0077680154612484375,0.01987858911256258,-0.1070473134972928,0.011526403352807859,0.00035040407963898607,0.0016209508849904049,-0.0010065303524742816,0.006258970583192161,-0.001975646214613645,0.004340962882610905,0.1135148432673033,0.010472955662407597,0.006889278547997157,0.004218357808091384,0.15168662022769724,0.009987886463887452,0,0
duduk,0.019903000793812197,0.022133964274699318,-0.007837009476446078,0.021596146402596206,-0.10682646601139817,0.01206994446799095,-0.00027955627569174697,0.0012954797514495185,-0.000170673203654195,0.003917704303286386,-0.0014987424985621342,0.002562414144097198,0.11328194444828904,0.011353486507348243,0.004572187530875832,0.0022031487895703065,0.15073125512863514,0.006563431768069883,0,0
duduk,0.018585630636752667,0.017999269298441676,-0.00796598305580636,0.024091392659806116,-0.10669124773228794,0.012275025942578656,-0.0002998592148967121,0.001267082010938998,-0.00046146847833501584,0.0036238834549266216,-0.0009737334866304413,0.002201956700083259,0.11267352827719972,0.011937362885516277,0.004169344064592808,0.0018141894957986722,0.14682174043655905,0.006049311301092898,0,0
duduk,0.02271351301088952,0.019865494394443878,-0.007704631644934257,0.021922829594537147,-0.10627294310106462,0.010513657924566544,0.00031320346235533497,0.0012602778554154895,-0.00018281084496200295,0.0035641446172034567,-0.0013319400185829026,0.0027956968145221453,0.11291487284292664,0.009814564674383386,0.00444196069472032,0.0020253045510878883,0.1492862435509276,0.00630969986702666,0,0
duduk,0.020867254399255783,0.020920899712603986,-0.006751504677185608,0.015777049373442136,-0.1055825405474499,0.009076805816975664,0.000638276035159769,0.0012413017917748193,-0.0003856803885252757,0.0030145849730231784,-4.785071590803055e-05,0.0032799278280047227,0.1109222254639956,0.009334185369016756,0.004247066244533904,0.0019315242651301628,0.14364467328939773,0.006068846623275345,0,0
duduk,0.01903977162897643,0.017086437958321057,-0.006503589875413206,0.012808009356751016,-0.10651473160223342,0.00946047508072777,0.00025699645189719935,0.0013591188682237864,1.880921689926987e-05,0.0030428444778193646,0.00045276091574519476,0.00334580045129651,0.1104390363461675,0.009715863222187161,0.004363068588919358,0.001829198726012437,0.13904987470534075,0.006299274518371074,0,0
duduk,0.019236450852668695,0.013548791597486334,-0.0075040285117018955,0.011394622802113624,-0.10659594736645596,0.006777702810487513,-0.0006559719017741656,0.0012905487301904102,0.0005053554531209457,0.0028734659135300324,-0.0006518807800933203,0.0031226742574831105,0.10998845936770828,0.006914870503856239,0.004185406679000758,0.0017608783056725968,0.13740290604321032,0.006086875445780746,0,0
duduk,0.016642036292671202,0.008388325988737953,-0.008292859717137726,0.01270148342417472,-0.10614073979636546,0.008093225201928247,-0.00034856286995022613,0.0014044971502510453,-0.00048009947909964266,0.002949191879015103,-0.00032749983908525525,0.002257270200983344,0.10882152330382017,0.008020281926911132,0.0036050375763643956,0.0017612293138070747,0.13457362117966348,0.005336202248762229,0,0
duduk,0.0161993434980444,0.008435128010132041,-0.009724118367428094,0.010471048648174204,-0.1064089544207566,0.00972485668174976,0.0005305766010088251,0.0013449505444250406,-0.0003167255205897301,0.0031762385754734103,-0.0003571596760891442,0.00195263396859406,0.10890640325747274,0.009632202367966618,0.0036250249707562,0.0017178930078116709,0.13404783684549934,0.005416351882708432,0,0
duduk,0.015664538754866078,0.01081632083930627,-0.012689307276915798,0.011979336064458375,-0.1062792623824686,0.008864736086924292,0.0007521406914484072,0.001203537224511303,-4.2490894257773756e-05,0.003682137867695364,-0.0006562242959208979,0.002061762918567697,0.10933713727381546,0.009142991215588063,0.004105617604281078,0.0017998282451962436,0.1368710585376287,0.005891687466162072,0,0
duduk,0.016500930235710674,0.011589419562740526,-0.014199201804214811,0.013840974213262,-0.10543804374360904,0.008873436245280204,0.0005281074458358241,0.0012342557869481252,-0.00029089890918678114,0.00380017810796515,-0.0005782877236428385,0.0022947029080512605,0.10911080492310112,0.009346861460358614,0.004191688894540628,0.002046376192037553,0.13961347661247575,0.0060268627615439,0,0
duduk,0.015873834031929965,0.0095124295628669,-0.014750089622715443,0.010768069457549965,-0.10565435329421609,0.008338930841410845,0.00020037703092303023,0.0012443007947755243,0.00039912944778528066,0.0031966051989440565,-0.0004979424219631104,0.0028040888511132902,0.10876985101288378,0.008687694826148139,0.004051142836445914,0.0018718629946790114,0.13752605671067397,0.0059694217599084035,0,0
duduk,0.015227680574760037,0.008350329000618936,-0.015440459935873363,0.01105893540990794,-0.10606453084468509,0.007851631958441277,0.00016568414554597955,0.0013217592121332394,0.0007540860821930346,0.002809271022199541,-0.0003885875235459724,0.0028345273032656148,0.10907387060113198,0.008645949809453183,0.003915788826971482,0.0017146296664710197,0.13746448795507932,0.005790557122116988,0,0
duduk,0.015148789579482586,0.01328259958912035,-0.01678530517970203,0.013508234445091883,-0.1051369849316918,0.012677697377748858,-8.522168869356069e-05,0.0013739784009524688,0.00047095129620740013,0.0035037767829908363,-0.00021182806251041536,0.002532651267376689,0.10906285013196246,0.01366039172962009,0.004071550263472183,0.002027391309054551,0.13976502874596478,0.006022535951216618,0,0
duduk,0.015380804896797247,0.013955652466785253,-0.018205165116572598,0.01525491734510795,-0.1056476171256369,0.013460289278559643,-6.88544977876401e-05,0.00128258841460091,-6.604656514742503e-05,0.0049416552367571726,0.0007666273571740194,0.004350558951900603,0.1101459516129423,0.014208090915106853,0.005816311468742675,0.003379942423906268,0.14285906078853153,0.008312424001583047,0,0
duduk,0.01609640841205051,0.009066276436919388,-0.020231219294435148,0.015284499752951292,-0.10639604785524505,0.010147743755644855,0.0012538115615440292,0.0019733645203242924,0.000420326073654011,0.005774934944536459,6.872521665500938e-05,0.005493493550058483,0.11084550622346556,0.01084283739751007,0.0074772564507954034,0.0035664491533013067,0.144473984267691,0.011063105082512917,0,0
duduk,0.015644091645255438,0.008352369017726924,-0.019739497809243698,0.011932074303224594,-0.10535469055048022,0.009029028883950818,0.0016355618582451859,0.0041101856624792,0.0030943452363644203,0.00802728445706397,-0.0021404725229874455,0.009795494754914853,0.10926538514295507,0.009309224132459139,0.012279848154477534,0.006478152872458234,0.14104868580066016,0.018603841313803965,0,0
duduk,0.014961947050482215,0.010155660191358077,-0.018574159040454313,0.010105033598263806,-0.10494333943164272,0.008954177441937414,0.00018738183093404192,0.004294289462644438,0.0021108834379944723,0.009974194940035546,-0.0027190181955805337,0.012440979976649029,0.10859621904055658,0.008492249113279166,0.015805848979795388,0.0056885116896323714,0.13875486708011672,0.022747491249925766,0,0
duduk,0.015531926650405958,0.008723143359576772,-0.01941696891613503,0.01143732779638657,-0.10549903758853665,0.008177804539809501,-4.9834653248773154e-05,0.002542007084252468,-0.0019325929313825298,0.008096723793946268,0.0014768349346644901,0.01156143073683914,0.10933878241375758,0.008064223408501386,0.013170637080768549,0.006037034020552331,0.1405000659027836,0.01793498376692665,0,0
duduk,0.015795706532055455,0.02691146876255706,-0.020500945013428463,0.021668577451146354,-0.10395588014941644,0.015144988232552272,-0.00018085036540005373,0.0029319016232298837,0.00014540596367613196,0.008188473926044892,0.001787408028439319,0.013105122520240028,0.11190138712519108,0.01916413648607046,0.013952011395367454,0.007351735175004112,0.15168441726274107,0.01894116788579751,0,0
duduk,0.014755673318125944,0.027958048784775185,-0.02161811898293574,0.02107577797900547,-0.10415588265356353,0.018207036870634085,0.0007731937025042975,0.003929300921542505,0.0035627333892271377,0.011103380176028044,-0.0003785314682289081,0.012809666473912563,0.11232847674228084,0.02149930460245876,0.01594002283008573,0.007728587106036366,0.15256525573386434,0.02289926700080303,0,0
duduk,0.014490380610883076,0.01150453420586614,-0.022654981939362523,0.010970604950975665,-0.10561104545093204,0.011661419436106605,0.0017894649381939762,0.0034609663946626214,0.001311343232985581,0.01806967886996515,0.0026943941600688437,0.01151763155357673,0.11010668775218285,0.011816773821665462,0.01859106411696035,0.01159021905592464,0.14402120213487926,0.026849447682513752,0,0
duduk,0.015416591696774198,0.008662890006377162,-0.022727014045249266,0.01060718778173234,-0.10588532426076189,0.008644186035924477,0.000511331260845549,0.0030464462876210094,-0.0008750489435318631,0.017401707515962823,0.0018353527620451843,0.010698180418499582,0.11026009804224557,0.008303485219408714,0.017421754522608125,0.011153835681737901,0.14469673091893548,0.02427911829785275,0,0
duduk,0.016284268595591418,0.007486648174818365,-0.022908854992727223,0.01139837615348939,-0.10708335310895423,0.00888713813351169,0.000869396282064755,0.002935036639414052,1.774684283323399e-05,0.012000390994935134,-0.003465080700856443,0.008650637944520902,0.11154751686154485,0.008778624109609555,0.013928487476039728,0.006662345044922506,0.14639779948983866,0.01950834323504269,0,0
duduk,0.01653522527601444,0.008378623528972477,-0.02348664463005128,0.014889156907567444,-0.10753324505535015,0.008910867077058357,0.001543654393944331,0.002045111626801884,0.0013283087675915568,0.010779903701296395,-0.004169806457602842,0.007766163497901564,0.11246264670273869,0.010452731439556686,0.012163092227131633,0.007281415826990303,0.148399122814093,0.016937987638713178,0,0
duduk,0.015175251301488437,0.019319087278766505,-0.025532746293715058,0.02182522017197769,-0.10824088780504784,0.013495250733538891,0.0007745228053778922,0.0016946910051031509,0.001701731092571354,0.00904573625829031,-0.0010590153630946767,0.0047295996351573635,0.11573117922882922,0.015107881483192418,0.009004210067104647,0.005462198775897375,0.15643061424866406,0.012289249381228915,0,0
duduk,0.015150507167822678,0.029424911122848032,-0.023587966645456017,0.029406735821735277,-0.10673514575933664,0.03465787784803547,0.00014708618357499705,0.0018263665113179726,0.00100908176486297,0.009528650470490743,0.0003460464120310268,0.0028133058582469734,0.1194024355876943,0.028846725862858934,0.00816234356492778,0.005993330083314624,0.16251451454092739,0.01093947353898067,0,0
jalan,-0.0017730070349626875,1.014556042176147,-0.007593498840689366,1.1504394473252069,-0.06891205392913079,1.1166793834784055,-0.018758252707891897,0.8509927686422378,-0.4885319513598125,0.7230535195039686,-0.015681556321268948,0.6534163355596001,1.5074973141788903,1.1441865252689145,1.173812674789316,0.723790225247393,2.2529226941720077,1.726347436261233,0,0
jalan,-0.061385127222224424,1.2325328877305632,0.07076764938748056,1.4255324697740628,-0.003430938039852618,0.8652751628973191,0.19839813213934487,1.077219930474433,-0.3365045883533421,0.9712829581967947,-0.06136107389680348,0.7501752853907478,1.6601720976016592,1.2348467407775199,1.4483748236143594,0.8399515784576508,2.4232054341701814,2.1716692897586674,0,0
jalan,-0.0016824922809005648,1.321710205187357,6.465968245997412e-05,1.9120803007575484,0.09206260110206083,1.3851065510864362,0.16356420579631434,1.1702688540302508,-0.326543675276519,1.1356666312017234,-0.23181894513835452,0.6788617279151052,2.1213020595804135,1.6687351223254556,1.5683863103336784,0.9079938750707927,3.101690367413957,2.360554351022792,0,0
jalan,0.032265818752691904,1.2120105726558816,-0.035543859006532744,1.648081529679579,0.03460389287604118,1.3663912138491223,0.14630622379120564,1.0434769257023948,-0.5688996594659232,1.373577061598987,-0.18952627302476993,0.5428888616862758,1.9136429139400997,1.5351498822053435,1.7051261697007811,0.8475161441496005,2.8742343004008224,2.4710150176560055,0,0
jalan,0.060586212756170384,1.1684645376537885,0.1086548482336039,1.6194269020926193,0.0352569822602101,0.8888435829831574,-0.21510645174111492,0.9510634655837281,-0.07159182781171838,1.5755346322054737,-0.02185725702761024,0.631307819788197,1.755838417681547,1.2964083622048517,1.8163594548826167,0.7108389518725967,2.6635563190047424,2.633890345458282,0,0
jalan,0.03694402098359256,1.0794711801319423,0.026074824408954634,1.5822820448219725,-0.017227329453109164,1.0617022048327678,-0.1499013146864649,0.9377975068256883,0.20532474427293226,1.1774589449630302,-0.0342479892361828,0.7338291394818077,1.6747496849344268,1.4019035543694809,1.510798468940439,0.7518493786103593,2.504003802931947,2.2335991847439995,0,0
jalan,0.050695326258078655,1.3337529294929389,-0.10229713925640434,1.8637607329497647,0.007790464356114368,1.5249200825053457,0.22020789802858887,1.0381009783582809,-0.10026888731733069,0.8583541406194005,-0.17216414568340319,0.6783454887273364,2.031938399494215,1.849494917510538,1.3217942585936848,0.7738648202684798,3.0256666261290666,1.970246534409303,0,0
jalan,0.00806982412281418,1.4599252238578997,-0.013609719085103535,1.9308604641816423,0.04102630436791589,1.5443838526086768,0.07679890753875566,1.282188222349567,-0.4900441041657184,1.4500855940364028,-0.16329517549629158,0.57257003261214,2.2525564755005236,1.7667526713440875,1.8208124307413502,1.0006028987293354,3.3738181445549604,2.6200519086012704,0,0
jalan,-0.05969734831966223,1.1786881443600963,0.08281179044893214,1.4757934712835419,0.008436629885372415,0.9705081138672674,-0.020019240440840934,1.1025003753888618,-0.904027855390065,1.483467453362731,-0.029513751370542525,0.5088850893458294,1.7608748338616138,1.1780308392940582,1.8390168787932601,1.0420213667370914,2.6343091912722985,2.552899767312238,0,0
jalan,0.01348089056153781,1.0028365895991036,-0.013683004683947937,1.2898269466164936,-0.06661466162838932,0.8016006646276475,0.14471399772916768,0.8299395436762838,-1.0050983577883676,1.0060920164296876,-0.056304576782555474,0.5205592823613003,1.4946915019708178,1.0296038295000667,1.4920532640448447,0.8763992236024961,2.2518147910216917,2.1032791209274104,0,0
jalan,-0.019928781440346995,0.9064579738732191,-0.06106579742989979,0.9812342398049533,-0.021340955787929036,1.213276312430746,0.25668273939111996,0.9479559142989745,-0.6402942595861224,0.8984686136411871,-0.13478722849104544,0.6295722047921507,1.491427624436014,1.0071392160282298,1.39875570579439,0.7905489666404893,2.2179784571077183,2.0737285744436464,0,0
jalan,-0.015053889425707108,0.8793651991545711,0.02888639992794193,1.1439458832950937,0.06583475660667971,1.3907007779292002,-0.026281364407557614,1.1462180841295924,0.24907258376154126,0.8241499440543869,-0.04230972382580389,0.7647935752743683,1.5575659274717293,1.2533463054042657,1.472528622029668,0.6729598342940881,2.3274847483492715,2.1608576216663065,0,0
jalan,0.038054287335740906,1.0912521240465687,0.017187538179973986,1.5483192836691557,0.007977259810520549,1.1339615747528018,-0.13072902677007353,1.1339951057648487,0.30927876625467077,0.9637214327251432,0.1458249889710893,0.714096372724434,1.69097515292786,1.4098008090504952,1.581149737963901,0.5785431208697804,2.5718025658580586,2.2984436057330178,0,0
jalan,-0.015289336940371387,1.0426654656998962,0.014825467541612665,1.3284671639982462,-0.022487747965800366,0.7415135575315814,0.08043069157121721,1.2621361522433605,-0.286167326198715,2.0663162655614205,0.11784762842433529,0.7100864689017318,1.4046127127231915,1.1874013869582456,2.192661826363529,1.2703644785229806,2.1065916151786643,3.239490397636624,0,0
jalan,-0.07275462114713652,1.010431036005524,-0.02074000185809592,1.1339881818125472,0.008196946268467079,0.8484864840695795,0.11095111674390185,1.3436260396050885,-0.06507857270592289,2.0427107826217936,-0.07195231743932519,0.7289040419438689,1.411616115497674,1.0098962891780194,2.2110742344193137,1.2621448880031416,2.07072617165423,3.2659046100934446,0,0
jalan,0.007307750074575376,1.2166374210036819,-0.020363002743374225,1.8767728464718412,0.04336748072085156,1.5700124916495195,-0.06767955489696167,1.229636806241984,0.23336357562105367,0.7708867440679626,-0.03970778725790012,0.6869817934095915,2.156825756503486,1.6646045981139244,1.5233384084844124,0.5435487059518691,3.1920464413531295,2.1690106884932203,0,0
jalan,0.03671275903813613,1.2594915925577959,0.03497697790979668,1.8213497591389858,0.02001139263503954,1.6829454734904403,0.04353644381791652,1.1911165894026352,-0.4665334551920548,1.1157091009325324,-0.050771465089366356,0.6773205110762782,2.2213030165175285,1.6597933025295655,1.710595997069345,0.6253025767684196,3.328680824292152,2.4337787050359827,0,0
jalan,-0.04115846332218192,1.061828338646149,0.013806102282938073,1.1634440266032398,-0.03040849172158028,1.1145090836371172,0.013770998960926237,0.8957323616207123,-0.997612849850765,0.825953968159381,-0.1090887424647608,0.5761947593624723,1.5361489150223466,1.1586458557669994,1.534731093548362,0.674419553273211,2.343427008063035,2.2773892504017748,0,0
jalan,-0.019871214726842733,0.9584974979608897,0.032824495561709945,1.0682660173123961,-0.008917994292755789,1.1409505081199898,0.038478452026571935,0.7859211339477341,-0.4639097563926755,0.6455410556668053,-0.012688690144918708,0.6638085593407579,1.3637966878372543,1.2184074134414393,1.156967132960234,0.5847969736422204,2.076814698302346,1.7260850498402853,0,0
jalan,-0.005237878216519641,0.9791751665210827,-0.032340359750043325,1.2644213263039412,0.04848910456035717,1.2799657626449534,0.15961804739206897,0.9089276302997562,-0.18725135549219168,0.4979179347342138,-0.15505864114601203,0.6682435092846191,1.5741132087222576,1.302480619993618,1.1164741172032664,0.5890281351891459,2.346293958595333,1.6603174682546156,0,0
jalan,0.05572949424286353,1.0705311899108663,-0.03625989445524488,1.6167396753890513,0.026315974011336868,0.9133261696308971,0.1494394259787805,1.093607851895696,0.045872742115677524,1.2451728400879525,-0.12797463451321758,0.6884279139145358,1.679817798653873,1.3224684831299045,1.586307510799021,0.8484122434955655,2.4617300606157033,2.4067897612957214,0,0
jalan,0.024825502027853184,1.0702029131251698,0.0220164029230993,1.459700188966346,0.010290068376102513,0.7785161062360829,-0.14330366954102453,1.3361103807388854,1.0857486241052297,1.3383018099530073,0.24130008645180998,0.9753638859988719,1.6093507997397256,1.1256969551949751,2.2560009110090533,0.810520008856576,2.361657266541707,3.50367124952552,0,0
jalan,-0.028848022443811964,0.8376156355775088,0.04717137005648795,1.3151860508510398,0.03282681925062108,1.1207617739487314,-0.5741262494209224,1.2583410764213008,1.2520594194752395,1.2740024930192093,0.2308283878323343,1.0160781189497825,1.6514938476361782,0.967789348345369,2.3043705409214663,0.9194651837921278,2.463176583250737,3.54145091103121,0,0
jalan,0.06980012539516584,0.957719849902489,-0.08097066842442378,1.563601871732493,-0.12064581160836531,1.2821560262587322,-0.2480887954508374,1.095504832802027,0.25050291310164097,1.4106563768786151,-0.01551676210606579,0.7428981682956988,1.825748066325775,1.2904348553222527,1.6958169597976163,0.9812924429680305,2.7556443155285866,2.483135820963791,0,0
jalan,0.04719499610878628,1.2691316135795407,-0.022654686842896638,1.8459345093260284,-0.05803681774834821,1.352465462760948,0.05871823523721626,1.0942866892094476,0.2470893230194674,1.2301009746474856,0.01187446617230428,0.7339169238586102,1.9896045906049666,1.6896719005185312,1.6414533848849182,0.7700361475581325,2.9539385389043535,2.337634158041663,0,0
jalan,0.023977296357826042,1.2677583158464658,0.055631363380962556,1.7411192241365925,0.12137891128054708,1.3865511411467073,-0.004609000852788671,1.2751963664004806,0.5338561353750615,1.1638647720304995,-0.09022163677786463,0.7541008701232519,1.9749188530320205,1.6248441034077041,1.7905958052443174,0.7790252740925853,2.9063959176215817,2.618112598664075,0,0
jalan,0.007527421307885795,0.9512783070910085,-0.024946790671479927,1.2308066262377193,0.0033717325009637177,1.161156759052695,0.2411570098992,1.152314915389424,-0.8317787714413244,1.8540705156682111,-0.08849332565452263,0.6742217778439127,1.5453721600740604,1.1646886451901641,2.0089808071766995,1.38156043334441,2.323699405005002,2.9254597638802737,0,0
jalan,-0.0165959532185082,1.188634394982729,0.01979184316359143,1.3828929368866016,-0.028440205687704924,1.1121151244342877,0.36916037388508927,1.0843324123812823,-1.927777005671797,1.616755225936934,-0.12759160520010832,0.8421975255350856,1.726021838812678,1.2467123647775675,2.52325971732852,1.4056253455347294,2.543486992691775,3.644947707690977,0,0
jalan,-0.002301277075360173,1.3347273227599596,-0.02185188543430473,1.3193622710035429,-0.018945345254964188,1.0332422533681562,0.07289877855488364,1.0265011878505144,-1.9545129128569343,1.2883280687247292,-0.17578117238494026,0.8252535496895025,1.7443649111463446,1.231709878371107,2.4308356685745154,1.1494240458304295,2.5550277261943712,3.483808634843615,0,0
jalan,-0.020187957778895177,1.4421232789272027,0.0595841352989732,1.348277748735497,0.011286588406286468,1.0015677688243096,0.02600700186929394,0.8217928025922708,-0.6702947330325318,1.680539225518204,-0.013874846564088043,0.7020838038433221,1.8112649063382111,1.2613556838311195,1.8476251216692487,0.9994936643742257,2.6730390012440397,2.596239648821416,0,0
jalan,-0.004838882715385199,1.475121988507464,0.06114340520282763,1.779715161149967,0.0033690720442854367,1.4980899009387756,0.07653332689641945,1.1663604728895003,0.6122532634332729,0.780500766663598,-0.02048565427873209,0.7032216845500106,2.2324105506533924,1.599205692669732,1.55953036267238,0.6264007062773543,3.278090530967908,2.2764051394027605,0,0
jalan,3.861949808374066e-05,1.1044221786350976,-0.06544713042458007,1.5733963840549012,-0.0043740156516570644,1.3993363885945937,-0.010542804934274673,1.2540491919151233,0.2726867972085756,0.8348059378573373,-0.0937786923232848,0.5344701205975687,1.7723344977665356,1.5763610692018681,1.3901448269076264,0.8290238244591341,2.613246425301909,2.079694141196955,0,0
jalan,0.055746860866168466,1.2791728482080558,-0.028171192321486824,1.427531118476591,0.02379391495675577,0.9597260197697107,0.052193507341492126,1.1522645886164982,0.2512434333787814,0.9185531006295324,-0.03153950383375097,0.7422503377071046,1.6057461233054275,1.4125330589706766,1.4178138428652642,0.871438626258207,2.3777971020271074,2.1419323909530177,0,0
jalan,0.044283363996758716,1.2300003864866085,0.022062767885702942,1.4703620549909004,-0.07544492102138996,0.8796026167297675,-0.04431086156961357,0.9973206189833448,-0.14877504937838165,1.1964389288185833,0.14455161233332497,0.7766342302882381,1.5720977647090413,1.400118667539915,1.520500049739811,0.8599123385474539,2.3238300321716423,2.299153448444977,0,0
jalan,-0.043461657062415476,1.2516652086740776,0.03803257946888692,1.5238519013401401,-0.03152501778760182,0.8068705723248965,-0.018645876010383394,0.9071193103770973,-0.42092294905131794,0.936755399378497,-0.0005981634240987984,0.6125308380918403,1.6191125520612732,1.3770250433172793,1.2642282738324695,0.8002938064136556,2.393882388391687,1.893013317034647,0,0
jalan,-0.0453733715889324,1.5360720767259584,-0.03923820951870878,2.3779997353050226,0.07018577383532797,1.2098256105412404,0.026373276195744047,1.1455724969492027,0.07441253100180042,1.0742950427474405,-0.15933132545953257,0.6405333286818885,2.412875810508229,1.8989237084581074,1.5097510477689853,0.7786499959254046,3.5236559986637364,2.2180833337200583,0,0
jalan,0.053197965214450964,1.1574781279110982,-0.055233965403992925,2.307972918404036,-0.008836992169198138,1.2874437867398558,-0.035724905723720744,1.2286867301647684,0.6037904944585631,1.2458529754280996,-0.01226440730477577,0.6722327913041908,2.15309327977987,1.909813647633873,1.8280412561836814,0.7126811504646686,3.154828292823378,2.65245549799598,0,0
jalan,0.03979937995293031,1.1699505785028415,0.013730494895337236,1.545922159921251,-0.02409099553602296,1.063919005807203,0.05607463495173545,1.4422905553662437,0.6944398783253364,0.7970127318747485,0.19413904370215435,0.8395642969422099,1.7612038568958701,1.3265704875797186,1.766593330128168,0.8923500001857695,2.60873246281453,2.523575208510487,0,0
jalan,0.018607606421883194,1.5141896798683623,-0.03814171927333649,1.858559825045268,0.03497577119147208,1.3498875022509145,-0.16448067724754994,1.4304802091483975,0.4576932292724114,0.6217090826019489,0.1758411228608476,0.9793828951303103,2.2676554468733343,1.5420969189763292,1.7115135862606372,0.8386166643320002,3.3016741464854897,2.4879136595519085,0,0
jalan,0.03651828090110394,1.4326899796416277,-0.04021796986889797,1.7942000855234927,-0.11279093976847522,1.429130155954322,-0.24408733548582126,1.133801034105193,0.4115387635643009,0.7902789803172767,0.04537641490331664,0.8854643504691657,2.1679662953881107,1.6069988529152608,1.5916388478927685,0.6070623236218508,3.190374901930288,2.3293191890674727,0,0
jalan,0.018269334384109583,1.315074119469772,0.02789912824465375,1.3061278528700526,-0.03046544316037422,1.421866160230705,0.14412184967368716,1.2187771678960342,0.20262002641073015,1.004746727517721,-0.13970053223943604,0.7379334716736007,1.9033028624565573,1.3416411024950559,1.6062786159954276,0.7179488272877105,2.9012511330008923,2.3116061163332504,0,0
jalan,0.011787879653868969,1.2388037169583044,0.0438553622186283,1.228446031084988,0.10079846615284394,1.5855532208113523,0.12620095019588373,1.4212832892045577,-0.133632522069186,1.5416490468534383,-0.0827861354038927,1.0480719975765616,1.961318693824274,1.2978490138932561,2.159642479849985,0.9083302970916147,3.015111464606716,3.2632749724114376,0,0
jalan,0.0017627260891775508,1.2004527186317546,-0.010595865108540367,1.3148852791293695,-0.004352632367183443,1.589759488163953,-0.021176753953490442,1.3676279677133965,-0.072362856622693,1.3737743540596188,0.15209103641231356,1.0409206244346438,1.9622572980975186,1.3446686444035016,1.988305564262478,0.9364793864970106,2.9649044138642835,2.9564658612307113,0,0
jalan,0.024308449818016723,1.2231906379061495,0.019668385993333152,1.3599481200113295,0.04600628825068291,1.3958549925871326,-0.2323493250749064,1.1134049294305188,0.3189381527124659,0.8106117734599462,0.24185596138149243,0.7256984777446471,1.9019563471432683,1.281878794169904,1.5161882577514099,0.5636653937375559,2.7927878039929066,2.146454132844025,0,0
jalan,-0.018214388818299055,1.1033062587958538,0.04776219129631812,1.0241521545212922,-0.03855885251659372,1.0707789848558404,-0.15997586114195644,0.9648686749074198,0.4448091605525667,1.1513151389541691,0.12120160352650654,0.7065023792500608,1.5089616097360392,1.056842642519969,1.6561282655882803,0.47510099485204477,2.168750153017955,2.324088116976729,0,0
jalan,-0.04307700945248154,1.0677785609147619,0.01872777468995058,1.6067289248584828,-0.039706955839147066,1.3094204129969955,0.08941421921198661,1.0704825036358943,0.4862189958521776,1.2029092302507591,-0.0180020366817325,0.7087903578383549,1.790483617018081,1.4838861829152745,1.733678534643629,0.5536296511820621,2.628119216005398,2.4110033507279103,0,0
jalan,-0.06826607819005187,1.0978175961492218,-0.037640119831767904,1.9825722892814128,0.03751802247271778,1.6840787779941784,-0.06604947862374133,1.2134867416864297,0.5725354486994098,1.2253849712464533,-0.050578949298354846,0.684322519105821,2.192262178937891,1.767744007451419,1.8465280662070935,0.5800063196491879,3.297395321678329,2.6317049041708187,0,0
jalan,0.022903998608401598,1.0741645372462922,-0.0220409863910423,1.8527598972660622,0.0025758889725299005,1.6696772303046459,-0.09459956101923722,1.1962478933629968,0.6491715970318487,1.4283029302137906,-0.012139091061795677,0.7198812106447757,2.0815723550531926,1.7316718727353144,1.9715368245499616,0.705646142887688,3.164192735207718,2.8489377981165607,0,0
jalan,0.042063877603222596,1.1257617693335409,0.00973041858703863,1.7192018538022926,-0.011003354273187306,1.5056278548902577,0.004477949408009018,1.2241254242867226,0.5559420317328233,1.2180706570643631,0.10804035568276023,0.8015222391032406,2.0568709761941353,1.4894503177800322,1.8000727077913619,0.8219670105478305,3.1367874437898218,2.605973966128652,0,0
jalan,-0.03923478212591905,1.1469618642134827,-0.015156197719308113,1.715450578571269,-0.013595122100889092,1.2238064852212294,-0.10761541690696678,1.057494880700661,0.21532074249346678,0.7763239284041752,0.04303063547056791,0.7064595618254744,1.9858901899401722,1.3320556881861199,1.321887922612147,0.7179283038615186,2.9649838062775324,1.930805460413608,0,0
jalan,-0.05526039060810017,1.1180952461891547,0.02994453935259234,1.4492486076888405,-0.034130563757601234,0.7621715835133831,-0.222856502793964,0.8464812899791025,-0.0867760819195372,0.5851672404291619,0.0973261548011288,0.6970137124750226,1.6083542086856437,1.1504774634008723,1.1287570396938587,0.5702264568987492,2.3663833698691303,1.6664068473555602,0,0
jalan,0.009502114124633174,1.0825104040509292,0.015500652176705057,0.9449941301346687,0.008956597738028994,0.9280307867829071,0.1503574819264986,0.9772350836691727,0.1089378894432772,0.7552623274536783,0.03350400497955564,0.9754160977518707,1.4469043900039238,0.9010103481982327,1.3725945466608807,0.7808692767992295,2.164820401548413,2.0798580280835877,0,0
jalan,0.08748808365104291,1.1003447955134187,-0.05147864535690492,2.3453597852181356,0.05441874609752159,1.6941533561329971,0.16181416613161465,1.180774752414853,-0.02393504325794424,0.9451144822193138,-0.18199288309520767,0.9129952954926844,2.3055307040862774,2.0556903791369145,1.565815508372162,0.8396249859298045,3.3756957399392786,2.4077542465852737,0,0
jalan,0.061255592056664476,1.1901334104049246,-0.013739900898160651,2.56284587161294,0.019437038748061766,1.6357608056466444,0.0076000813678997695,1.4285546122152601,-0.1347638453038279,1.1269850560600674,-0.14785628072564172,0.713073578062993,2.494477379141936,2.092702145301434,1.7472042241631065,0.8810588689250061,3.6348295197690472,2.616853473649852,0,0
jalan,0.012996039083568606,1.2543905167405052,0.028807274748849337,1.8801899465998684,0.010434666386395626,1.1429464702166812,-0.000666474490534017,1.4487319913391508,0.35912882964155446,1.0400011410511751,0.11953897088587646,0.8136573165807462,2.0838164608315557,1.424746537490131,1.8158070533719848,0.8103800118975023,3.073888057110975,2.666941887243157,0,0
jalan,-0.06057256704406107,1.1260287822916661,0.00016009864315703616,1.7863333216372004,-0.03888194306548347,1.3142984598316905,-0.16736104259657417,1.179066268700853,0.6921306349904148,0.559463877460052,0.15785979050093255,0.839933292367111,1.9002793546075867,1.5949934794694736,1.5838534151078931,0.6419515612007319,2.785977058218961,2.330027998430499,0,0
jalan,-0.008445565321185384,1.0446687450919507,0.03203556362114849,1.7288381677283022,-0.00670947575753424,1.279831893605669,0.0026014213106709174,1.0587452209496182,0.6909663610354788,0.6577107507023346,0.06102788714768961,0.8055131200443573,1.7481700461845242,1.6224579638214942,1.503147339320987,0.6372813605692548,2.520095359784567,2.2071549065279386,0,0
jalan,0.045568960819857424,1.2331166234363131,-0.02818260721529831,1.9791261148081962,0.026791531898671513,1.4004702229234853,0.08031869268298955,1.2230584100873043,0.6355002468079062,0.69630875612919,0.04570201170257338,0.7115425103920264,2.1273494634683487,1.6825960372435182,1.573719369426524,0.6340092674263625,3.0733433351074417,2.2273623516731185,0,0
jalan,0.008729202496447926,1.1047797044768173,-0.06357702942985707,2.091934825324312,-0.006000260314740344,1.4934877332929766,-0.10784120359540963,1.342957166343085,0.1653693763661616,0.8494302966416771,-0.03861808311462283,0.7787502043294579,2.269096881043226,1.6219194117262203,1.6667542386131948,0.6051971077752606,3.28780131114862,2.3837438130617996,0,0
jalan,-0.02562251184492708,0.8742233173724904,0.03550070569827636,1.7131454465518068,0.07187379524908726,1.225824494019726,-0.14598062889613383,1.2410570069616662,-0.6713589013431832,0.9775164481830951,0.038904101728564754,0.8719602070758878,1.8615209006070388,1.307161400576088,1.7945730709722014,0.6938174949837732,2.7470434789240823,2.6875963367092077,0,0
jalan,-0.012704059951634256,0.9974821527114012,-0.06575056624726368,1.2231404092017353,-0.08918316505834097,1.0306357168181466,-0.040097947791761984,1.0493827081678173,-0.07571912121152787,1.407940198209935,0.02245095879577609,0.7804655037291152,1.521955469143422,1.1072808958506875,1.7952763785840624,0.6670664047834528,2.3144765854510974,2.6679743644078053,0,0
jalan,0.0010837101695467344,1.1244992192589227,0.042657891681564364,1.9770955049348264,-0.0703528585053919,1.3259099431724048,0.07348727655129107,1.1390224088513212,0.744849435805044,1.0566363558050043,0.00861077285389089,0.7711198961487494,1.96298469454816,1.7452936333365254,1.7975198757535875,0.557402934177748,2.9400697699675304,2.540226205378744,0,0
jalan,-0.008524225944429906,1.1112427973539771,0.05793577712032503,2.289732117665865,0.07293266898577433,1.5021964256818765,0.02492790488454208,1.268135627232112,0.5603034176158261,1.004943874021196,-0.02396220235962008,0.7604766195762804,2.271721227347229,1.8789142589417958,1.7814314192055627,0.5560306705026782,3.367464983882736,2.515616417507298,0,0
jalan,0.04144878116647629,1.0006165415224129,-0.06471378099822268,2.154547707139964,-0.03188438007664793,1.646095422269678,-0.04762101419350242,1.225539346704653,0.30052390028561804,1.023984221280666,-0.02603304685829152,0.6820858109524253,2.2735971348974364,1.7715736847434072,1.6626088143067457,0.5636874812179777,3.359748913353278,2.3894711101959,0,0
jalan,0.03852078439136506,0.9993103530366636,0.02187308089221133,2.1237284050817706,-0.011404625913544027,1.7408412249950358,-0.004899561535120044,1.1475710390239453,0.016436418018038877,1.1139232447055547,0.051296747848208,0.7075484076685168,2.365659208748145,1.6995919979872343,1.6431977598452603,0.5778853679247978,3.515529997316979,2.3611658309611023,0,0
jalan,0.007015992566545196,0.9075377457068158,0.012495327588567444,1.6819705304402568,-0.005456724522502046,1.5125026482225745,-0.12589533776463246,1.07242452390348,0.41778336551980366,1.2635860338462281,0.11134614857593843,0.677285728462928,1.952592732381662,1.4454832129839208,1.71257689375938,0.6691441140368773,2.921768713011918,2.3802488696548094,0,0
jalan,-0.04864302429925513,0.9913762392385886,-0.034396170579445204,1.422155833438669,0.017978012034318015,1.3966509149915691,-0.2197133012994891,1.041322003894718,0.8264732535276552,1.0291610875722175,0.1082315311172043,0.7504170145254357,1.7306126761361642,1.3909084948835158,1.7001850855630543,0.7330577793743678,2.5547856486684664,2.3583153719552716,0,0
jalan,-0.03999926462173959,1.1488051921470563,-0.09380006197850915,1.6318612280984015,-0.10342696970073714,1.3734462918126025,0.034367635831420607,1.1336295131247796,0.5339363511227934,0.8894517553232718,-0.05421880604212152,0.759859614340303,1.8928931887213807,1.5070337676879075,1.5160010760843925,0.7901158590066792,2.7776077679181825,2.224412039285814,0,0
jalan,0.04701645437134397,1.2020737303630318,0.07629524047264057,1.620278676307203,-0.050160884343046934,1.5604014586326371,0.14778595465840164,1.029369832310072,0.05506316336050247,0.9969528022459407,-0.04740174970793296,0.7481453776101933,2.014698380755078,1.55427843672729,1.3737014904081255,0.8570386190624766,2.9855094734287473,2.0587690674130172,0,0
jalan,0.06067534140035311,1.115142285016925,0.0519531912987919,1.2721162964240458,0.08249188181700846,1.3994829783701,0.03110080891940897,1.1535917686681838,0.15192961705722116,1.0844608228929022,-0.12476502762466542,0.7608716189359366,1.6871937406254691,1.399398813764593,1.5028668387679027,0.9188842393535203,2.5158114587493476,2.2634658748555596,0,0
jalan,-0.007261527724607396,1.0239198834672645,-0.03354934644301376,2.0730267063238657,0.015741904246925217,1.4444506733192246,0.0012565796840557663,1.3653181053917922,-0.04633749412353083,1.0491181717630211,-0.15270916037364043,0.6540817337031499,2.0569910224024746,1.777576529848941,1.6225104610934935,0.8712978601207603,3.0406531017391734,2.4662143667743193,0,0
jalan,-0.05392003487450875,1.1250920061346492,0.053545928115109546,2.1828438803872414,0.06483650270213025,1.4118248277934227,-0.1386267363398137,1.1761534427572644,-0.5555589691061942,0.7558343255679254,-0.0042323120333517894,0.5951403642941971,2.250619482771634,1.708073561177056,1.4102000572412643,0.7945160575291055,3.295403237688731,2.1305266592629413,0,0
jalan,-0.020751752947641693,1.3049114332359293,-0.03868106299383269,1.1637330252010285,-0.06358655291771065,0.9159493969525051,-0.15692332608185736,1.1566441551148625,0.24886628874372438,1.0063178288776229,0.02922968431556059,0.7291305359322156,1.6120367637665398,1.1301108219411078,1.5506941350200776,0.7358584079472972,2.389832359990764,2.291986062782878,0,0
jalan,0.029129877480807264,1.3874103639030593,0.029483910987003252,0.9831608068715788,-0.06245301322407692,0.9486556392100627,0.1793552375347381,1.3025078115676088,0.8840970116231454,0.6428437161341007,0.11894644624392527,0.9854755724819052,1.5922891855969545,1.1118185070903577,1.7937937776296007,0.8167287216154695,2.3670286254352044,2.667847630399699,0,0
jalan,0.05202927018352119,1.6210920541679958,-0.015211572015525482,1.5850746925564299,0.04877496199131313,1.1054131919046255,0.18822155946677582,1.5799322767194173,0.7567648297409869,0.697681990709829,0.023285267744874102,1.0365798079377169,2.0648620365499193,1.4356142394893612,1.8983674960438035,1.0159002752050694,3.0444445441226367,2.8452521594602977,0,0
jalan,-0.04410412836383637,1.6528773148229121,-0.1088934620251308,2.062493165437166,0.028870226938094087,1.4438582033177911,-0.04181036390486411,1.6540526123144466,0.6803547430385936,0.8376387354396867,-0.08048740354186058,0.9529097464114562,2.4777051148580838,1.6983401643700045,2.02092241081883,0.8342973441680974,3.6949919347468194,2.960125857218748,0,0
jalan,-0.05186076219290433,1.5242839131495138,0.0005317529035576429,2.0132146644700564,-0.030235680457370667,1.3619742698843182,-0.08379103177715166,1.3815954678192184,0.19879732984908965,0.9943189383822425,-0.043282239971697355,1.0347062182160542,2.3733430352228444,1.5954420600951367,1.888254713881065,0.6445741038841574,3.586803848034078,2.7466507548995027,0,0
jalan,0.011517991693898994,1.5182000406456504,0.039356816767995524,1.6349758060919326,-0.023629408693152127,1.279134220108069,0.040844810204007535,1.5695734704527704,-0.39099491812389675,1.2557410191313396,-0.038992065429519294,1.3089293109516718,2.1841339868250236,1.3408566862964144,2.258950741173538,0.8700471128021592,3.3800611463019465,3.4564223955820395,0,0
jalan,-0.02937589533832881,1.4433367415323428,0.019031859229862728,1.685782161803862,0.05477332752427083,1.7377583022432115,0.10056419933069469,1.6189523365267597,0.080827897826615,1.4586596082901562,0.10585860868101615,1.2149379110863812,2.3598630695887324,1.5244502453311248,2.331093851961248,0.874079468306634,3.6043601569994634,3.4822601619766766,0,0
jalan,-0.01956134449133204,1.385732244169468,0.0041364602779592865,1.9141003440720334,-0.008263412013696214,1.6883503421524653,-0.14713149345939075,1.3320170707969348,0.7080913722678798,1.1755791786847631,0.2171274431836552,0.8760002020837216,2.4185401846125947,1.5895322559799046,1.9988710581553668,0.6809795390208535,3.5615782571261216,2.8383458917894506,0,0
jalan,0.016927124630624017,1.2982628709111605,0.040094661264740816,1.9618952876048144,0.017242641499946417,1.5358681398387073,-0.30926783502356975,1.121110936967613,0.5255616324413652,1.354794234485602,0.09151856809648948,0.836710895855011,2.2596776105191605,1.6546612927090665,1.9431512337589067,0.6021161383394542,3.3422696603403974,2.8092517633796086,0,0
jalan,-0.004447333982581128,1.4602567276443814,-0.011376716186212188,1.809519894773533,0.01972806480003234,1.5169902847812717,-0.20325934105368823,1.232591746029225,0.24921668470568092,1.5828881509443564,-0.029448612309065862,0.6892451760210847,2.236834951823462,1.6292774542759354,2.0503139768329417,0.5991412997074349,3.3815897403447344,2.9202523788364396,0,0
jalan,-0.048834487249001884,1.263770220486161,-0.115838534159304,1.4603834112849108,0.004732113390265775,1.235030433517438,0.20024152602779088,1.4799826014325923,-0.7669716520970483,2.124891256134773,-0.1310143939755362,0.9219010962431812,1.8754852395624106,1.3107806994311475,2.4826458856444606,1.4077115228185793,2.840526681216881,3.7022122619337154,0,0
jalan,-0.04175065179240277,0.8217735385380338,-0.04123248734872613,1.8434031813006386,-0.12361023153200498,1.430131231198133,0.17431887438568874,1.3445868866800106,-1.3939974447364036,1.547478199741845,-0.1607624575876031,0.9523621517468328,1.8297310001801617,1.660090767695175,2.212602242183373,1.4779019427004947,2.740283065589429,3.41403601831608,0,0
jalan,0.0008974582124814246,0.9078513796964128,-0.02398810327491315,2.1918230298035186,-0.18832118381474244,1.570983050593564,-0.03151020475618116,1.315578706527597,-0.668444034634819,0.6909991453878643,-0.0890613389061161,0.7105768733455177,2.121281432132902,1.8940399755439912,1.611869167475017,0.7410306826848578,3.1452786008540143,2.3764003819323216,0,0
jalan,0.0028368804960876015,1.1641288938742964,-0.049066296181124576,2.0611473933030653,-0.05058680066003831,1.4583031072076513,-0.004573201337345036,1.6097131937990607,-0.332893384804159,0.6150663641689935,-0.08246467437041574,0.7730589291213951,2.1767430992482693,1.7173020120081601,1.7003437954028073,0.8749618134368772,3.2147458393300132,2.4340689433316918,0,0
jalan,-0.021005768029491296,1.291436540395293,0.0454756670779921,2.3991614695164594,-0.01822113465579881,1.960118938444918,-0.16266600814226007,1.79953636625571,-0.6228248538271047,0.9599593807221537,-0.06051322040750404,0.9297937978087324,2.646913743140708,2.047388276885119,2.1159582465667603,0.961311989324683,3.945008884553163,3.104642898908427,0,0
jalan,-0.015649921067903746,1.7112412814707079,0.09671202869290539,2.3640083487326744,0.0029520244948119155,2.052341231550657,-0.2118245845263253,1.6857946394038699,-0.4697329591603568,1.3439734524772855,-0.009361509839213928,1.1395316368379285,2.9659329831491292,1.9629253705332106,2.2267291394474995,1.0984457513207309,4.36795761196748,3.3769991067166427,0,0
jalan,0.011793270686033515,1.9099267035820156,0.14563917230219142,2.868192871376657,0.09021007703642617,1.721110516491203,0.033143165004528574,1.7160961897334033,0.19380434149277792,1.469965291519318,-0.08359705138049899,1.231100699667081,3.2583134002732965,2.03531635693632,2.2747528977808598,1.200305266887511,4.703184727045849,3.529237419694255,0,0
jalan,0.012472024027355538,1.5607006115768067,0.10033564699505712,3.4796542687353256,0.1904745143078842,1.7088445402379282,0.09362372311453299,1.857675648599673,0.07668480103589731,1.4654678058158692,-0.11352733119705997,1.061911694481985,3.3269773141176255,2.5160125335072405,2.329437588157486,1.1282434630010223,4.796613309108948,3.5732035452644966,0,0
jalan,-0.0362644600295337,1.4326851601671848,-0.0487212417798554,3.156539668045813,0.0620458465798513,1.7506366132907756,-0.14163587752019102,1.6664761513609994,-0.6306774074127821,1.980390051573409,-0.04444977407787487,0.9597406049393624,2.9477833387832284,2.5122647356713412,2.5036368660252593,1.3087045766402459,4.264227507536865,3.7862461538138654,0,0
jalan,0.025286793643260516,1.263906210456062,-0.11475830872002932,2.2797853068501017,-0.015974697031987357,1.6261407504559946,-0.1579807405453654,1.3947435264423547,-1.0042263527003805,1.968503368591264,-0.12932234713082386,0.8974899095801449,2.378728484494187,1.9333689748183789,2.40181174039848,1.3636693806605975,3.5040562555861783,3.5209384714782352,0,0
jalan,-0.04304524569191367,1.0745886544180367,-0.08361458973354358,1.9300655732982053,0.01224402973948451,1.3891923978566514,-0.11430588276484309,1.4449393981002965,-0.6892246347509069,1.5508912408279516,-0.11153143106300824,0.7624520091851779,2.085707308258659,1.5571507101937396,2.17971417133467,0.8836814231453518,3.0987697947601847,3.101766518605259,0,0
jalan,0.04980493994620101,1.3915774162233714,-0.05988667641313576,2.2726668196508815,0.054325599016689985,1.824501452670251,-0.1254121944772902,1.6347934841463396,0.37153186292788154,1.6702782608170548,-0.058610097525235806,0.9139339033993357,2.542196040114703,1.9777198794552384,2.392741140238039,0.820610122455211,3.7456356554484143,3.4572425793103254,0,0
jalan,0.07482550807204172,1.4228015193696186,0.023479814397223443,2.00569497943149,0.05478250596169374,1.9745797139105807,-0.006378323936679555,1.385619733048111,0.02981456451146196,1.9020558491467925,0.055229818135018344,1.0312511071819963,2.5533282409248894,1.8357687186294278,2.2979641539139823,1.1275098341846694,3.8148639552948596,3.425803242670421,0,0
jalan,0.012259504133789113,1.2888667621724572,0.06673576499775762,2.2798916793669446,-0.04804824270000948,1.9255775186894586,0.006913282043209331,1.3335757927832348,-0.4401283753061731,1.5639467305884753,0.14894999894246402,1.058674539754979,2.5906970019008497,1.9479242235002663,2.135958113429929,0.9771758507695372,3.898250614489947,3.190363294920078,0,0
jalan,0.0753338226118459,1.2450491750530808,0.02999352010333249,2.157233605961936,-0.025161037443825217,1.7285573708837856,-0.10663475685729029,1.3665614806937707,-0.35314177162263327,1.1946704533351793,0.017806966856339975,0.9274048378078333,2.4166128474318542,1.816586857936778,1.9510902349059316,0.6688626682417179,3.5796230163044647,2.8434824609479756,0,0
jalan,-0.018957041887916123,0.8845604697572008,0.034296634316789865,1.1459227346869318,0.0028118132747168545,1.0018083932355304,-0.12089944715168453,0.8809251871918188,-0.7313296997381105,0.8554378107404157,-0.013846189754561911,0.641795662592032,1.3734236019490433,1.093352400886741,1.4287286506265893,0.6426693266835994,2.0220566080162645,2.102487299188318,0,0
jalan,0.026090742058927835,0.5183225046956166,-0.020941095373307655,1.07480520678482,0.01142294561618519,0.8664106158932334,-0.013290718371367128,0.7021986904660535,-0.4076693538834783,0.5421288124891586,-0.07998833167904408,0.6052044891393872,1.1144810711677908,0.9597812096339114,1.0495254988551468,0.4638353922654765,1.6035791441765566,1.5755365251954299,0,0
jalan,-0.0024595569120953913,0.5351080061708452,0.0032172392287246596,1.2495651791022797,-0.006380118665873197,0.8606021962074638,-0.14699262735634583,0.7753481139730806,-0.23868817668344897,0.39218886752856935,-0.12432658218789103,0.6259075538688814,1.2635900213426974,0.9877549897528667,1.0084872438136407,0.4630369198120175,1.787964067057037,1.5388644682301433,0,0
jalan,-0.005819742495550896,0.597153224224999,0.0002465096426567703,0.9153893213703197,-0.012308862835328576,0.5842078744733693,-0.018540416160594403,0.6570960233394378,-0.1931478675534947,0.3204906401346572,-0.013069134822399582,0.6504639150612428,0.9997900279640405,0.7254921544457558,0.8979481607066714,0.42584029876129165,1.4427482485714673,1.3134279525435815,0,0
jalan,0.01185365555575852,0.615092186695253,-0.028172727727686933,1.1051539193843636,0.01265605608375889,0.8731336664379131,0.13051841475468767,0.7626518816355937,-0.20014706957606296,0.3053586142391688,-0.08812473335803452,0.615304930862817,1.196761580272793,0.9573223551622074,0.9503252006020135,0.4547049240087647,1.7423563505977417,1.3923925478148391,0,0
jalan,-0.0232808529820265,0.59320532631184,0.024940161735199265,1.2913586244488795,-0.05183499087288772,0.8499384539829752,-0.18146325602273106,0.7779318511414332,-0.4132401542901687,0.36412269813112264,-0.0728783710531383,0.592167694339134,1.2581028125735856,1.0709687252701778,1.0091915086649386,0.5203744940510464,1.828818681649228,1.5121817759112763,0,0
jalan,-0.028188177830747552,0.6611320429566498,-3.082969717099593e-05,1.1478512920753066,0.007295828758607486,1.0171585131595366,0.004449176144889503,0.806326479201101,-0.16934595076855513,0.5588167374547756,-0.0922557339333015,0.5356951139466001,1.2114119886830628,1.1435836411530127,0.9375613328124373,0.6317375655206434,1.7711701840977048,1.397653653423892,0,0
jalan,0.03025505996825195,0.753615852913154,-0.024944712405070412,1.3952467561511661,0.06547379987200329,1.2303206109694773,0.16280554308450235,0.9996111753870611,0.15274058674628135,0.47566690585123683,-0.07012245427418731,0.6023717939058542,1.545112235031677,1.2738664540568032,1.1189622297927486,0.6155608193615404,2.287119846729371,1.6474689179141135,0,0
jalan,0.02437061414059361,0.7291018415066195,-0.01043626929035978,1.2160408013183364,-0.060985206549956004,0.8743495381073774,-0.006574690358513837,0.8633689960632105,0.7032425540650533,0.6105047185422579,0.1370507897470077,0.7204180364409355,1.2488995039651807,1.0971752477838916,1.3663038178958375,0.5196570865350215,1.8468067273309359,1.978096150162507,0,0
jalan,-0.0007757873425104933,0.6069176684653343,-0.0152496551928536,0.5069588632563526,-0.00756299136440325,0.5811017773255109,0.10915758201413127,0.8501065213889124,1.593643554989281,0.6571153295721249,0.09409669315532673,0.7835285672645615,0.7919308000368842,0.5743166561815264,1.949509822561261,0.7181594604717371,1.1763426597537763,2.838384074500592,0,0
jalan,0.00577368037176036,0.7401402936456168,-0.004518499137121378,0.741268204184607,0.04915842505777037,0.8768697110180653,0.1529455958734886,1.0840381090453788,1.3162107745700553,1.0034223500757953,0.16354353921213888,0.8552340671430017,1.1265421217863927,0.7660062892239373,2.0599343112596267,0.6540521876747241,1.6848452883059022,3.0692358530882715,0,0
jalan,-0.05652369794866167,0.7160269644361082,-0.004920763267156054,0.9097771604109179,-0.07163655641441286,0.7949510263055098,-0.11489885791961829,0.8857159085152552,0.4335148251442671,0.986138052490135,0.2122979653795257,0.6836678253824017,1.1591264241255934,0.789699942237676,1.4724700722623931,0.5319662041648437,1.7124855387768005,2.1283315305984307,0,0
jalan,-0.011450842684710121,0.754938239980496,0.020412420983807866,0.80932744847728,-0.004761400381790523,0.829509110097842,-0.053623644067227215,0.8316938102999942,0.46667561460485607,1.0237562436225036,0.043041352687584224,0.6622285490203007,1.098743995118097,0.8331695847271378,1.4552593750996539,0.513739552342514,1.5842787887669862,2.0524039722531167,0,0
jalan,0.059440495163034644,1.0050538131448077,0.0359626491796479,1.2103821937637727,0.06135224006026567,0.9320667333440197,0.16968912994036814,1.191350119449646,0.5118960774231386,0.7993375840231656,-0.02401864657147058,0.7417215555278291,1.3962664821783057,1.1761510778008375,1.5272212022020104,0.7394556902368309,2.047965237319389,2.2658772872031867,0,0
jalan,0.03520270528352293,0.9975120677961095,-0.020989302909554333,1.7216612197329795,0.018644594699443743,1.1109692852109372,-0.06141685879801631,1.1761366884443485,-0.08628080856692716,0.847256617689839,-0.03812597377818577,0.6196078096472096,1.768673323533448,1.4267603007031258,1.382358286858736,0.7534165533022692,2.640297173333388,2.059944687396575,0,0
jalan,-0.004550852699208766,0.8517379641855518,0.02168783584509848,1.3899447790720054,-0.03895315095641935,1.1894764248623662,-0.09159274174342472,0.8381631294807236,-0.14002876755916926,0.7480600608106779,-0.050149817230074854,0.6274728454801253,1.5554689011016976,1.27685715400982,1.156685039440062,0.5789812833664116,2.328583800097899,1.6976829123929593,0,0
jalan,-0.03661089521664695,0.930981528820339,0.024473532241316934,1.4093128103259036,-0.03330984563435673,1.160527811378351,0.06786010128165605,0.8744866386305252,-0.10773612478581286,0.5639400269807555,-0.1962319734605301,0.5939247415696574,1.531031522461841,1.3546434171516255,1.0935263952934324,0.5318785951883254,2.286037784990439,1.6010936903519746,0,0
jalan,0.0016186985851376755,0.9393995818589105,-0.01712015242815967,1.5550135616456942,0.05806917359007046,1.065295309823088,-0.1964397461847504,1.0442108505642969,-0.8985045652188676,0.891479511110261,-0.19491873606487778,0.4508347010163661,1.622116454256552,1.334637573284061,1.5180084547197223,0.808429691230807,2.4279887999370655,2.179340304982732,0,0
jalan,-0.18372112771938676,0.6621799295115105,0.037782215146312116,0.7993754546469439,0.17308519099828257,0.5370626587084915,-0.4078807690075606,0.7638942069711282,-0.4802367708391753,1.252654191141903,-0.05183181469627806,0.35189651015973483,0.9136691135826425,0.7671333638415001,1.3657061192522237,0.8923187172239319,1.376396740744465,1.9414041458202582,0,0
jalan,-0.2815263136838124,0.4663458707677308,-0.027561104417610328,0.19424370495146587,0.39896862103409947,0.33007935224492513,-0.06653302522449554,0.6175974811836159,0.20393094048068394,0.8009840448602725,-0.07806611452883633,0.363293626535743,0.7015380647165209,0.32961078409505734,0.9193379330642523,0.5948949992102703,1.0080301858743694,1.3924976639030364,0,0
jalan,0.2845767950347571,0.7019641704377096,0.026415427578850084,0.7381734235890842,0.6520373576893554,1.0410191214823232,0.10600323125078115,0.734268487489721,-0.4354264548526252,0.8196076479470182,0.20332635767385288,0.5164329765564044,1.423312099991444,0.7661908108064586,1.1367637431704354,0.645713535987648,2.033963151271682,1.7606548809068678,0,0
jalan,-0.016724749528654142,1.1955460988280417,0.22757401347903147,0.7848373983112922,0.3646664151666921,1.3141204227587773,-0.2803533572532296,0.5799292749458508,-0.22747197259562213,0.9365193632377236,0.087986301268766,0.5469066173684753,1.8781104896072494,0.629448056072859,1.1705844728888946,0.5175539602611002,2.782892522356586,1.804121188877206,0,0
jalan,-0.5198863889795701,1.4883735984594006,0.05541315734011554,0.7747737231481999,-0.1347372858888998,1.2398891335396303,0.07879182413177689,0.7368387961426787,-0.24445667003230206,0.9735910283383313,0.03304380100271438,0.5738387491712906,1.9909017214551639,0.8022340950123859,1.1869359588009347,0.6817557039395253,3.028141732970445,1.8776241469527932,0,0
jalan,0.3012363085218338,1.5583479451750777,-0.17752860253571598,0.9882185927661048,0.2961751822579788,1.6033387749967463,-0.0070215542872717,0.8411443617889992,-0.5750247678927505,0.7749817123293217,0.167005763287306,0.5612339421793862,2.312413408692876,0.8868774080690712,1.2409795477253847,0.6555408457059899,3.3419643599969104,1.9425820458191172,0,0
jalan,0.07791420737650513,1.6680339655131808,0.0487373483640193,0.8759933540121995,0.3440793854458741,1.5519807701181905,-0.34431426892448436,0.6373974253935969,-0.0052373751667786385,0.648497742800948,-0.10497110264999852,0.4184716137483375,2.2023583737464874,1.0895354803620405,0.9713529467235429,0.42402114259970003,3.119402176547266,1.4996206393626792,0,0
jalan,-0.07306986324163164,1.706905449667546,0.04445467983231327,0.9669889028561895,-0.24073451899896003,1.3541721367678499,0.0524976649699633,0.8320327899977467,-0.399765076890569,0.856249804744426,0.21015181648676806,0.5351545788865256,2.15757016554345,1.0228261905598892,1.1860850307740205,0.7068557459909526,3.164246731422657,1.8443050762365447,0,0
jalan,0.44177830180815214,1.6010017883414065,-0.20907997111651558,1.0409287054875975,-0.2472684992897833,1.840278566616801,-0.19736720831274912,0.7782444707958894,-0.5039908567960216,0.9304462519124839,0.1526878661778907,0.5976396121430041,2.532480066594692,0.9263809125864734,1.315160193943354,0.6331817677656693,3.687483469148457,2.039721896491994,0,0
jalan,-0.09605293711112446,1.4475567723025635,-0.1523243699592713,0.7086202890508609,-0.18018749862541064,1.6029928902846051,-0.030172536327021198,0.6743317944416228,-0.4899948362522977,1.0303883934669449,0.03577072502217757,0.5723480173639938,1.9822530958394444,1.1241369813047342,1.2500560126591853,0.714362494786934,2.8326344286263305,1.920307001702132,0,0
jalan,-0.018244516539588227,1.1132899540880545,0.00610852421412986,0.7119756725780595,-0.5292687197257792,1.140647787559468,-0.19646208239770066,0.8154215650619021,-1.3718147448548097,0.8105972875880925,0.3235811351653492,0.4826578630313567,1.6787174189201424,0.695824940593163,1.7395867939893044,0.7374574778712863,2.413077712747338,2.6228000476342577,0,0
jalan,0.38818556900086165,1.5389708756347154,-0.034883272918473394,0.7982050953929555,-0.49653921314691546,1.8124819588638061,-0.7049371078588892,0.3022815575279227,-1.5583033238277566,0.4649348797831134,0.07080573291896551,0.41523359625332434,2.369738276248273,1.0103222891834556,1.7979754192256152,0.4176671206828271,3.4774505985809996,2.604568424011284,0,0
jalan,-0.25487849305958943,1.6036298332962888,-0.3021473999598429,0.7452244193735678,0.08638052747825645,1.5832863090818543,-0.10487724488339278,0.5153290081581672,-1.3340051413158305,0.5312815182885753,-0.08188989637586547,0.32277563931791586,1.9939008696938894,1.3354236617290793,1.4845544810585696,0.4911962018179125,2.979616960224441,2.0489829517911677,0,0
jalan,0.03822520946979052,1.232601413100442,-0.08577231933594102,0.7665695158283312,-0.29307862733355183,1.384461873412187,0.09721135523582128,0.39466188028121857,-1.0028945605889528,0.7418730030173671,0.28140452462943366,0.45488627619031086,1.7425945366771396,1.025685514841141,1.2926554370912424,0.5750735574727032,2.551389767517434,1.8496421954152786,0,0
jalan,0.5626641585718533,1.4780367514045571,0.02793358475221955,0.7660494993518913,-0.684252515566217,1.86030881279686,-0.27333000542932184,0.2849182926306419,-0.04581493468851262,1.0862303556280808,0.10186127068902147,0.553048650300477,2.4352387951893966,1.0175412906331087,1.1331965034831857,0.5982448700919236,3.55673400750675,1.6854426467724277,0,0
jalan,-0.323485183627256,1.7129430653283966,-0.3009060671215207,0.7823444487309549,-0.27145283601291814,1.7462765074404574,0.17836070710255952,0.732935317254345,0.28183883425100675,0.9350560994190583,-0.044516894160150526,0.5304571646585633,2.276415881036154,1.2778476781779071,1.1554692743173398,0.6772627492919155,3.314056677825077,1.759389025201947,0,0
jalan,0.046023087792481945,1.5839540230707705,-0.2184554206336857,0.7596535516334236,-0.3254564981991618,1.602982287627059,0.2282476880114213,0.7110429968010634,0.11733860136072,0.6614395890062645,0.05972148459653344,0.4980230114186574,2.1175656550177377,1.1329140238935875,0.9678309759853481,0.5613255337340176,2.986686053761399,1.5250679511412877,0,0
jalan,0.5173384331344676,1.6334651660182007,-0.045975041677897135,0.8877855247898413,-0.7872542776533825,1.5708874017655212,-0.2933733466741998,0.38190934967163737,0.7385613381618152,0.7111298500079735,-0.1796820050851367,0.3335185390504261,2.313089149675176,1.1908569487593046,1.0203205160354518,0.6178649445410352,3.3466038550574853,1.4999211146058036,0,0
jalan,-0.17443184312465987,1.7641965316948114,-0.21700976990389167,0.8387172831220627,-0.8896722860010073,1.3604013094404983,0.1946343861823444,0.8573556556960271,0.5437231622008408,0.9301829344000789,0.08905650143708263,0.49302526032052685,2.197901922012295,1.2902611723478692,1.2768178725080754,0.7358934597189005,3.1855519187570422,1.8982785186911597,0,0
jalan,0.2597744340817913,1.7637467701746585,-0.3564886757579261,0.8870825004150966,-0.4733478058455116,1.7678553740352847,0.08198560490954801,0.8963654134737208,0.3824355607403828,0.8590919038919616,0.08422093488436244,0.545058272761694,2.458096333661464,1.1587122079662682,1.230078502529293,0.6869571552258034,3.638992852307689,1.8950268708558944,0,0
jalan,0.1109815392871047,1.6116108217699068,-0.07656713504626794,0.8845819505431636,-0.5561905829055008,1.6640199909006934,-0.01444278249770928,0.7793564133776589,0.4197783246418816,0.9508208536584181,-0.07679398503699814,0.4976493565075084,2.227256203143284,1.2119385191727616,1.121568309111121,0.820153201277013,3.3256911858524534,1.725626932989351,0,0
jalan,-0.4176466881060885,1.6675045820582985,-0.015851884969414323,0.6612293192311476,-0.9090638040121856,1.408562242682435,0.24951791058890177,0.73647319283763,0.005754467055297449,0.8927143958451543,0.17054193422277222,0.49765813845072704,2.249215330589757,1.0502199561352077,0.9826006762212509,0.839070065642516,3.2110343340912966,1.5529003265518802,0,0
jalan,0.09972223093788829,2.047968849338701,-0.23144521225744646,0.8259104333809596,-0.6842126303799294,1.8810769401397687,-0.20657076373982913,0.5006647481154337,0.1325952093044606,0.7344582502473093,-0.05902432674149633,0.49274189002399255,2.7857254850037827,1.0550500073749411,0.8803724105329972,0.560700368868645,4.084329879036609,1.388864972720449,0,0
jalan,-0.46326867578831676,1.801531642654442,-0.28309944014026434,0.8569045425068965,-0.26666671459527685,1.6016662026239419,0.10664016477463167,0.7172424469928275,-0.030849993996746147,0.769313157294885,-0.019645734107169334,0.5226239340069928,2.2970732915749053,1.2589130733832092,1.0209850765635806,0.582506219628247,3.423534286413498,1.6050218872896413,0,0
jalan,-0.38299923127747804,1.3109322946563529,0.02635543501366316,0.7539746795337321,-0.49882913656406835,1.1839871624975162,0.12151360886262678,0.7172434758728894,-0.18013143337657264,0.6606171308627363,0.18720551132320062,0.45886314705792813,1.8571872651017747,0.777867728140558,0.9661218354268618,0.5492528369970178,2.684241903822724,1.4738724542117763,0,0
jalan,0.2418814688581719,1.688706744761051,0.04426227850878207,0.8025022193288359,-0.7010125646696811,1.6519195568312093,-0.34590532476590474,0.2797051283347761,0.26838348809610985,0.5952545369234051,-0.1375946902449897,0.3487906153948371,2.4583606255435693,0.8230763701003893,0.7661786808859451,0.4171310816629227,3.577689310518388,1.131442285934587,0,0
jalan,-0.37508628557558993,1.7759864112013894,-0.3580250482614936,0.8744707249687521,-0.17095338656152598,1.5316350897386275,0.14588727282260514,0.7558447095717292,-0.03632053109004728,0.9399509992266338,0.11113137287656275,0.4914768261510832,2.318938476537562,1.064916443177768,1.0842463344135183,0.7376986714161338,3.375165893137587,1.692130718862504,0,0
jalan,0.05346943249059914,1.4384334848008007,-0.13142089911442692,0.8205386383035885,-0.015173627017761926,1.734721742412734,0.02595180012829186,0.8452705164145211,-0.2000350209639674,0.9228866706141484,0.20756125089006716,0.5080768556370711,2.153067095233654,1.04387607402915,1.1876145251997192,0.6959055001293158,3.0502804148966707,1.8462509587778289,0,0
jalan,0.6095262929196377,1.62851698493899,0.04638228958167834,0.7959823490261314,-0.5120044648979688,2.022772325332274,-0.10955730280591183,0.7819209374695564,0.1623298434199266,0.9007089480122821,-0.07177288832911842,0.5518893814740155,2.5833589242415083,1.1306427849050258,1.0914126776596715,0.7536508834364275,3.776157878755403,1.6628889309199193,0,0
jalan,-0.25979690980000236,1.695189124156129,-0.24779118599786107,0.8067528945825184,-0.511373341132689,1.7375346631053068,0.13600073624251627,0.7839827408339085,-0.36053774943528,1.0065619617443753,0.2153225500358374,0.622215028138191,2.297209422944589,1.2678360397180832,1.1859324966477334,0.88944970522997,3.423102150742865,1.8125041223050653,0,0
jalan,0.028678238723254396,1.793856484056819,-0.2620652386601233,0.9374947338678381,-0.05855759274342127,1.9744704606607135,-0.33347426557065196,0.5942418276694876,-0.2997353182421202,0.9970623816871865,0.16743355301872132,0.579726081217334,2.5546677961802233,1.2152231471301713,1.2097336876329303,0.6606779711396306,3.735134303185893,1.8167316231083734,0,0
jalan,0.4015585570065079,1.9529390897583867,-0.015833557950769184,0.8446942298042306,-0.4115529397089356,2.10221373372551,0.05451468952639583,0.8986173194703511,-0.3699555414681806,1.1651477016356195,0.09745461003491016,0.60972293296007,2.771464163246256,1.2338559018226671,1.4062538042528334,0.8307611566779135,3.989728373733147,2.165488144015844,0,0
jalan,-0.1609430703604377,1.6395649829079013,-0.16166468591173827,0.8087820630225503,-0.7654568868293512,1.699609470213734,0.11009011005972354,0.9036979707981421,-0.537921000247502,0.9788063298881038,0.22178606062347778,0.6741757595480127,2.3698784474701444,1.096506344164526,1.3681655831048192,0.8322679184888137,3.288725169402806,2.1414145558099604,0,0
jalan,0.41838221295525846,1.4054987785214348,-0.27198992709439385,1.0499339248701427,-0.22193810457879973,1.63279907612601,-0.3925367837627755,0.5697918077276848,0.1276096719642157,0.6425582264517584,-0.07482504073330368,0.5635763166773406,2.326180772411152,0.761142422889645,1.0034107158553696,0.46465529727674176,3.3833021531768024,1.5682772133264045,0,0
jalan,0.5343439458446708,1.4568359389928365,-0.010555868210158786,0.826904140257366,-0.2572001009025982,1.7200533171213084,0.05823067496250924,1.0341917956093662,0.11138938545096046,0.8356561040739893,0.025015464163739898,0.5743174960557461,2.135237076206746,1.2307618462349832,1.1857121240613209,0.8331806986579932,3.225324130780294,1.8780553873696093,0,0
jalan,0.1849356211726235,1.4338794907221446,-0.15806530210600075,0.6383742901551696,-0.573585871979762,1.425795371638143,-0.04585110890696832,1.1008243271236327,0.03253017109267549,0.9127137701364298,0.07811127572502584,0.6819699338091227,1.8680021733217262,1.1678413052206273,1.3972678627010588,0.739743749872697,2.708846960176991,2.210879073977077,0,0
jalan,0.5654131705946609,1.378243654286063,-0.2431479002485612,0.9072866560286991,-0.015683817078522923,1.4445395890227757,0.2396872605670175,1.069899560897216,0.21843616276603903,0.8869548391976253,0.10018060143461226,0.655946398012529,2.121716093343797,0.8032162837978797,1.4118879089439187,0.6814988409181808,3.1630495889485117,2.148567705315464,0,0
jalan,0.4636691937369209,1.605081200961303,-0.030087774229700767,0.8057271172628104,-0.15376814313852682,1.628798259857063,0.2828835230290124,1.0128604335857179,0.29786126922302386,0.8555049022093213,0.13420384055483636,0.6085075657471868,2.153081845890692,1.1990983845194167,1.334400157231932,0.7197832896162789,3.210766804455907,2.030842520043277,0,0
jalan,0.5623454873676051,1.5696588116861365,-0.13773285492771012,0.6844331398808631,-0.7106864818666736,1.321260340759758,-0.2948870206309028,0.6011641540875937,0.5396987174730342,0.6880097135985753,-0.22126693810242642,0.47435823430117363,2.039630729090619,1.1509376428364282,1.103029950208371,0.512165903546623,2.9382592472764744,1.6927900694161448,0,0
jalan,0.4392872328127424,1.1505629384127167,-0.11630433643445703,0.8216045567740363,0.07962930084703981,1.5337326091063428,0.20093900377797005,1.1360228118305316,0.36039887471283705,0.8142204431574646,-0.002101005188611501,0.6409972861903898,2.0018394526401053,0.7199416318917413,1.3311173691285327,0.8640585892028364,2.8784700866554065,2.038849019018861,0,0
jalan,-0.27491958275840445,1.8584432506564987,0.12257731044576987,0.6608216716672924,0.4556800748566856,1.6669395282431456,0.10129447080050187,1.1605812584199295,0.0016606667406394232,0.7908588251637296,0.09789385833443504,0.7053246475640066,2.2622977495429253,1.3419235950660944,1.353467014995334,0.7997247491583802,3.212946929420009,2.104185428534897,0,0
jalan,-0.25577192055786907,2.232958793840897,0.00018143479360440917,0.8285541987524421,-0.12621092174077453,1.9201068155820886,-0.09749295067927828,0.7990560434427224,0.3626923997629013,0.857730824767424,-0.07224242699468814,0.5258496505584084,2.7158119344236913,1.4111880116542703,1.2120110470222827,0.5609356540546235,3.916527106481439,1.7933775929814624,0,0
jalan,0.12024035745204881,2.062490888164862,-0.190686467208224,1.0715240759988172,-0.13648267490466545,2.0690253252438637,0.19290777274025314,1.0652666240343929,0.7315794983962679,0.8627639051036817,-0.04520300693550971,0.5983231456255944,2.8424035967122085,1.2618159548739745,1.4574262305134238,0.8196745703706906,4.110438275437589,2.1970399175840174,0,0
jalan,-0.4794250111653606,1.899830096424834,-0.21350257436966466,0.96085774660743,0.208431742714783,1.5765307933579844,0.10883364587389542,1.0254782070387773,0.7841084670172539,1.249805878103838,-0.05066262025984882,0.7310948625893187,2.3207275980213056,1.3783937846040744,1.7260775668211208,0.8799291576444269,3.3552679442908135,2.596245587070912,0,0
jalan,-0.4036869398612669,1.4096708873168433,0.010024567872772106,0.7012471395557395,0.02295647783556712,1.6325145855833643,0.6116615683493126,0.857637790729205,1.1568807908419656,1.3433645239237155,-0.1428118496494404,0.7687458508418061,2.024166097243466,1.0819573765910946,2.0248722050250136,0.8602445115575043,2.8869515839704043,3.051054693636896,0,0
jalan,0.33662432648257434,1.4430260885331356,0.06424795762819667,0.782680699356282,-0.609728223424126,1.770534371761451,0.6128931259542022,0.7293550417459158,1.7207945973567353,1.0217979741287437,-0.1924456719879622,0.7779352623304424,2.2825109179684016,1.0302321159688002,2.1920290638497972,0.8576553472838536,3.2153204963851745,3.212468747644982,0,0
jalan,-0.46418295504202595,1.5451518851156099,-0.2605265533898714,0.7879676543264438,-0.5591742614133461,1.420619639653665,-0.001744402883188794,0.44043341580921513,1.3400406117057417,1.035847593204792,-0.20206101603052537,0.5711195074652015,2.135123033113582,1.0118227608844603,1.5777985224293698,0.9662487547413212,3.021724799864359,2.177850930904083,0,0
jalan,-0.20608770326875092,1.4387756617880232,-0.25937213037994966,0.7556526134436622,-0.2034106455950635,1.530210605853125,0.4383486689950093,0.7647062205962784,0.2014526432771814,0.8141074120009484,-0.09042849080713729,0.47565982768225584,2.0707655329963517,0.896602177032664,1.0723500531889099,0.7453804971627315,3.0278024756065265,1.5825000188372322,0,0
jalan,0.26196899745118435,1.563617903060557,0.021578440114589738,0.7260826776292795,-0.33653068793219165,1.456867487743464,0.20101468866278613,1.0598201114464685,-0.2128429840992158,0.7032258806260072,0.11976734348998547,0.4954048590957001,2.063789030485913,0.9881803529488385,1.2197978535151721,0.6791899687148868,3.023495758166149,1.8181901830246066,0,0
jalan,-0.23179742812186047,1.6266540203674316,-0.10428236719863848,0.7419490078454452,-0.5530502467576843,1.3510291154628151,-0.39496255019481535,0.8713934204360505,0.041574506567223384,0.8187953850821066,-0.03430085514396483,0.4740883113277846,2.093117814401101,0.985183590687375,1.2469663528024555,0.49435428858503133,2.99548720663141,1.8310355137433414,0,0
jalan,0.4370151140804279,1.4447010611370048,-0.2818771972846379,0.8854091499994241,-0.22508577175054145,1.5954581994294603,-0.05776239123053118,1.215680154375102,-0.1357383332916357,0.9664681778464708,0.08977585917350409,0.538069350207664,2.270103109302545,0.7317916668899073,1.4287007306360855,0.8183984990891877,3.3818563739472594,2.1742827149490203,0,0
jalan,0.22095255921372356,1.5295101198641678,-0.026888303015311803,0.7239585308464964,-0.10001426987494673,1.5746502442826438,-0.24561531060829903,1.2875386546713048,-0.39784525012740396,0.8897626937140017,0.16874709683402359,0.5963535604631809,2.1051689709323385,0.962645565383203,1.5538396526529952,0.7847575304536215,3.1115697507922406,2.385610334493884,0,0
jalan,-0.042095524615378056,1.636631620468478,-0.01638759371095959,0.7144964035834965,-0.3535529146330136,1.4063324238366548,0.1161886992806362,1.1846635317170886,-0.43289818488330967,0.8807873821377561,0.11586884776197393,0.6108266924177304,2.092851894280846,0.9332152880297411,1.4240176973132146,0.84882565971154,3.107768839561897,2.2148174667260174,0,0
jalan,0.49391197822958505,1.8133857574021262,-0.12980106999634589,0.9034575432294051,-0.17803233820847153,1.768237072682891,0.059378199148865336,1.1572926669400498,-0.29523758845959014,0.9462231306882146,0.17738411851724828,0.5601984191239283,2.6052231245801516,0.8191264560931782,1.3775481146818893,0.8689476116159667,3.7935674806494135,2.147310063768675,0,0
jalan,-0.12062488361908837,1.603527775034981,-0.2747539367973736,0.8585246210496876,0.3418350587565033,1.589295061184362,-0.4563249630006138,0.8045738611482686,0.14502522395275885,0.6804598861051173,-0.10254909745270804,0.4846792009654089,2.1468892576775582,1.177928418852981,1.1100304915660666,0.5855493046435111,3.0709305878628874,1.7096159412588683,0,0
jalan,0.08347816568945735,1.35861395760478,-0.1002117927884558,0.9483049535824125,0.19815844514915743,1.769216756494599,0.06655049598713648,1.221638396612551,0.2107991102845383,0.6732479180726234,-0.05199581418563708,0.6253690049705675,2.1126246027524043,1.1932405355895,1.2720713143115108,0.8685209753752651,3.0735432469291535,2.0052993464711353,0,0
jalan,0.4767847759075892,1.8136458869800363,0.06610123716001773,1.0953494795885403,-0.30362200926104527,2.0049569036850086,-0.025872022876689115,1.2573044596893634,0.05851177853348699,0.8919420609990637,0.03797680655085164,0.6256154409724196,2.6776440709054277,1.2624995973030413,1.4523187185203772,0.8017642753769242,3.8634102709587785,2.2291610902329544,0,0
jalan,-0.2575152536789195,1.777840768350815,-0.34572920548060393,0.9681317099441415,-0.3064440958900776,1.7656035490047488,0.26857070006548134,1.1152183900776689,-0.02112507513564522,0.7848624794370551,0.06550558903369626,0.4426740385269078,2.3881999776272425,1.317884289634878,1.1999526788266428,0.8239506331134557,3.4401497882855887,1.780153997914423,0,0
jalan,0.25531378201532984,1.7106536663537677,-0.33567698990058603,0.98642418607749,0.0001373624251678085,1.8494674774571709,0.21383871114674982,1.1941499852976178,0.13312908840921145,0.7745644741180563,0.07811300269826887,0.4646742665103241,2.4785725873796216,1.1376218869725647,1.2830991632490665,0.8056971058275838,3.6145200174843604,1.9604585366483587,0,0
jalan,0.44831726730198534,1.6449549096754454,0.09846448047846107,0.8958626455856301,-0.14260363346713537,1.6986921360854217,-0.1674246282250382,0.9487634521056637,0.39761541710400505,0.7096723701704153,-0.11378298787953936,0.4120157647805146,2.2227576268114264,1.2793738397222416,1.2333052364202879,0.4880825192608902,3.2885133836805913,1.8830834998381738,0,0
jalan,-0.2508627997100078,1.5949524508443773,-0.050992493537760336,0.7587983664827134,-0.37649261338928997,1.6734502742369903,0.21223022802951508,1.0115457738901237,0.5381279291144668,0.5230250224230021,-0.021684827221276324,0.4956385951879575,2.1976310321101007,1.118521830330376,1.1779370661041104,0.6923617209931502,3.339194719664094,1.7826440737737892,0,0
jalan,0.24354618927702035,1.8516774128750504,-0.27936582322892906,1.0638722121169957,-0.3362559041975941,2.2455985852072655,0.033138653204345746,0.8772402197763364,0.5072840519641173,0.648261188610109,-0.12464738909941418,0.5651803206285959,2.9353973149201606,1.0735970473174694,1.141818564404849,0.6848668427044315,4.372263196072398,1.7330837778846488,0,0
jalan,-0.33091947456687115,1.801957522905678,-0.20398025033851896,0.9771076576390512,0.04053819847380474,2.041885870993824,0.2835138970054461,0.8969994271226372,0.07925094378659436,0.752277204618562,0.0008168433244229023,0.5973314036919692,2.6066094152132475,1.2893204146743211,1.1168920500480157,0.7448639565540882,3.761167047031265,1.7230690466916485,0,0
jalan,-0.5484354810461497,1.4413639563711296,-0.014568849157774857,0.7562754211450138,-0.09880405341241869,1.6584356017715567,0.0953837367095182,1.0697197642281522,-0.13070975685672032,0.5978896378829915,0.17621450347204184,0.5573953794057153,2.1851872711267677,0.9436683524191473,1.1697925844767803,0.6985969635697358,3.2077484003542334,1.7716274237147396,0,0
jalan,0.009420783537461343,1.861934397691638,0.010147941918572927,0.8701015514100108,-0.5970413341118774,2.0712827181681805,-0.3247640839027885,0.7267825502078062,0.145097534176958,0.4647368456082608,-0.12989357945812857,0.47037057038672203,2.645521122611574,1.3434523974984056,0.9404457680744811,0.4657419100472547,3.8197504446483714,1.4124597913105668,0,0
jalan,-0.7629494908064394,1.8822048845147583,-0.24638097225869351,0.7522770011715243,-0.262486654509386,1.9724330448353584,0.06702639981193707,0.9637379994262796,0.03682903827181755,0.6568371132430144,-0.05257693489542561,0.4713137751953643,2.482104297642627,1.579531306992705,1.0492758550920922,0.6920708230678683,3.5749513738679117,1.6279454981306825,0,0
jalan,-0.49880584181368937,1.369676779445615,-0.16268399803499003,0.5653193656799473,-0.4973782068860477,1.6918183236891888,-0.1114461861825487,1.0193280629655546,-0.09899349241912317,0.7810388173751078,0.05888033738006078,0.5761914598854371,2.0300128242921587,1.1929835163657112,1.2521238853085865,0.6506485398928187,2.978830874658402,1.938174280254777,0,0
jalan,-0.16086931484754086,1.1700772610831387,0.04333058760253998,0.6419214343141483,-0.8733038562127656,1.4329325447833348,0.2183832511348279,1.0005132263916172,-0.06320605656592708,0.6578804542151191,0.0271515739772704,0.5719927151404459,1.9130937719025412,0.9674414492104639,1.1359282996455828,0.7145595094706585,2.796988594604351,1.7518193837640303,0,0
jalan,-0.7546416739398094,0.9743524214186587,-0.026143114542944493,0.6257340142150531,-0.46944789027228845,1.1059288015064987,0.09204404974145824,1.078743071569219,-0.3250241390052736,0.7820358789612748,0.17807713903238154,0.47991150500021984,1.6627819500321381,0.754815782173544,1.2540906780877754,0.751165291263106,2.411518433129095,1.8171890833623083,0,0
jalan,-0.21218036830488013,1.3550114393598172,-0.18395272771654692,0.8149777781817708,-0.33481482540372587,1.4214909351042542,-0.49058555406091225,0.867189539498659,-0.17538646670126506,0.7742363501121102,-0.017756752145404987,0.4937286933806396,2.030034058937974,0.7423646680170211,1.198695686697462,0.6467899921093223,2.973638644904912,1.6919026042056087,0,0
jalan,0.3384063097790233,1.8378826316264796,-0.0751426718924236,0.8518800725876846,-0.6243413201357769,1.6189249715983587,-0.06833620797010678,1.1960880426637674,-0.12761063374000714,0.7047306760328419,0.013358923896623987,0.5519498281532966,2.430053289658895,1.1290446178305285,1.266829336890928,0.7951097644213517,3.5179298044389418,1.8906318507787614,0,0
jalan,-0.10750405855661188,1.8528255239086404,-0.20189166985722973,0.6411217092120356,-0.5448875056680339,1.6073535064137991,-0.13946814439533786,1.1072759982451472,-0.12817857293965398,0.8922140921088935,0.1221382306241624,0.5505695248449531,2.286430576702046,1.2246475047343224,1.3595781218959866,0.7137373414100356,3.1953048878440056,2.0887953818382705,0,0
jalan,0.3643711321917103,1.632640209230794,-0.28887287837242437,0.8645329343883685,-0.16388069848461814,1.7417167284507034,0.1831816404844646,0.9775745558512027,-0.057922525897796444,0.8143112219868687,0.08992313550022064,0.5545636631975195,2.402659184246373,0.9278752283732953,1.184436481817377,0.7447727617276365,3.4798389239407577,1.8558385593811202,0,0
jalan,0.2709082103562699,1.6278083750550978,0.015026506895291298,0.7987286352729063,-0.17208005989912,1.6821794577172569,0.06938586515765319,1.0139125457915523,-0.265393212748822,0.7126917764037181,0.1345649141881275,0.6423511517040661,2.228981085705213,1.0968976614671888,1.2208827791680248,0.7329740854715627,3.2583033360929488,1.881102559787671,0,0
jalan,-0.28263130186568414,1.4236188319575211,-0.06739103391768246,0.7161896993150869,-0.4454359581422167,1.712432163094689,-0.5358153127879218,0.5452871045822594,-0.27518039486467055,0.6376552312358277,-0.1335889492044159,0.5252699989508683,2.175815352165027,0.9877964998542283,1.076178210630862,0.44102846935215856,3.0901620165142862,1.6274997163849882,0,0
jalan,0.3570309482062358,1.8175975190672142,-0.24650813901365698,1.1011618195252268,-0.45869622936940585,2.1284260172201255,-0.15423012485579923,1.0041047799145375,-0.7476788348890763,0.7232998021687828,0.18940693780609658,0.5926281554811245,2.917051770807157,0.9240883078377952,1.3709549312174567,0.7804034881748957,4.157247172944325,2.1718604973809645,0,0
jalan,-0.16260256258094985,1.8520450143566207,-0.2875767474901307,1.0458053831599057,0.023404241776168653,1.897077613510705,-0.4493195032170303,1.092304842949251,-1.199407300608173,0.5332937990443382,0.3065657883277454,0.6052722270323199,2.565489443923931,1.2590712971414044,1.7625524853378738,0.676671112407707,3.7230516518349095,2.7988756188156443,0,0
jalan,-0.2435252505660048,1.638444695452497,-0.1265728011145246,0.794083802651595,0.030070689765391796,1.9245168384640825,-0.30694704484960594,0.8281476438464462,-1.3419049843418203,0.7806160049723541,0.13344863695560538,0.5028529427514395,2.3150857688545887,1.296948308754267,1.7005296487269124,0.7477260933825974,3.3923912829146805,2.5702852864567505,0,0
jalan,0.45914866451669284,1.8268425262739172,-0.042725395006510854,0.9164773781130684,-0.5732890678256282,2.194057619428568,-0.36612427975974426,0.8787828749661827,-1.278725927063703,0.7506488713885235,0.3465489615744605,0.378405533804281,2.7782718233509214,1.3195386750332394,1.7044673018639793,0.6728568398841779,3.964252264702551,2.543104044215515,0,0
jalan,-0.29999760557157507,1.7407335294148576,-0.25355205567258887,0.8493040430633835,-0.3442250698713854,1.759289957279527,-0.7371219439743903,0.5435519789071981,-0.9651059672769865,0.3351603075529415,0.03923939350801042,0.44052270701738816,2.3362788159422276,1.2683742141509293,1.3752711858880402,0.4273127331024207,3.4064335122471543,2.066052066538439,0,0
jalan,-0.20709406968069466,1.4553221504773977,-0.2248440985299646,0.8604191533377438,-0.07392150449665365,1.8515611452249763,0.053014970137282465,0.7942222651196928,-0.9546165493484173,0.9339139966381838,0.024276667773485833,0.4100786823880527,2.288384825227767,1.0473144274697095,1.4560822299289504,0.6734163135612814,3.410826182540871,2.1304548801339935,0,0
jalan,0.3224577350097051,1.4918442651795025,-0.048609152982802634,0.8780572976704957,-0.5839257431870621,1.83535438952101,-0.08435458938827446,0.9653581609666505,-0.1824901100869643,1.649426313174144,0.10507539540979752,0.3741105851763051,2.4294660592513253,0.9246699379201729,1.8232237494133563,0.6976669519526221,3.5784841251131123,2.5585045095925594,0,0
jalan,-0.41265160336361456,1.4790845237479413,-0.1475774658891072,0.6722504632090368,-0.5936764650086779,1.4993693268746366,0.2737936719712357,1.354169753029157,0.629384799835936,1.4589816321357292,0.04429179839203051,0.45631213215721544,2.1248570083208453,0.9365409085313829,1.9950041596401717,0.7925957951424717,3.0797890262981373,2.788430692828854,0,0
jalan,-0.1034318644334271,1.4423245103248281,-0.23150247632270568,0.8497251050370841,-0.09333782215909542,1.7172212114772318,0.40542830628622945,1.3735390414391815,0.7396983431249038,1.185277201673471,0.09625551533970811,0.5652794909280533,2.222712952536766,0.9135457886011401,1.921921631944797,0.7797501780866913,3.256967513558568,2.833064406574141,0,0
jalan,0.3227202890485242,1.5368142199449821,0.006841753852925691,0.8745487547449894,-0.3809738715198748,1.760072035653543,-0.2504471560380809,0.8240396997185065,0.6525396562238686,0.7765923097816418,-0.17545819094910314,0.5670353195639853,2.27978858385808,1.1074324064804606,1.3032071693619027,0.6424368588278648,3.387636500143892,1.9881562556844445,0,0
jalan,-0.30766526611446104,1.5955295587505978,-0.1700336187505977,0.7021996644910193,-0.5490094358221257,1.5148052096419837,0.15060428377398902,1.1250180198946034,0.4449441604988947,0.7485855681582773,-0.1414165227953141,0.6114238653605726,2.1504641607195234,1.0447483040996064,1.3606890347956422,0.756832267570605,3.143067958650931,2.0766708338589455,0,0
jalan,0.1992404298815068,1.5765597122506203,-0.26387461723223554,0.7700540177848989,-0.029899542837378723,1.4535069273625287,0.0008709062853207164,1.2790371857316098,0.18184473529702264,1.0333670472902425,0.01242316788150585,0.5996069979965466,2.195050236238268,0.6600191679305856,1.5937055354568748,0.7289152555347598,3.1586642385060086,2.3796846557852533,0,0
jalan,0.5526990058105475,1.5984046781399315,-0.008504882500406768,0.7503562156515977,-0.24536658514364426,1.6713634813507956,0.1931393627455525,1.0061071465682458,-0.17402056420278036,0.9474039813606153,0.09286626222586851,0.5378335888113596,2.276763149920468,1.022166849757952,1.2952454872383767,0.7625377589907122,3.246740135816708,1.9724726273246684,0,0
jalan,-0.0038680830703236913,1.801747257718021,-0.1879682035243902,0.8001305258014526,-0.47970266330146316,1.6491095731013592,0.17609816986815802,0.8460267400133473,0.09088775374539264,0.8130029951910576,0.048485852782170345,0.5095807852838843,2.378379389684394,1.0772096906167343,1.0935301161316977,0.6859760627396047,3.392705306297547,1.7107882466964563,0,0
jalan,0.40733385165697833,1.9154671886070311,-0.22081313924106186,1.1221823224621805,-0.04965119974101715,1.7806974138416303,-0.2295071086626534,0.5687693169041869,0.26745026794515636,0.5973662700613509,-0.14991158444209657,0.39486181306788654,2.725509678268507,0.9028242049847276,0.8894442016493853,0.4304846850852293,3.917198658351986,1.3713731961001963,0,0
jalan,0.106261367279482,1.6384563600681066,0.05698137968405894,0.927952889246114,-0.06281226561441723,1.5678928123473295,0.06907909928447997,1.0874758193779313,0.15960607646221514,0.7645764630445673,-0.08102063323081594,0.43462535158389953,2.097088980747065,1.2571355873253798,1.1657179934972397,0.787805509661351,3.04355874783492,1.8046805933154377,0,0
jalan,-0.27702357290929713,1.2067223886320433,-0.02816636351841514,0.6940358662047446,-0.3487752088577224,1.3750415661602067,-0.13909756484588126,1.1071194930968755,-0.09973120431016777,0.8866764555739182,-0.0225132082567267,0.49613381533155826,1.766091984712693,0.9376613004115548,1.3215256504024473,0.7239399372356238,2.538765141439485,2.0407946138954642,0,0
jalan,0.3664692376278699,1.6181085792462042,-0.20426189487416221,0.9866657746569705,-0.3783902025545964,1.9715249500708636,0.14344309423802223,0.8978169098007933,-0.3492814677172429,0.5894147571977979,0.08638714860000872,0.5690513173750252,2.6228075516938394,0.9233178624210542,1.069573896324114,0.6879769804995383,3.7855430147199893,1.6838388596407265,0,0
jalan,-0.14987037636791123,1.5840456576944537,-0.21796551113879134,0.8678145897839937,-0.0849212582552581,1.684909164441062,0.14687223172289804,0.8679417147382495,-0.13735301546416637,0.8273275120170314,0.1367181401816142,0.611790884627488,2.1608631993179865,1.2094165180590102,1.1573493504767451,0.7202921235124434,3.1613944644871737,1.773825313700732,0,0
jalan,0.23176470180525652,1.4497848210345463,-0.02304318247505199,0.7478536669178425,-0.3066528278749259,1.1630707182805462,-0.40599833562575766,0.5526397071324345,-0.08577595851281877,0.8306912766126918,-0.13596922935891428,0.4945112780606638,1.811481456920292,0.9214461828357136,1.0700680358022765,0.525351484337579,2.7022967800907707,1.5821495647280515,0,0
jalan,0.9527287166917876,1.6084775553189075,-0.13904707343889966,0.931976581506796,-0.4565775447270738,2.0979337142348133,-0.019849420632772192,0.9942152237612586,-0.11678178519290679,0.7036056210200159,-0.042543449319502956,0.44147654113908535,2.780591461898342,1.0928303877081489,1.1252919131283496,0.6444809159169377,4.076741355073079,1.7060468463503253,0,0
jalan,0.08408577163825527,1.609392607023226,-0.2811300185332838,0.726352134796391,-0.240162767205463,2.00252829720667,-0.14039843388554313,1.0122560916069971,-0.3407152662621166,0.9789393640886928,0.12771091715737032,0.5436203348452611,2.342297253870719,1.315793452777324,1.425957619862485,0.6150274874483348,3.3492598824675586,2.1548446660186427,0,0
jalan,0.22716132535675396,0.988216534556353,0.057443415696921594,0.5215872829991921,-0.5371153014305251,0.9028469689372698,-0.02979605799265227,0.9378330677512361,-0.4893508622466686,0.8221834727799862,0.0730249914268803,0.5460860928997142,1.443313324893641,0.5535576312587346,1.3022514789078599,0.6236217836723589,2.0791369007265335,1.9239626492983248,0,0
jalan,0.4748158434301309,1.0686260424117147,0.02981601083709585,0.651317101716545,-0.30433851561867553,1.6448330332918681,0.14305517041984722,0.8778241479082377,-0.01266021377594766,0.903942955797799,0.00836559185106651,0.3648883042368028,1.9802718995221007,0.7954536192121525,1.1485301347834744,0.6397575584109582,2.93201447361643,1.6482303857982294,0,0
jalan,-0.46715691996798403,1.1490679012477072,-0.13628821974570918,0.5791590492534782,0.3749460660413975,1.5097797396951784,-0.2719687336540907,0.7798573259345924,0.09821695776850513,1.087247069887427,-0.1049555349332077,0.31072712687489107,1.8764364087256495,0.8716905440174472,1.241228105860607,0.6528481916369538,2.7354034554158733,1.8110965855119807,0,0
jalan,-0.05067336710179985,1.366474232798309,0.01651001742697243,0.7813761165808649,0.12692594398775328,1.393272444845502,0.005685879604362618,1.0849605838512166,0.08293908533252686,0.9843770206974896,-0.03662383426493833,0.49272776371929755,1.9151275876571416,0.8563814956263843,1.3464821687313588,0.7522809421682227,2.712470113177693,2.07875908667871,0,0
jalan,0.4159560915329642,1.822550733596361,-0.049647789853008585,1.058556101413926,-0.34594749444074196,2.065193358331539,0.04733574939151479,0.9934917905858488,0.047932049429832445,0.8814619114694723,0.014586732652859596,0.5260090212061891,2.730789266805368,1.2136168782761487,1.2842709265411514,0.6160142158348937,3.880165107544424,2.0105401273348433,0,0
jalan,-0.6341306583795336,1.810581482349535,-0.25923506097813764,0.8954434551520846,-0.018600071736371692,1.7847627824029564,0.3136039460513121,1.1619346641396728,0.09669717805961628,0.9260579500253961,0.015755949336992908,0.4730344507719551,2.377542832042513,1.4247838764021645,1.445846383698421,0.6548937574716457,3.450572041551621,2.1342269362037,0,0
jalan,-0.3308626890724908,1.4198043831333773,-0.16022605420437663,0.780935758238604,0.016638288414924977,1.463958617123562,0.25166176757960684,1.2087633709273184,0.39368530075191854,0.9011978846183005,-0.008598928081815843,0.5641273810849806,2.0093190703834427,0.9096827015013348,1.5182743023787082,0.6954614772342209,2.9989754945307094,2.248881820121875,0,0
jalan,0.2658926737706479,1.620681909668099,-0.0005702000278335497,0.882411487187112,-0.5950693162605869,1.7770590386435015,-0.2598493818196746,0.8420218627258979,0.4465489257324279,0.8780798166105755,-0.15751125215010325,0.6056790047398016,2.432498565914451,1.007709765526967,1.3570075826752659,0.5305525778323709,3.5234844914073813,2.1115123794208612,0,0
jalan,-0.28712814356018906,1.703911150662483,-0.1909680273806909,0.8689536285599679,-0.7053253848333303,1.6315800707613783,0.12698027482586263,1.100758773259334,0.3744269919184987,0.6914554201470121,-0.11644869445129517,0.5152719763014902,2.376890484465962,1.1119323227371596,1.2893353977186686,0.6691068377915111,3.4082408846887016,1.9675597081565237,0,0
jalan,0.1292118837561854,1.6950332301452269,-0.2981961382397891,1.029136858995474,-0.2390391955841614,1.6046823783605593,0.02768337712298755,1.0222157912649643,-0.011879604780123227,0.6708485098401673,0.05151546655949374,0.43997660630136143,2.339413073374275,1.0693602635673782,1.1376167965021475,0.6203991876666018,3.4926048543840125,1.6909667671772781,0,0
jalan,0.10537218702177835,1.5555778839994923,0.020742629569620034,0.927641386270136,-0.21187214409539032,1.522217994721906,0.17455742619662476,0.9793299509895588,0.1829303018788907,0.8654691892438516,0.07923092699988364,0.4857316923046266,2.05899940110408,1.171401067857055,1.269454400480682,0.6222439103684193,3.0255209904345746,1.8867454851733745,0,0
jalan,-0.09761340584715708,1.4579356851715262,0.04152512291963941,0.8191924628744418,-0.4778848382058132,1.5227828062580155,0.39439326093842636,0.8115567491361978,0.49917742945082577,0.756319805998032,-0.050085269783169996,0.49020869873025424,2.0935909833516853,0.9644532925253565,1.2257177517338818,0.6039330405233762,2.973632174539318,1.8269394727007813,0,0
jalan,0.38850510501681673,1.819254344396459,-0.19809461700700212,1.0024014442766886,-0.3943912006034349,1.9414196795273608,0.24831033446688427,0.7438728402245466,1.1743798748398273,1.1515163643041946,-0.2350395124875703,0.42963974343123024,2.775496554950867,0.8072339162936094,1.6432736217987867,0.9205890007912745,4.048262514147373,2.3924197754778644,0,0
jalan,-0.3445359718997794,1.8233268965767389,-0.2932071705353885,0.8513740437225872,0.12293650898621157,1.7550608243839705,0.6091778032278059,0.909766533900906,1.9218395046736623,0.6379925466887076,-0.4502337678419381,0.40110011729020345,2.4904312903328667,1.0424534547355186,2.2865429790066822,0.6518283214652165,3.627121424389433,3.343324149150331,0,0
jalan,0.10954662200831318,1.68854961877327,-0.06373479402650842,0.6843307876641268,0.05510200345051217,1.3927905298558398,0.4950035410729759,0.7279883946598382,1.28493068061491,0.7582410345503637,-0.26197443152247857,0.4026185010265786,2.135161022874789,0.8207943839911197,1.5915949869068424,0.8323385604519513,3.078175366265923,2.3117671963281605,0,0
jalan,0.7316569302247551,1.6353498533611923,-0.03188887218013308,0.8775427154651837,-0.3154480634408509,1.7459705872710005,0.19771121930477445,0.7190025252689998,0.663083614188632,0.6025411841654691,-0.0317875859463609,0.30920891740317913,2.4819105587226855,0.9555268462653598,1.0436462986804733,0.6000478242136092,3.5647253185872008,1.505045093233413,0,0
jalan,-0.15541101909252727,1.6483249692599924,-0.29921924331356514,0.949840102644655,-0.11753073496781663,1.655923743465202,0.14494322213439068,0.9755041070461048,0.4060208996423726,0.5635967211426253,-0.024301858395645512,0.4213696556781244,2.29746133324588,1.0762880264336196,1.0997281388553897,0.6430545824551114,3.3175351430737847,1.6309489221018985,0,0
jalan,0.1017197022017832,1.4037339238440023,-0.175492403643533,0.8941857170029629,0.1725440863081226,1.6287949076563966,-0.1917610528629227,0.8913560340742664,-0.11602922387447663,0.7522379722869637,0.055683061542284466,0.4311617112660359,2.1600902422781743,0.8840368075719696,1.1253498244261122,0.5665228393327515,3.0692711396819785,1.6400742252277056,0,0
jalan,0.46371551087117363,1.7277170795264427,0.059070480110783315,0.7914878981104893,-0.09540386143606198,1.8311404613941014,0.07362078798084185,0.8386903183171278,-0.21782615558052165,0.7151391355008176,0.11755589017867848,0.44742033022470284,2.405376236441897,1.161972328721329,1.0700102618203062,0.5708632154128246,3.3335049439030575,1.601452019141995,0,0
jalan,-0.19498972195252304,1.7513809398727336,-0.16601241175331846,0.694149010969245,-0.4819928552787352,1.635144531621125,0.08677263489984206,0.7826789531748991,-0.20294306083845629,0.7207716898202765,0.10961739715057858,0.4142950862450659,2.2293482478560054,1.2262085538095024,0.9928401115776172,0.6077787574903372,3.1193116276996036,1.4956603351795874,0,0
jalan,0.06253593487867608,1.3448285262063517,-0.23674587182600976,0.8726232149377187,-0.0008245793347277353,1.5692373625978375,-0.46320311106106665,0.631958632837665,-0.3032776218845048,0.8573964972520676,-0.09914059339616849,0.34220428743170445,2.1090424638279597,0.7746719394254026,1.154826909968632,0.4733571295171565,3.084858916180346,1.7003642021360899,0,0
jalan,0.3678773097207247,1.3552634317490635,0.060663473141017527,0.8361372358993158,-0.1312156381948826,1.518013088469763,-0.1308706553484654,0.9836718144617245,-0.15961989403821067,0.6885510949205431,0.027822869680263797,0.42125554937961657,2.094191764017854,0.7537234661775826,1.1705353767717674,0.5281988440864244,3.146187936502352,1.737887137392073,0,0
jalan,-0.3551028530181469,1.4518215516552226,-0.14783835965605407,0.660524922414097,-0.5289584751394303,1.4907374475565958,-0.2159929537196056,0.9655368822067485,-0.4595360877233944,0.729097133162463,0.18921985517705392,0.5129040417565044,2.1083429980917385,0.8416880854579124,1.2665872841291443,0.6348726804868412,3.1147015118124717,1.895590075274765,0,0
jalan,0.17281208680483295,1.8269788120700305,-0.3100148539224654,0.9388014974308497,0.0021710437324133558,1.739643003001716,0.102180914487477,1.0670359721872509,-0.12489111255841298,0.9693437097287503,0.05476516777663552,0.61490095239165,2.4691583894410374,1.1020352252954408,1.4125038664293696,0.6857893728256996,3.6664795495435105,2.1123928427988115,0,0
jalan,0.29524158420114033,1.6901492684405266,0.050935083246775203,0.9100821027748583,-0.12183165794591848,1.6875618065177629,0.2926188049217163,0.9847720280160452,0.3392699262995818,0.8393477207383823,-0.05175341272324206,0.555914983989376,2.1886156495349964,1.341625018405625,1.320358935113648,0.6540853269992034,3.218099914547719,1.9862062935284606,0,0
jalan,-0.26163333277362716,1.5421833365568114,0.019764558813824103,0.6927975321713365,-0.5337922649241283,1.4957802126164623,-0.28018499340678377,0.782641303308611,0.023223996664887482,0.836804594955508,-0.11527582550562801,0.4305564248383198,2.084602678865964,1.0312825384967663,1.1738989225708096,0.44660279178044504,3.021638906757293,1.7953591410418699,0,0
jalan,0.18741425201281486,2.1823964278139205,-0.197877640675978,1.1288922448394023,-0.2945942567281556,1.9488877361624943,0.11400543814232983,1.131047982907017,0.31557394986221693,0.7958395894814183,-0.07215167366523041,0.5159342554249582,2.9121156205732928,1.1966743373763407,1.3344592906847563,0.7064197592833862,4.229302742003271,2.006391276319158,0,0
jalan,-0.3071105909584056,2.000600495988895,-0.09426415927465887,1.0145294998175993,-0.12129049035620577,1.6795802466975278,0.015951734112086963,1.1271906868000146,0.16647293362915505,0.8931637044845632,0.028951287669691,0.517586522846331,2.3617687476505456,1.5288795810327251,1.3641431395977894,0.6968569137706361,3.4017973308373297,2.0363287744253937,0,0
jalan,-0.473569020770223,1.3818524058375063,0.04759059155249764,0.5942236171394247,-0.41304042635718163,1.0469275611551894,0.24568111741337376,1.130222080390001,0.07385635206335621,0.7900662238502455,0.01935759722366213,0.4872656121983175,1.7516924235345948,0.8126505299538982,1.3434087960747574,0.6188009892345769,2.5507471654127856,1.9943528039118459,0,0
jalan,0.11924158936872128,1.5564261350892417,-0.049533221012598425,0.9571917431680109,-0.5125666633058866,1.6808285296204684,0.29618546623083913,1.126904639370679,0.38877639828679633,0.8166442970832973,-0.04413838327209552,0.5962454696802363,2.3589881522568232,0.9083205963498688,1.457988601284046,0.6232026128041487,3.497600820433546,2.1408801483878195,0,0
jalan,-0.3620042071514492,1.603699561306939,-0.19393948639461636,0.8899283034793584,0.0019482193875676745,1.6044360203923727,-0.3646257328986809,0.8267000453655837,0.1676983128028029,0.7993971622846126,-0.12401779150002484,0.5462783254001361,2.197633333735502,1.1090674543320236,1.2390249178177317,0.4984341377252955,3.237975955792004,1.852543338597407,0,0
jalan,-0.20391780641362725,1.3687074603839278,0.03464803765687525,0.7073988020481001,-0.07502379516303911,1.1545448391721458,0.12871199741274403,1.0950953266069945,0.24261460181059127,0.569241164508776,-0.0899976055626786,0.42567159924556786,1.7750462258508994,0.7569889298383411,1.1938228064019862,0.5909555961561067,2.5943106023429943,1.765592361072333,0,0
jalan,0.23084105500546243,1.6064682592784547,-0.0035622805142752688,0.8802457949470645,-0.42661951774574086,1.7512941037311345,-0.036916830946919,1.0614473192937188,0.013327404768861663,0.7692622495793813,0.06367067674816096,0.5590064619852644,2.3026110592171687,1.1422398389165052,1.3188849898414627,0.5287211798201181,3.39188774866068,1.9396228039482748,0,0
jalan,-0.5830187796911634,1.65530646804727,-0.17478038154394698,0.8250303291049919,-0.05440316621968241,1.6744974759244502,0.03431411041446525,0.9787995824792626,0.10637155944743121,0.756622900807304,0.029052879843832303,0.5961941227477016,2.259454666132909,1.2021416814135795,1.2547179559233725,0.556080996337821,3.317736335958007,1.8903140671388932,0,0
jalan,-0.4622389345031894,1.233979321790197,-0.04825984745998161,0.597571028959539,-0.20987100394864877,1.3193207240836453,0.2502147900801515,0.890145562495209,0.3730376942067003,0.47086574700969125,0.004449478038724942,0.48929377597352275,1.8444471508974274,0.6683717836773567,1.0556766883805049,0.5758422400298719,2.6265082046761883,1.5818519588301476,0,0
jalan,-0.0019644119458346,1.185474536391715,-0.03796692743952581,0.7448041815034396,-0.9304486852829861,1.4302379399654863,-0.33758548565206037,0.680948716955153,-0.06816259336455457,0.7922832701923709,-0.046708156147850136,0.4695731687039417,1.9874925696336974,0.9442331403611414,1.0858096393531635,0.4929739122225521,2.855487640867943,1.580340555052155,0,0
jalan,-0.6462778442112609,1.0918048440327408,-0.05622795132076357,0.7398512535734976,-0.9352729540562069,1.242604949535771,0.10603333493529914,0.9552477306883239,0.024496601114038036,0.803485104637353,-0.019875470003212947,0.446074261123816,1.85560756491234,1.0555015113133175,1.1748626835597937,0.6125241364847747,2.748645624559227,1.7020250726435124,0,0
jalan,-0.21752034414157062,1.1285650763047883,0.04866268788594655,0.4816144849631269,-0.6420794386336148,1.0159246390130705,-0.04727307629218814,0.9977587285954095,-0.27499232906678217,0.8721710184684323,0.20389314513872667,0.46132726323351186,1.5566120229968843,0.7461994907955991,1.28995994617544,0.6394194102125184,2.233263557788301,1.9053895330728436,0,0
jalan,0.4838067022866834,1.401860005497285,-0.09880382422236794,0.8673084668238854,-0.5803054828254317,1.468818680974969,-0.3493995883198444,0.8975241782669039,-0.6757609971265491,0.7523814725339163,0.07868025180814765,0.5383572494608233,2.1166989139621224,0.9672863287733053,1.3450455900624405,0.6518175354139596,3.079272587367704,2.054622407169324,0,0
jalan,-0.18399656016946714,1.5507044964901373,-0.2944148059987407,0.9196705193153868,-0.18262389016496744,1.4509518510143662,0.0226353661875586,0.9178619888171311,-0.024218386303664546,0.7140476610523844,-0.07571127360302159,0.4289804984253229,2.0738851304997015,1.0801556849330842,1.099570485126509,0.5674426117183566,3.0860335691256062,1.6474278027506661,0,0
jalan,0.21196896264064893,1.4173180807452737,-0.07423576823952625,0.7376616796279148,-0.06659588242802675,1.2356759529008778,-0.29263495270756684,0.7517327173315312,-0.1905652425863908,0.8036142449951691,0.00481034619841212,0.39061758926471096,1.8137731286740302,0.9012538360809514,1.1075973234548935,0.4975159197513432,2.669045850811317,1.5685605175865263,0,0
jalan,0.8593708745502647,1.5596767742709834,-0.11602911775505084,0.9101390880404523,-0.41575530171127417,1.9428495380445632,0.04284473009145861,0.8625559378946341,-0.1604447058225885,0.9213358961802077,0.06824070439524381,0.42770705874002024,2.6165547559703883,1.0267767414864213,1.205380380403529,0.5837280529513862,3.753272512694991,1.7349712960751262,0,0
jalan,-0.051786045993262864,1.6578447871393003,-0.35692147150640074,0.9440100493659234,-0.04575988787574467,1.836396735423008,-0.025320861184438024,0.8671139250259974,-0.24144000286491063,0.9845907512802151,0.14663374495487574,0.44241876568558547,2.3597442061854887,1.2332160831658807,1.2840790992151572,0.5768656296431794,3.394529176561845,1.8712814061664802,0,0
jalan,0.16065640263631192,1.5384231597716937,-0.20236893329861508,0.9042085762225991,0.1794072106132571,1.6556362807121663,-0.5005696892517356,0.57423747137806,-0.4441297361088321,0.8876664002487943,-0.022509003290896806,0.48517962137758597,2.1987386681497463,1.0687076300321,1.2179805330210942,0.5545221745101634,3.1991093778989947,1.8171250328677064,0,0
jalan,0.6983376463919341,1.8019593866485468,-0.043870999643597565,0.8815323327622475,-0.33910762857935517,1.8071540305358542,-0.013326299996166866,0.9823931524693893,-0.042973895397518724,0.6175528568416904,-0.03371969961799619,0.49567816500658973,2.5952769629567496,1.047457022311375,1.1203481921066243,0.5722755623025256,3.66025712920073,1.6928939108641594,0,0
jalan,0.0742200256556974,1.731129758458245,-0.22760114168811463,0.8090653009453035,-0.4442209004719661,1.4604312333194402,-0.3032652913490542,1.067984077389627,-0.8627854407058183,0.9704328697183661,0.18811736774563964,0.47759392912920395,2.2225824005402552,1.025524896057092,1.6106016735291928,0.7554787051386903,3.134330661518874,2.3702465715474745,0,0
jalan,0.2920511332473785,1.4937409404380992,-0.325953799269679,0.9955995370462146,0.1994900613672982,1.473171967922145,-0.47693510511264897,0.6649216238089285,-1.6942836447282303,0.7214267598404241,0.4261571316429009,0.4959691827720634,2.1989356083824942,0.8615273845677832,1.9960526278759705,0.7049071212587242,3.133916979368871,2.8842544504219916,0,0
jalan,0.4896109589560011,1.5381460214423914,0.029584896587568327,0.9638349863205358,0.04500998195740642,1.647156464442394,-0.6752681603832608,0.7232025314172424,-1.7858329873552874,0.523545173610829,0.616678138143753,0.3594976280673543,2.2634482717547524,1.0383249449859073,2.1450790132333135,0.5870753527437784,3.181122375345621,3.2497868180511893,0,0
jalan,0.061933087116788146,1.5792094566353798,-0.0637029462852337,0.7156739160500634,-0.5405129734508024,1.559655431940753,-0.9624922672083451,0.7419484295716123,-1.2721279912327614,0.8459969369457414,0.20315649518570417,0.7356657962967671,2.181808103677335,0.9660876045041923,1.9601271476865525,0.7338865308251666,3.167272238483099,3.029007402243579,0,0
jalan,0.4286396664358674,1.7500975943145154,-0.3249923193276419,0.9901669244771492,-0.1253777227113919,1.6376696972722777,-0.18996228749462968,1.1205902522841493,-0.40909723550589805,1.0192149611157597,-0.04569873606775492,0.6660943598898695,2.479023777887833,0.9087089726183515,1.4793015960229585,0.857540937289978,3.579059974742383,2.206494877083966,0,0
jalan,0.1539794397872168,1.544779120220236,-0.03502992189009211,0.969748108402641,-0.03648090166917134,1.604691477550313,0.007786924655367145,0.912796732838252,0.08886082770304443,1.0056394924295844,0.04072700588726334,0.44490485239663186,2.0845577186292155,1.2405837306047816,1.2335866175667691,0.7176730994135712,2.897874416377269,1.7994839143680068,0,0
jalan,-0.11256357122079003,1.4759204818243465,0.025911899101011503,0.6207773802672715,-0.3709555834415519,1.39838983444121,0.3860319221562712,1.0002995638855046,0.5419910650527014,0.767515256038988,-0.12171009904413038,0.46150855912722605,1.9161965765905418,0.9812117137266708,1.327180646924846,0.6969067178921816,2.7449127891374236,1.9126424092153667,0,0
jalan,0.395066366659919,1.7491511346295163,-0.1960321306370406,0.943941421751796,-0.31530922333402667,1.858199279772757,0.2505719032955245,1.165912935926042,0.4709863507249415,0.7626659057334709,-0.0018760472323079813,0.6720561536791517,2.5995181616651255,0.9352017715606809,1.4977122102130078,0.6437116884997741,3.7557015422032083,2.273385130689094,0,0
jalan,-0.3154312248924445,1.6564611550833006,-0.2630825193407749,0.948657785733575,0.008707309714519463,1.6752261119253196,0.13688694394810827,1.2187735267557762,0.5907164532650928,1.032199656392681,-0.08434299079584559,0.8185657954869201,2.2119132292801993,1.2956495407100357,1.7168120063369505,0.7888364339150212,3.213346388045801,2.655572434063298,0,0
jalan,-0.14175211061054496,1.4938622627510827,-0.030772633715765586,0.7081815520318423,0.002167599428192446,1.3343195776939505,0.18924756876284132,1.1879876079216654,0.3220150651767915,1.1218903112502312,-0.06851007196124238,0.6954836312070781,1.848492276826688,1.040852593370007,1.5918899780013431,0.8599986384936062,2.7219389756901053,2.3918460608188887,0,0
jalan,0.5341015051986525,1.5009563572382705,-0.01568255892004461,0.9296014000822098,-0.4703844669285633,1.6711576840393945,-0.21801651890191806,0.8235534926878415,0.2514972560527701,1.0810121805078277,-0.034378941619731276,0.5571034503714405,2.3191875193386515,0.9943476335235857,1.3910086746747024,0.5619939929419376,3.3624341541977367,2.0623136962359,0,0
jalan,-0.2920034181152075,1.592095603038573,-0.18349000198307056,0.8547639256262322,-0.3291972102343818,1.308694279223607,0.07426571867530633,1.139585401900415,0.3319407620963509,1.3028029985415213,0.07705472743870258,0.7491245451636586,1.987641139251853,1.1031991455044519,1.7605228436298268,0.7411181551783662,2.9037504388456843,2.660703015984562,0,0
jalan,-0.24427755094811832,1.3974162974887097,-0.19055536513275528,0.8368356045909296,-0.1188738645898772,1.457995048880625,-0.09904161881192725,1.0796521822952907,0.048511422292993614,1.1671916391526673,0.17814618149744457,0.7063776090174327,1.9586270450026422,1.007507929889233,1.517919269272192,0.862521961793585,2.9271885170710896,2.2942389200957196,0,0
jalan,0.1599946547095239,1.678455032869401,0.02903291718410061,0.8588093436913586,-0.5660588769908157,1.5679173060718763,0.20808407194788334,0.8989544389573622,0.06165997704934409,0.8852372783800135,0.0879573076831032,0.65599239173712,2.254519806316231,1.1087359556561476,1.2546159243223685,0.6982268618825388,3.3256342312599254,1.9468826064500364,0,0
jalan,-0.3915008590109075,1.623823411582418,-0.005027605591242272,0.682190896750367,-0.7552411341781018,1.0614775666495648,0.05183653662867953,1.013691282832534,-0.22779717444802303,0.80781244171476,0.2865689854914939,0.6618849618905958,1.9708589180161011,1.0180367303045457,1.3646810167608763,0.6124850187443988,2.880153285288734,2.122773992662903,0,0
jalan,0.011307235238252939,1.3769177031793733,-0.26627150986522496,0.8436012015152711,-0.3827957881225942,1.2116352908261299,-0.27768702119484473,0.6538199361009454,0.25362814407702183,0.8165674232080199,-0.03198664872830645,0.5699207321363692,1.9289089670767083,0.7328788914979099,1.1711895361683913,0.4212263416813335,2.7729225289767707,1.7412677960653329,0,0
jalan,0.08067994235183079,1.3326749868394958,0.0051202350912347835,0.7534821295574609,-0.4015477555724707,1.2489319675476953,0.12981290063277004,0.9755417579088883,0.20799676484253715,0.9574212252471064,0.0701528916547589,0.7303093068304717,1.8051342928443352,0.8841016466447058,1.3740063533403606,0.7486107888751914,2.535519662423916,2.121574580158917,0,0
jalan,-0.8050103165039704,1.131137250690223,0.08979448399141386,0.5761790620161198,-0.7344583300743528,1.2425330947366666,-0.1554176789339914,1.0324738165776435,0.06932238629254305,0.9916172465607516,-0.02225569885798971,0.9159628195920171,1.8732030167939606,0.9047757775775794,1.5229047568555432,0.7585396322721731,2.650155388060398,2.394949421302668,0,0
jalan,-0.31308903436563634,1.4375022587373085,-0.1524584682475691,0.7839899467801469,-0.5595980290971543,1.3282717870017868,0.0783206429600416,0.8492221924687581,-0.350446295395674,1.1396355255460822,0.15629379827302803,1.005899159180797,2.026823740041186,0.8571205850956013,1.5122077352029992,0.93639380363585,2.895073646646678,2.4173387439096747,0,0
jalan,-0.1666781279706846,1.2777788933222067,0.017661661500035238,0.7116625003093552,-0.5411385117836887,1.2292274289923877,0.07504346186202453,0.8383285181990234,-0.15942292445606632,1.2155206324795518,0.2015582617728958,0.8476420716132913,1.8037231462226095,0.8294989939978531,1.4716846621656423,0.8851248557044833,2.5793559335746936,2.339421624520758,0,0
jalan,-0.6797025572423288,1.1101646909428051,-0.007913954256016223,0.5138195805232302,-0.6589315394751606,1.099284904030838,-0.23162021140383232,0.6713399070649829,0.43176648698832065,0.7718659566417025,-0.3055222642514705,0.46113930044112766,1.7548642158627143,0.7067888846162484,1.0998570949647262,0.6115562105497376,2.4851470260200004,1.7253271182086047,0,0
jalan,0.03678893281767595,1.3334082681144026,-0.23644247739212199,0.8358648034581405,-0.20315447966297334,1.3611367407276782,0.007811506490562698,0.9341275575027338,-0.3734944747548699,1.1123772461533494,0.23191282434963864,0.865143832948418,1.9320224470408578,0.8114501767563684,1.4466237158769055,0.9694783015317393,2.897041947475781,2.3442082701058706,0,0
jalan,0.18505993034702597,1.3132767978074205,0.05016245959963724,0.871295749747836,-0.3272734730144324,1.6118694319419058,-0.230052026399203,0.8845613062556749,-0.1344892505102829,1.1725391747088616,-0.042119574564298164,0.9890572243885462,1.9651340974307205,1.1517553135534928,1.5946899077951517,0.8002052474204023,2.9792445182674383,2.5111803242844064,0,0
jalan,-0.09117646869679678,1.6514508545012563,-0.05349829752438403,0.6718398196191202,-0.5905698786498449,1.3272479560223467,0.08682673550096158,0.8391939896779017,-0.33514186062117657,1.1046875287840838,0.06707755110474135,0.9291634482693775,2.0506693156366933,1.0276710467537995,1.4990958631375069,0.8022169307017035,3.0012293701577955,2.348726868083193,0,0
jalan,0.6038191482737928,1.7412971479411674,-0.2253908228689514,1.0044900986347316,-0.1124015135473206,1.5827859722592077,0.019576322891182996,0.8649468055977835,-0.47713887131333793,1.4991638223349684,0.36605727633644486,0.890074293907536,2.495719894527798,0.828945520579945,1.8384938532479362,0.8598577716178225,3.6875895525686753,2.848768231689123,0,0
jalan,0.22342320841015909,1.646346555373223,0.015833666814905934,0.9024626564390148,-0.031080567069758796,1.6965948563858384,-0.3120206469154352,0.6565320664921707,0.42437118451761435,1.3041367868712608,-0.1566294818572169,0.7543260757491242,2.250188537922362,1.1577943217451727,1.5491535827935417,0.7627108419846127,3.238111567901973,2.3693301021383544,0,0
jalan,0.1349593560940715,1.5876540909479266,-0.035104573583827604,0.8122575510280988,-0.34047958430930314,1.330651275034725,0.2348454786677966,0.956929870027435,0.2158283670831681,1.2049928868621547,0.06845107100953449,0.8971264557447411,2.0105884425072382,1.00223844012442,1.5175712462098452,0.9766104393333938,2.959086717369911,2.4635374513664305,0,0
jalan,0.5848459895432004,1.6482469926150616,-0.20776866761036897,1.0026203562419143,-0.13370140981438497,1.7641962422043274,0.08141500581589098,0.9455150253540492,0.4332447586529123,1.3673072533846378,-0.023286399405066334,0.9112208258310961,2.4675024735576674,1.044722585591914,1.661872005634031,1.0004876524604902,3.638833366766659,2.635499967727104,0,0
jalan,-0.37697929854032436,1.54839850865112,-0.23613351456685067,0.80550562854883,0.28133404401090667,1.534991534892419,0.28159133307451595,0.959999771139133,0.27998078605760396,1.2535801263494686,0.1098694396247015,0.814041348938874,2.0194243209176794,1.2502513659703058,1.5153177511797469,1.0038990037230642,2.8969499361968754,2.3511486621201545,0,0
jalan,-0.03175038309952095,1.360160814811526,-0.030944263446506595,0.6503174166559434,-0.12522885147048754,1.360208116777268,0.30100263586876386,0.9553960898693112,0.4055036138282911,1.4831538443216172,0.031516553094303484,0.9092224666576616,1.8116021588745599,0.9087846584698313,1.6783852413274554,1.162925788514474,2.5849269665819987,2.590646170251795,0,0
jalan,0.6201963809073557,1.6251388211885893,-0.09191401963717272,0.7762814225261909,-0.375818101446056,2.0473935542853754,-0.20977188422103077,0.5154477304144169,0.4455342916834681,1.3138247439613393,-0.3814223724363997,0.559398686592958,2.6513086510540957,0.9353051289119292,1.3255263288025123,0.9601500568783645,3.7070893715065822,2.0144944559685944,0,0
jalan,-0.25127348469756056,1.6144921122992308,-0.25985405385168847,0.830314494538593,0.12031198282493119,1.730147868802081,0.13406803230549094,0.8526253571375488,-0.4192218104252204,1.312694281426564,0.1520952190845895,0.9014149904190406,2.2281285996095415,1.1921904179739529,1.5892936257802384,0.9645527035835821,3.181185837698666,2.478504527070377,0,0
jalan,-0.10023819848532738,1.6154756070024987,-0.13711098967225355,1.004148748101871,0.202072837626528,1.645989119163793,0.08036088417696136,0.8804699897697228,0.3648726293694867,1.747956727404512,0.05035440554683409,0.989788891840384,2.1571896940979216,1.3027926250297095,1.901532544085915,1.1408215229445953,3.1768670945230353,2.8769045468793144,0,0
jalan,0.4653003313784319,2.0249783455541,0.022473032483456598,1.0093360953404336,-0.3666385622957511,1.8424040307389669,0.37476665517581237,0.8985900220370818,0.5396809571788043,1.2617276120491223,0.061599266153703564,0.7289845868338497,2.602147766338882,1.424487164928294,1.4708743075171316,1.08876705069734,3.7513502805697243,2.2050922358075233,0,0
jalan,-0.08204730910367913,1.7914291891351863,-0.12739705187161784,0.793340178686181,-0.5583417333721199,1.237354173720433,0.5174725716945819,0.7868584516824295,1.1812853084424697,1.7959998624945337,-0.11888503742858221,0.9107036334956903,2.084313489966735,1.1486929512332775,2.0934675514199994,1.3933976766459875,2.9820419467484083,2.972284077448182,0,0
jalan,0.15352159933615575,1.7000791909607103,-0.24483558317580983,0.9124982555384005,-0.0016599361266720226,1.5441214297608181,0.21259982365970084,0.4494281522636416,1.9540419211952544,1.255408710340242,-0.3272666154522355,0.7025941605045201,2.2576370913284416,1.0213636369649661,2.184070507552343,1.2099655502126139,3.264221586538107,2.942021422299096,0,0
jalan,0.14850713914621813,1.6110356635616894,0.0714465646604288,0.8265322019906428,-0.10346762206293718,1.5822240001030936,0.663590975847483,0.7798499724380328,1.183421995107749,1.7259305899684318,0.06427065122069278,0.7550247455888879,2.0940135600606005,1.1794433184437,2.155064782304089,1.1530202773105511,2.984627465307826,2.9776232887194904,0,0
jalan,-0.19028272148829875,1.4188243710055768,0.006672203562472624,0.7441030284767817,-0.582691969432607,1.1637502744969987,0.4482448363552698,0.8948272156648531,1.1442730461690185,1.879319775790195,-0.20260715807430468,0.7883453860309231,1.889210867173493,0.8339514138103596,2.108057093601081,1.4255729775733927,2.7161608931235417,2.9617819517952713,0,0
jalan,0.30089142308620914,1.559641001256475,-0.21201931214471118,0.957527084879676,-0.2548420802569373,1.6935900955491476,0.3545381521485371,0.7473511665504051,0.17619447225594445,1.7313312909641776,0.0844203724411214,0.7904004210804669,2.3833223623468376,0.8260998589629185,1.5872266390160539,1.3422230442892402,3.4861985601712133,2.3923806709431785,0,0
jalan,-0.24750893226516768,1.3864097143211591,-0.024875349938498235,0.8339271649039003,-0.05492694524566789,1.6790405379355513,0.20077234823702994,0.8586786634222081,-0.11734827083280434,1.5715527700008145,0.12837544227847697,0.8979396904681866,2.039349815103458,1.1407621324896724,1.6503549924540015,1.154769477516623,2.9334229204684408,2.5614644796333983,0,0
jalan,-0.4243986709557419,1.358971879390305,0.05408253961208714,0.6239880674350716,-0.36612528777428255,1.2864834501385147,-0.30935625097016883,0.5149263774967551,0.2860584160460522,1.0322086616650115,-0.31683760987654597,0.5927373927761571,1.8350359716658458,0.9000691069695732,1.216742300752679,0.6835565408749531,2.5986094218724873,1.8286886753896037,0,0
jalan,0.20448943776170425,1.587825965520504,-0.103904960901059,0.9168170794807978,-0.4418850617576233,1.696329331749075,-0.026876551255254264,0.973536985164371,-0.44741450868623267,1.1047359021453365,0.09860413554690803,0.8700032012993105,2.3735646825392407,0.8938344093735473,1.4218068448867967,1.0468616860203266,3.4286472150336578,2.243282853946089,0,0
jalan,-0.3145519038076796,1.5500949145947653,-0.2112508084425893,0.9090307516202861,-0.11551792600141052,1.5106023616391053,-0.20325829597779424,1.0662152903858007,-0.5214291370958241,1.2685665027433994,0.04540960819244801,0.9190014456772002,2.0834894240733752,1.133478669569765,1.742529755522676,0.9176097855091504,3.053227278838847,2.730593763770512,0,0
jalan,-0.24643711595915685,1.2351403718160003,0.04518866021151239,0.7573977996625297,-0.2008248731711695,1.0244791146172532,0.13550558670570617,1.0500486888906502,-0.665264051330898,1.2656410312607136,0.03452857731243721,0.6624564239158105,1.637577608157794,0.7376842616420609,1.6645862950784265,0.9006999039033259,2.4340408687573,2.5418275916869146,0,0
jalan,0.2866729329647021,1.349794308975953,0.03760888009481136,0.8243288417886132,-0.42872071722895294,1.5277147432492184,0.1818881132218373,1.0123914087180002,-0.19069789345674942,1.71034010802063,0.17111300793089199,0.7749195503798664,2.1465963348602806,0.6716049893215993,1.867025898162758,1.0627465317754823,3.016135815506224,2.826974427669287,0,0
jalan,-0.3811279111432914,1.4221319748525216,-0.21960492724998204,0.6908409161194813,-0.008977001404451545,1.3969026617129814,-0.36794993836779,0.6701615627096369,0.22934016654832262,1.549695914253788,-0.19340683334075467,0.6788035326978789,1.9282457446471404,0.9438695014431767,1.6707801712001153,0.848181413323393,2.6373301326080063,2.4850242023869122,0,0
jalan,-0.4946334330449562,0.9357723163525308,-0.08687401979253231,0.4393913772734193,-0.5028318080873593,1.1888512671909837,0.129799969449918,1.0115231103399693,0.2341451502803049,1.2189729780797327,-0.07571058537727636,0.43380446820928437,1.4911368804536875,0.8638888384180559,1.4915275614493302,0.7268566931937451,2.067942112381185,2.209775939843525,0,0
jalan,0.00023661785046383776,0.7278742626399844,-0.041515440008366516,0.600847730233098,-1.0654466768223037,0.923648821085462,-0.054514599385170594,1.0417577866146455,0.039726495483076565,1.057379952331851,0.05761224960260237,0.588055765689242,1.4864678743573365,0.8126649566296749,1.4553725342704262,0.6461932151397303,2.1302513065240807,2.1939008223895353,0,0
jalan,-0.39019736499936414,0.8431194842582241,-0.0001366139617811052,0.6383979410667301,-0.5933906700084961,0.6249207629346037,0.12761578767861453,0.9881436687059053,-0.07589700988822594,1.0445090617999035,0.08748730947289364,0.7057306188879255,1.2458417783928932,0.6712598023754213,1.4887504051631453,0.5972583611598379,1.9164923097120274,2.287323149095832,0,0
jalan,-0.31100919781295255,0.8765455741885604,-0.04319046693505458,0.5042367532206663,-0.4410745223636338,0.6069205042221845,0.26809050532285467,0.917547397813727,0.3923912163380932,0.9984376919786259,0.09123716815198042,0.5988323673444474,1.1819061237253414,0.5253827257744985,1.3908594283120035,0.6927293412653862,1.8172336501186066,2.12816881910233,0,0
jalan,0.6205306303344669,0.7677277615152828,-0.23464271863936356,0.704472944521916,-0.20597347463648674,0.8771764345245443,-0.23537134667103385,0.6450477983084397,0.487351440135552,0.9431069478291426,-0.17360658615811633,0.5307907758370637,1.4270816178377672,0.5342358595572169,1.1876357647893037,0.6991879103198133,2.1367867097441042,1.778040089998414,0,0
jalan,0.2471401128509722,1.4090343981163063,-0.03195374417817857,0.7476729457197788,-0.16266051606752607,1.293740124941763,0.1636837580349301,0.9473470396951943,0.050583475642398706,1.1842264493490948,0.030481377763547902,0.7995022888086593,1.7954023905641736,1.0254650058861918,1.4218233026932723,0.9631443935828026,2.68815231872522,2.2209074548690366,0,0
jalan,0.12870572297419533,1.5886996807614646,-0.020733627847050587,0.8330917463492874,-0.5972948591289273,1.3596851973205266,0.031228999358150933,0.9791088568347079,0.09181745229969568,1.3498623882489542,0.020672605025343217,0.8282086231101324,2.0672916101277776,1.0618006620609814,1.5916895145541943,0.9579030989448435,3.109583443790222,2.5081180482650676,0,0
jalan,0.7354507619783832,1.3314063954741369,-0.2492200739198687,0.8809619871246543,-0.3725156223367056,1.6712513559040412,0.10588049109423558,0.8862471128672023,0.1075537830530142,1.102514671808214,-0.03853675471289793,0.650414497710911,2.2991517695515524,0.8669390155980393,1.2849878426403434,0.8835427254219278,3.3913657936878474,2.006565921198893,0,0
jalan,-0.10492621909228345,1.6511511800273946,-0.24144262971348104,0.9932350222663592,0.20147077390583307,1.6805354694719272,0.3257877824369046,0.6917175414923747,0.44682782707233626,1.142426082562969,0.01796519499706227,0.6264119274693576,2.332640200467728,1.0732418372363186,1.3704352082762328,0.7669072510801784,3.3201448350217038,2.038776234312352,0,0
jalan,0.12943663016709792,1.7165338144486666,-0.10926545089153715,1.0292344585512612,0.10865412413558362,1.598588236153977,-0.26403671088543573,0.5316905658957434,0.3779462200167801,1.2868150632356072,-0.24654653091858988,0.43389490335602754,2.3793007025565482,0.9401858609087285,1.4688272704224852,0.47298162024898116,3.4876912743661257,2.093639537139003,0,0
jalan,0.7200704137776502,1.6116810205988652,-0.09660675344323603,0.9670318396829883,-0.3940341253647197,1.907567050384735,0.10787705331960497,0.9849923994321877,-0.15584177205994634,0.9145149836692761,0.06411663805705707,0.5092670372070885,2.6019644195026497,1.0113706454271403,1.2869312731778362,0.6583454540119313,3.8115399975786994,1.8963234602192214,0,0
jalan,0.017531068137253268,1.6668590008666204,-0.25893063150293444,0.9997400179434578,-0.3735644534308457,1.8315193224797468,0.061510736712031146,1.0047740293067562,-0.24260485028920592,0.9976292414688432,0.14846802133574882,0.5425371639717214,2.464733095513809,1.0977626554769575,1.366183754584866,0.7066888923027399,3.5788076435109213,2.0389710325101635,0,0
jalan,0.11406435132556464,1.39074268963925,-0.17041684761950687,0.9351502975827459,0.23048226787277104,1.517630148466581,-0.309798417942836,0.7031777623150628,-0.12023749608528042,1.0577098412853359,-0.17003944538321772,0.3947445855436675,2.105640196718295,0.8541094160259386,1.2798603652687945,0.5051702499212971,3.13156157327244,1.9282060924463449,0,0
jalan,-0.4378263870642868,1.8580476587953743,-1.310693271949879,1.7700803681660022,-0.3709143996482442,1.7162353125288177,0.03103785578032225,0.9115823573291297,0.19543310221796975,0.6390915462258627,-0.011364026429887077,0.5374471366208884,3.0574665740298377,1.468443760300129,1.0861871206827751,0.613378828165693,4.597164309370264,1.6449942757459324,0,0
jalan,-0.47569362898189355,1.633518327915336,-1.7878860850672038,1.4957592846565873,-0.8191307137084582,1.5105128349346013,-0.2801984338338783,0.9005032564820717,-0.34878066685005826,0.7107403876203365,0.12324692636809717,0.5835694140685552,2.8140490215630938,1.8230782138530444,1.1698481855103215,0.7012609893475525,4.2786841283167005,1.7482777838379888,0,0
jalan,0.8103989483992976,0.7371610400398512,-0.6162160067990675,0.8538816071262707,-0.6378173101262936,0.9860470378408015,0.007372515826811626,0.8406111816620989,-0.17578609637155465,0.7372079196100957,0.062126587996795685,0.49253004709568016,1.613191156929183,1.0363371317280503,1.0806181179846512,0.5901899533477014,2.4441555144490628,1.6149001103333294,0,0
jalan,0.5561572859107013,1.553743652292367,-0.5695373161501767,1.1233169030061145,-0.8881709477887167,1.6484525545378812,0.11916159248201738,0.7023623249023468,-0.1462426086494247,0.6486524789888845,0.16172807052603347,0.4047514907835555,2.430863234317577,1.3643578856066336,0.9480984141256811,0.4819567946976972,3.670356263220215,1.418954956774287,0,0
jalan,-0.6778574752259802,2.2222625455993588,-0.6098550549943215,1.332486598058136,0.2663419625075306,2.253520983463602,-0.44785063667726555,0.4814411910119109,-0.4948505225362389,0.7858939626318157,-0.008226584591541387,0.4015895033894367,3.144061422991604,1.6488853446410747,1.0874520463209452,0.5159527183610975,4.863439442581248,1.6159274444476734,0,0
jalan,-0.22358568275656526,2.39011626133748,-0.1700904854931067,1.2460190356830603,0.6992241063430411,1.8877515076204767,-0.06581084955167386,0.8932158431857149,-0.15791207142628036,0.9129838089579521,0.06133884345991607,0.4780876878789091,3.041071384693356,1.4355716139010428,1.2322490011481442,0.59960807080909,4.6065325349745585,1.850832157934305,0,0
jalan,-0.22116522558778087,1.7243690267505016,-0.10322355614451134,1.1732300738142907,0.22546719877521182,1.4650250285285482,-0.12785495331541805,0.8859032667684908,-0.25000668714147095,0.8659725297761357,0.1483526092270208,0.5187635834873923,2.2895892696026907,1.1456721893178825,1.2653213851192542,0.537136732698835,3.3717684169815163,1.9335665060650435,0,0
jalan,-0.18932603944311338,1.4219921751646183,0.020259820048297267,0.8187666462209154,0.04157664461325919,1.3487852114068692,-0.16044898678953792,0.8797514583692025,-0.3536807828282512,0.7711665754478501,-0.002637081693762884,0.5703774767522898,1.9296324554436848,0.8882211859173892,1.241508734836403,0.5379985926062201,2.8451911399476604,1.926497119527001,0,0
jalan,0.4506308443178868,1.5025365265856812,0.011194781523601965,0.9761201598289545,-0.29403539988215815,1.7116291100693655,-0.16738930564582613,0.9070571708138871,-0.6389140189222171,0.8029171084610679,0.18924977136429053,0.5084993298541375,2.2791742794948617,1.0888390090425395,1.3607470851104355,0.5766091323241719,3.1832451904725083,2.123937922084524,0,0
jalan,-0.3292575109155845,1.50665250197599,-0.24891564690585877,1.0181879685371078,-0.20526663507222107,1.573323515359689,-0.8821844304591577,0.5038465780775785,-1.5773086612549798,0.5067129640378429,0.19496151517210708,0.3048315977445575,2.152143672216257,1.1481281843846487,1.8925754622468776,0.5683809918791829,3.0155448406692074,2.786661628663472,0,0
jalan,0.20715012242458392,1.7532959376388886,-0.2725447310640159,1.0868854174974814,0.09938553558808529,1.4834193303332535,-0.5927049326585765,0.6662542831238316,-1.7900160408331554,0.374019168962132,0.025959188552765296,0.36895586983612194,2.3152843590562635,1.081463699362173,2.0135100533369497,0.46560714703186684,3.2448293613461554,2.838776425561857,0,0
jalan,0.16081128012872395,1.5893674979407455,0.05082920245416462,1.0394636519174911,-0.12317786641864385,1.4677503327631454,-0.22564338192746417,0.4709557762851448,-1.3652293769621604,0.7131804829866709,0.30961391138907457,0.5129481131750386,2.121083771461842,1.1227115515414103,1.6543978473414613,0.5097046288571475,3.0156547706258676,2.3974395607816175,0,0
jalan,-0.46803832073516544,1.2481125963738466,0.12098073176347038,0.6238569837504404,-0.5460080781787262,1.2835961253285981,-0.5015974344025589,0.4119415988165805,-0.6267848454065055,0.8414741533546509,0.11445850175100274,0.5871364707102205,1.8479251184154968,0.8261199142763771,1.245071091689489,0.5664320209927569,2.701091458214714,1.8994817407269071,0,0
jalan,0.22607951089680942,1.7460120749194832,-0.16433816531167253,0.979059672939774,-0.34739771579483636,1.7016459680888048,0.013280061779494949,0.7772986197470424,0.09432840277405376,0.6944633291270367,-0.1153116533376915,0.53273264329719,2.4799142835382697,0.9441564866795095,1.0574242298723295,0.513257321007833,3.5402048386987897,1.6127998872620293,0,0
jalan,-0.3643888665573185,1.7382719916328726,-0.1871054794127892,0.9589679565927431,0.0661128091513765,1.5198174622111453,0.29677704220152235,0.5784344723458813,0.2946989709322502,0.8584537918186481,0.04822430226244233,0.5034445640576084,2.2480861300761426,1.1489173635254593,1.1000069170986837,0.5308373266293245,3.2398446278677695,1.6024053119337367,0,0
jalan,-0.2369792479382167,1.5852183274575644,0.0040236675155489315,0.560187149956375,0.043639512803951216,1.352971539686914,-0.004852379816512802,0.5437277112461362,0.5161255716292154,0.9405089662092534,-0.04402304355513235,0.46038921623217904,1.9250875633579105,0.9861689072362927,1.2013777460873258,0.45312864036306055,2.7853958747881986,1.7299335855400775,0,0
jalan,0.6217657862658761,1.593579664218328,-0.07448305996812231,0.8701990472460008,-0.39878534135357574,1.6119834819303265,0.315957482777486,0.935447927353164,0.5544057726904957,1.0245964105632461,-0.024531543777564075,0.5741176710909465,2.273974561432544,1.1085028591894697,1.4805260537761373,0.6725244952448064,3.2703362895448453,2.204937912236783,0,0
jalan,-0.11407956666413469,1.5532064469436466,-0.30693149635100503,0.8704659105284936,-0.23211781158907602,1.3755762076750513,0.05691009413626885,0.9901151104031176,0.3135730110668379,1.0278782778242552,-0.022831136269209042,0.6249051616376513,1.9886018262626806,1.1093313604713428,1.4220969108918564,0.6983551340656469,2.9230669845403905,2.1630677570765706,0,0
jalan,0.09691605171217804,1.535929363478447,-0.2645856076195785,0.9254686152592704,0.26611935067117504,1.4799818741054567,0.06545032645490377,0.9543642117199334,0.4911781127312328,0.9562703787732552,-0.015174576679989959,0.6943594480933813,2.1240769632589465,1.0001884508027732,1.440550191222216,0.6778681941866326,3.1003337592525595,2.174851635035008,0,0
jalan,0.5158056838423017,1.6258152234274317,-0.05528249004007309,0.8741566063390757,-0.09354633207512475,1.621436065444908,0.21581685102569917,0.9241671897718602,0.37218779796056156,1.1885563763804006,0.13834841470458575,0.7207807618470833,2.2825738021416746,1.0268292081071646,1.5519791143925274,0.7480717177853924,3.2833649155239146,2.344624242008909,0,0
jalan,0.3241195913260092,1.6392199759018264,0.023392861463872792,1.1267500067836567,-0.5755543134912451,1.5426196308465685,-0.3183334824582518,0.5430607966392149,-0.3059610618747918,1.0615909769928298,0.02956645212274919,0.6019018879834114,2.357417850877509,1.0788905552569632,1.281899865564743,0.5675481896421348,3.578483882271819,1.938207062001287,0,0
jalan,0.3559663838124112,1.520938184951324,-0.17988830742287262,1.2341514531578597,-0.061898118961364365,1.7415098841004908,0.12412882266653064,0.9425115683932976,0.19352594673639312,1.006486402721699,0.015895550533748675,0.4857598899095272,2.4775584801453805,0.9129562801966865,1.3114595916518887,0.6735397333453425,3.7295792923926077,1.90996173373113,0,0
jalan,-0.3748080703829098,1.4880421570080131,-0.18686612370455621,0.9658264728238697,0.6797525459991556,1.4746589655398081,-0.014033994318073657,1.0911578703448779,0.0016936633900503152,1.2733180656162564,0.28199874188590757,0.5131368671601765,2.2759780825303193,0.8562777903598977,1.6068063001444408,0.7402004410668664,3.269269436232347,2.3307130667998313,0,0
jalan,0.21388376051265187,2.203913716056597,-0.22582513881203733,1.4000149216173294,0.4254746444054371,1.7458352053542696,-0.16359337138864177,1.102452460482135,-0.1292802564155937,1.233237186767969,-0.0734974287194062,0.6427464853655515,2.9292746195538735,1.215924624399823,1.6645943526969018,0.6323821688865385,4.299217484054247,2.4938929349024943,0,0
jalan,0.4284156335446059,2.030891475458856,-0.008483188898665027,1.290090087157574,-0.4450420029310143,1.7937112104479929,0.004760331574513404,1.5190297836777404,-0.10887844454808522,1.3032531804670562,0.17337497068011856,0.9313236564199872,2.604503110359383,1.5936831907566662,1.9916907488884505,0.953279965611759,3.908305181291041,3.0897433242485675,0,0
jalan,-0.08462488119068869,1.6233813107282735,0.05485365594504876,0.7410184713965705,-0.59323276368846,1.4106017070731056,-0.2842339597143715,1.423018541408235,-0.09483773852683691,1.3282140540284044,0.09269908021421633,1.0554297422169716,2.043110793852502,1.1504603368088098,1.9624482042573044,1.0546716306521058,3.0594465302556415,3.0844361857469567,0,0
jalan,0.5537038917527172,1.704029523064832,-0.2545271063665589,0.8869345124764711,-0.17599988594159058,1.7703811184030491,0.2855443216922968,0.9467317198457671,0.09897556665704707,1.584090299195293,-0.1195328760966318,0.8829066408807658,2.528540621056352,0.8791656380521607,1.8346458931221816,0.9444199588154981,3.674363653110584,2.8400612535591314,0,0
jalan,0.026108865378714353,1.3870749585363111,-0.17868806661955997,0.9294649883712038,-0.009021990495677335,1.5582404259858589,0.35986250951437987,1.0023919661844571,-0.307660337332969,2.1437318477062806,0.12004133273017102,0.9368849089768075,1.9541128754649337,1.179783724974442,2.3466679243183446,1.0754672053364263,2.819418225551823,3.564852612159907,0,0
jalan,0.4201926846206011,1.573259285363393,-0.21538131461255408,0.7164385330418381,-0.6433859372996972,1.0576121774799754,-0.3327587644839364,1.3108049723231856,-0.02367268770754967,1.9937322473713188,-0.08863435825166871,0.8616558640390706,1.857118170811635,1.1254230678025745,2.33405910920052,1.0262146809268242,2.7036843896429894,3.467982839234033,0,0
jalan,0.7181834205443827,1.8409606162167347,-0.20052667040121372,0.5818391195761378,-0.7993062854068769,1.3662767631685537,-0.3025313974062524,1.2551725082209648,-0.27098233573714725,1.442744928514587,0.12752665336551472,0.5808089979606266,2.3583379065053496,1.0878448360147221,1.798462924804375,0.9540544919736421,3.3975151327354416,2.547279573308094,0,0
jalan,-0.41449177169745505,1.4313962060897223,-0.15873234282289758,0.8344652222185703,0.06563300302251338,1.3035298149076289,-0.08802753177646981,0.8764988714656434,-0.7095457022745072,1.3922234683267227,0.26019933355009867,0.6144606639533662,1.9264425806945216,0.9482036025908732,1.65645399207536,0.9472582427220321,2.796135482162951,2.346115847201459,0,0
jalan,-0.06830748617656171,1.2425198489355063,-0.1180560713416093,1.1844419787306197,0.47971791386845813,1.496241800974062,-0.006771901235082352,1.0406796893477332,-0.004578107206653204,1.506115711993588,0.06711205657286991,0.9037939127357064,2.136264102487102,0.9094070850580144,1.8808387011530834,0.7743204219059417,3.152049161644064,2.8307470951513483,0,0
jalan,0.3800631058060003,1.7391405877666073,0.09643425237361697,1.0345264012634023,-0.20157287069819843,1.7464887137223772,-0.06643504361285206,1.010604674209687,0.6174489504683873,0.9690039778833732,-0.1328945010170756,0.8269349107465612,2.328217901990523,1.3660410473834368,1.556706694134124,0.7769746969864634,3.3711814361205397,2.43115104696432,0,0
jalan,-0.24951766022621769,1.7641693795582234,-0.09584015509601888,0.633755275679077,-0.6999547268357605,1.2570693039038972,-0.2993182098624542,0.9532015337520979,-0.2729199058171676,1.5294286162952317,0.07925797422251928,0.7263310220947025,1.9558987011635294,1.3405344353739357,1.6710186375152927,1.0615426154387764,2.8104751726620933,2.546416020755882,0,0
jalan,0.13876039910950483,1.529230495452417,-0.36748127536391534,0.9015910882862045,-0.20054247549448076,1.4514376823268302,0.18846044432300413,1.2588156079017672,0.07416499521273075,1.7201694394816334,0.012491359024173245,0.638095537650503,2.1403307243540213,0.909546183822504,2.0369787604422624,0.8950758920681101,3.1826235470673523,3.0316765219471757,0,0
jalan,0.3135333061864949,1.336570695607268,0.017448651821190528,0.966027011495895,-0.40415070889434984,1.6910130752477401,0.2095686854846907,1.1034955312362325,0.38698914112747895,1.3792097983763625,-0.05315754081775606,0.559982202149058,2.12216212883235,1.137841465951923,1.809187157894085,0.5707644015371973,3.1410398290542503,2.7341228788991057,0,0
jalan,-0.25386115067723325,1.4220230592675271,0.012078575867288084,0.5818851234778432,-0.788132973019145,1.522027811984311,0.00698222188960528,0.9856036654920773,0.44436085231945827,1.4158667930440825,-0.11631804533164722,0.6122818588138927,2.074147497093881,1.0121447237315369,1.7848334947201776,0.5885071111223721,2.989918357053283,2.691301241201299,0,0
jalan,0.21961370442415626,1.7644230065625075,-0.3045119888489123,0.8160684911214308,-0.4120705074099991,1.6483897767138582,0.08204748089668154,1.0086128284396099,0.6791951617370867,1.1477562770486482,-0.16350354979728002,0.5019736184359104,2.448864924814098,0.8675998158372458,1.6140430367151952,0.6744934109877226,3.587127629892835,2.398267198344357,0,0
jalan,-0.2159741622591717,1.6736154257503504,-0.015093497591197366,0.857594033297677,-0.2996419455841728,1.4374257616479438,-0.20032064849075362,0.8805290760486449,-0.1401099095091724,1.2656220881973854,0.10798622903194578,0.5702069520860278,2.1009552496579644,1.132293389645526,1.5278183981946845,0.6454464760720954,3.057477905939884,2.287185150010955,0,0
jalan,-0.2590881312620202,1.4709497352435257,0.06217984636820006,0.6422924106327808,-0.575004478976118,0.9986143882040789,0.16773563384149204,0.9492561809237601,0.2285902311357682,1.3311345552374219,0.1560076763101338,0.7967155910545691,1.7832988837922488,0.8757086377535589,1.683173017274479,0.7428720796622252,2.557567439890378,2.5198979953210623,0,0
lari,-0.09079547196692063,1.9761825977786838,0.04933172014554341,3.7298266527479798,-0.01864656821341196,2.8737485831363196,-0.018067006084386116,1.6168685267453209,-0.6660999802185171,1.2280388675130613,-0.00022250769365889545,1.1884071266568168,4.332092743548723,2.6701832260642715,2.0899342623472545,1.2534794694816265,6.349175952902542,3.228676365954558,0,0
lari,-0.13826391836141733,2.1074762825430797,-0.01983161793767624,3.7924668555212584,-0.0010031262494784976,3.1832008436643897,-0.14490756135854746,1.677098415193166,-0.34905066287842557,1.8815600792316833,0.09960601643793353,1.4033072805247642,4.526881362678938,2.8769924662006368,2.6575886852733275,1.1586107438000408,6.670827612408854,4.048663953857462,0,0
lari,-0.02889408238336399,1.915850744439245,-0.1709260401483229,2.8542879479638184,-0.12138375286300278,2.5615780020151155,-0.12855547520326438,1.8883021878338413,-0.09283861591472999,1.9934418735592077,-0.08320751867983456,1.3588675961739474,3.7110367668777893,2.124490450744826,2.695528981326551,1.4419225215509834,5.39835864017572,4.109596005123087,0,0
lari,0.0258167769277614,1.8540897836133454,-0.09710544772144371,3.248596724440323,-0.04892531564833066,1.8957930360844983,-0.19529227488768036,2.0151121713254256,-0.8648085239573652,2.26069531459418,-0.3668272988841036,1.8281744252221406,3.6000680345864,2.122798333681175,3.1280971655353245,1.8867183102552683,5.148792805193288,4.721367301654372,0,0
lari,0.06907052735431374,1.3321674684503344,0.11814273974720954,2.863384780828828,-0.03213361056322494,1.2004310685568433,-0.2637791630234761,1.7221521535837399,-1.282440824918308,2.3670152770655997,-0.22984687078232927,1.6071852406743132,2.8017301719492225,1.8723397563246977,3.1314054407871623,1.741200412544285,4.003513905516613,4.605911428031957,0,0
lari,-0.07029544447865518,1.4183727359638245,-0.1329315070789899,2.6549030797971747,0.04390183523620696,1.313660089495022,-0.10183870048958543,1.6629831072851011,-0.4496216727393984,2.235323113954462,-0.12000975705681224,0.6919888137783762,2.7315456036178904,1.8094400856819515,2.6296854160919327,1.2186713138184777,3.956161890904797,3.815739511827604,0,0
lari,-0.055831410106560196,1.662777398900679,-0.1526120487244212,3.04583287829542,-0.01546039580623756,1.3568632573252568,-0.0071463699089604526,1.7033795612461926,0.5686384823742575,2.2681082514797195,0.011654799588671492,0.9570474964442534,3.1259714688314557,2.009855374097654,2.648319167608307,1.4846288271354708,4.552635378547037,3.928921371594646,0,0
lari,0.009614690945076474,1.5113273922105328,0.0801505662478516,2.560732541519873,-0.12922607777552395,1.3652825188968765,-0.015081155488719142,1.5714111900098606,-0.20161918322259695,2.6584977869628057,0.21329237461846987,0.9661000382410553,2.7680356370551973,1.7290150342719683,2.7474833757295904,1.7124901945498872,4.070398182440256,4.1294317463428465,0,0
lari,0.04905144438789919,1.9949813401139573,0.011360610649114956,2.4258373883443483,-0.1007504719951658,1.8605966820721302,-0.040449708274737324,1.5679890442678572,-0.8671919802979192,2.473832869833311,0.047352474808666084,0.8013797152908041,3.1384354819678117,1.8411956782304952,2.7388454913216473,1.5514956675729068,4.67780838423119,4.011996432085229,0,0
lari,0.09672090798741455,1.8934428555094975,0.11103767220501604,2.5590699209291645,-0.047937233451717826,1.9567035459063695,0.04629916560179804,1.5684045179266177,-0.6360598397499817,1.8494885460498824,-0.2484791070247619,0.9970608737230988,3.2975052697439953,1.7330618121136703,2.406560776117185,1.223840419919626,4.851650730801423,3.6254317850879247,0,0
lari,-0.042514067890025264,1.659615120857016,-0.024458324670779286,2.878038722836953,-0.09692078217356509,1.697481723880855,-0.19172431828952757,1.559720563791705,-0.7077021086999156,0.8049368003884928,-0.33883668729003646,0.9977306973063366,3.215617195690232,1.867123875939972,1.9689234902122794,0.9051524415206151,4.685901984304071,3.0879868252855487,0,0
lari,-0.16281168696177326,2.2742015169787373,0.019593058342263284,3.2398286312256817,0.11873304781301887,2.092624879787855,-0.0923898504078935,1.5517362457083086,-0.42649084058199244,0.8177678819244221,-0.08058220645175405,1.0058520055829088,3.824723451174023,2.3049277403173773,1.8311996982441645,0.9487449132812104,5.552720728130708,2.835496196846452,0,0
lari,-0.07010309926487283,1.9876767838318405,0.03884963073293792,3.272032516491216,0.3583270700110164,2.333036604107542,-0.1431426061914976,1.4919203228051978,-0.7732821299614158,1.1360669621892132,-0.08891208707598235,0.98072272767233,3.7671513525113034,2.4293049138797898,2.0665693768415156,0.8928220915547879,5.409476015666474,3.1288115652078363,0,0
lari,-0.06905467584885087,1.8742366801492276,-0.1721754049336576,3.6250846762355757,0.32670635281814486,2.523419078646414,-0.3374211854788588,1.5566624860829341,-0.3376322191321776,2.2242420583252485,-0.3484803580717438,1.1474486361306322,3.682038643858789,3.0773153088691974,2.732922082462815,1.2229465713001721,5.419647357605546,4.043923919672776,0,0
lari,-0.04913209516710429,2.0432550795728193,-0.07948430754103743,3.6418786055448273,0.0248334151699005,3.4327148698078367,0.08365442035934904,1.7297556833978844,0.20551345867982235,1.9946082045630351,-0.2948782350404225,1.1546168086912008,4.104242583635401,3.495166457716848,2.5971398367606935,1.275911917313984,6.047691442746086,3.808422993755463,0,0
lari,-0.04318976682788023,1.8373266910558206,0.0701539568348458,3.484042151704424,0.04333927967899316,3.2608970854405888,-0.030925602111302103,1.7345666390452432,-0.5495958944004699,1.509860181418378,-0.28267982398615943,1.210042875360137,4.080216464575566,3.0561727611406178,2.410421534921081,1.1271958907163317,5.945427066776936,3.557312908400617,0,0
lari,-0.19297063343626306,1.7124189994876584,-0.1051437807651362,3.2529430849508674,0.2883113394768908,2.0909115634238793,-0.2611274254593676,1.444250062273268,-0.9855766193016133,1.9359137687441446,-0.29517955473940577,1.243340856113046,3.444575566935448,2.456363596050555,2.5918956681188323,1.3159773026061243,5.15809568517852,3.8509881734714977,0,0
lari,-0.11728754833714379,1.6117298504486637,-0.07720952891777433,3.0366254226740996,0.25534235076714173,1.9727988903730738,-0.06506506152411343,1.6004405334148333,-0.7073765444329898,2.094228053392934,-0.05694731862753284,0.9490667082438166,3.2248974713650433,2.3003182038647614,2.6047152326167695,1.2279431610315357,4.882553572388301,3.8518970399070853,0,0
lari,-0.05589114026432938,2.0589618649110113,0.00410485147360387,3.35062505924862,0.1301303376227267,2.2074057288147793,-0.10567151628394006,1.5215089126592198,-0.23630043607627407,1.81914937756007,-0.023763682270819556,0.8558976319187629,3.665973901985362,2.6045755584969252,2.2848654449378807,1.0732020511728635,5.625656101696128,3.378900755223953,0,0
lari,-0.07743850982467061,2.0806009621570953,0.08733136674712255,3.315290936171584,-0.0847423374312625,2.04744079100246,-0.14920161174005264,1.3299625416988932,-0.17673080439252334,1.545742738542202,-0.12252582575596785,0.8875982707383924,3.6030959967077196,2.5337024171044757,2.062536140957527,0.8474228864659522,5.5351809402449526,3.0808858446547096,0,0
lari,0.028061041503062118,2.1789959879614793,0.21739156672092094,3.386577291508021,-0.38424475714153966,1.904456603394232,-0.13348940882906754,1.5312891521386227,-0.8861633452059173,2.016832006311655,-0.2369301893768132,0.9288971714531116,3.617630670344349,2.611916023488221,2.6395372635955225,1.0515205594210164,5.423971066021117,3.9451677516851116,0,0
lari,0.19382905518424612,2.2001343403977214,0.15660059740899882,3.471230259004345,-0.6842205191729065,2.778793447343656,-0.09691493453680769,1.5935572108328817,-0.8547985294622612,1.9528596863755252,0.0008402863898369395,1.1250003808124878,3.9849170526409923,3.0178415032744987,2.6827549121957652,1.0470854689132996,5.9167182512431635,4.065353431617703,0,0
lari,0.26203162077829284,1.7321101851933547,0.040432170471935744,3.3244981591859153,-0.8447828877233223,3.5040419787104775,-0.03976939458921314,1.543516482474057,1.0000906319276757,1.7473717053834963,0.4255462332549602,1.2126880862944303,4.041357697220762,3.2596209228262363,2.6462829634001235,1.0137134056590553,6.045315993328172,4.088897697744188,0,0
lari,0.2746488143775242,1.8670727422994557,0.018867159727109038,3.063599347197675,-0.6090113034592959,2.7900872904690575,0.08840197929428832,1.6871614325437736,1.7987853684332828,1.7816989014753062,0.13274161433146126,1.2827830669108418,3.783723502494107,2.5780240558583336,3.054611410986084,1.2391938063091672,5.7357927220214755,4.6977605976444625,0,0
lari,0.09121781231721529,2.0370256431559093,0.13895180465203413,3.2220981169070666,-0.3020220624849522,1.7312770364179328,0.12681523267566028,1.797521537198468,1.0612239429887584,1.8022851949178325,0.07107458319581411,1.1568609562760965,3.7494201942908676,1.8570413771339227,2.7197050717477746,1.226805296612612,5.6359216369317116,4.125398526522457,0,0
lari,-0.05327534121274288,2.122608055458905,-0.12094784592922578,3.1712768773098423,0.029371787983134615,2.35365551727567,-0.09573570352287313,1.602324158237733,0.19252236339804962,1.199066288963563,0.24075936966498523,0.8162265339655448,3.9254213124679267,2.13450052960918,1.9982417876085927,0.862190750615645,5.866297745518389,3.0154780599100484,0,0
lari,-0.19697859774029802,2.5838683535902334,-0.1246745264844768,3.081549544089592,0.08359804752083293,2.3648874500861967,-0.05943092045103792,2.245770476193021,-0.012812835659734458,1.344446162525309,-0.09871418985995595,1.1601158884045788,4.065069415446202,2.2661116389281366,2.548980258165411,1.283563865213903,6.02951321363796,3.7933486778927534,0,0
lari,-0.19248118634864245,2.5157204406249245,0.15137012842058864,3.2539828613385673,-0.037176905366333585,2.2643745893400133,0.22567434625120256,2.263021136552182,0.3314967045266505,1.7310852978047049,-0.24375072379093976,1.0911844051949802,4.14399021757862,2.1818555579760783,2.802637775542987,1.2637019631790951,6.129076912717323,4.094729548449483,0,0
lari,-0.013379780009880875,1.8056296155867377,0.06804219438133093,3.575893615971582,0.1164198600578812,2.0411552841286333,0.33123192840591686,2.0575923468030894,0.35811710836933947,1.475291274437251,0.10155893770529156,1.3316621210238795,3.8496406279857736,2.294068207159595,2.571590446253773,1.3245387673471254,5.656733666190576,3.664574897159328,0,0
lari,0.12966567866060896,1.4575746138331327,0.09183910731620669,3.686511417940143,0.07073437000795937,1.4844665489923334,0.17311322218651753,2.0960887693796137,0.7372974449809306,0.9813779020650022,0.42044666493763266,1.507750010438681,3.538287918296983,2.3028562373745074,2.6271791506563678,1.1900180883719798,5.157216207238755,3.826687579857754,0,0
lari,0.0840482193611568,1.6910623087849241,0.02759518751660005,3.8706692166528365,0.0818191576744536,1.557239464975358,0.1690863945581187,1.5518509648259846,0.41382869670288064,1.7013483294509824,0.1555789834765274,1.079644066285595,3.896554621976504,2.2237199363118894,2.391432206265028,0.9581524194716037,5.697290654667728,3.621958725343861,0,0
lari,-0.18874917293681187,1.7178719043327086,-0.24973221947243487,4.0078944308799445,0.06302259392894441,1.527040644040457,-0.024066696837096217,1.6827648392642558,0.08599028277822565,1.8963519875146628,-0.10743828022005054,1.311882525598379,4.033587806743653,2.2394143611044894,2.616520369139662,1.1194934645913952,5.801167649214069,4.029278847100775,0,0
lari,-0.19554878010063267,1.6697643097000585,0.09178472986983482,3.5684733555785377,0.03163599984143256,1.4945101825456129,-0.30529417362091715,1.9908821879172285,0.26394880927799613,1.9787968693408626,0.22826620976362005,1.6510247960877826,3.6868132998650043,2.0183979944509676,3.0494100618554256,1.195597031443744,5.22813070057535,4.631899149367087,0,0
lari,-0.02475037403873337,1.908411225641562,0.38324079771076514,4.865489705825208,-0.3397001040590391,1.9249294486645068,-0.27273520571642484,1.9010402141697003,0.4218217530067371,2.4308336963252124,0.12597609389179523,1.9619896940209998,4.92329800814339,2.6081054835278423,3.3181004406129375,1.5881455869715904,6.976765367011989,5.035769838264541,0,0
lari,-0.0463192878329656,2.387414841843537,0.09619217102637552,5.612585616074635,-0.34898690895058293,2.5889809719941637,0.0809085440766634,2.6103763314621746,0.6898053286577612,2.7350382161233067,-0.34509226259319303,2.0541341695707054,5.9674854557994585,2.8403585119818335,3.801948674452325,2.1261903842011765,8.58143761819545,5.938571127013202,0,0
lari,0.09429836269851835,4.1222781956124175,0.38416472614443914,6.252531689609083,-0.5898673716908296,4.2171069697095955,1.993611596748869,4.913477205772314,1.8151566948423135,3.9074701276211847,-0.24927537721693682,3.754819622787531,6.988260453823673,5.005173293081231,5.827190238757834,5.159029751354295,10.457567845855207,9.25971828169814,0,0
lari,0.14602346666403396,4.182514081384102,0.39155938538535695,5.240260219484579,-0.485965866750526,3.8358312546205435,1.7131103098823954,4.575332352422575,1.351872018050427,3.594056141571996,-0.002654820180243449,3.6205081230703446,5.708602197912998,5.212004836477867,4.76723341646012,5.367804546567814,8.58405638838141,7.511760391162428,0,0
lari,0.06195784324279138,2.4543642974807587,-0.17691211379367064,2.8368196292052237,0.09185130367503885,1.5473345554705609,-0.05037955562051841,1.842885239766861,0.2784289822290135,1.3880264633336434,0.13742433465193757,1.3770109697742066,3.3189355083285594,2.3201526909947763,2.5023623389240366,0.9969355187170759,4.863934642477705,3.801573652686125,0,0
lari,0.2932778731270988,2.3284529782483245,-0.012500386621911054,3.505457083586496,0.2319098928558759,2.0698644464574767,0.39326533947825815,2.255473589881672,0.9941226248656925,1.3512507135272698,0.11859536003186029,1.6972257528402521,3.843252312271092,2.686231426136,3.010972974306751,1.3434174501336729,5.760094394790559,4.564454768613651,0,0
lari,0.21962954640093352,2.2997504725773092,-0.06230393543706333,3.478165144229822,0.3287764063433981,1.9668732183245436,0.20881082736727183,2.172882574938647,0.6383794693547233,1.7035564557599054,-0.1356725519279617,1.7574238132408084,3.9508804534410276,2.376926331386461,3.0333428715672532,1.3755841725966846,5.892731763274015,4.551097145255681,0,0
lari,-0.07959025944903486,2.332825671950755,-0.1697322920383529,3.697095759020026,0.25119741136121787,1.7679260793965865,-0.242947150849331,2.0899867546219695,0.14127205401966136,1.7455317502358167,-0.1110652051614677,1.8114110002290806,3.7983927785653724,2.786013015257225,3.0631505428732027,1.144860948197295,5.547828088315279,4.670121473595825,0,0
lari,-0.0436804442992813,2.537368085242481,0.08939903954742062,4.055517437067892,0.4287530287260277,2.6617511274176997,-0.09656673450853924,2.0026004693452593,0.34981821832372345,1.8968758490188777,0.18447679918187082,1.649512925823372,4.401323969172075,3.2555702721178834,2.998505270850328,1.1895338505917588,6.491750826102648,4.578476654541771,0,0
lari,0.2798156337957228,2.198816690964881,0.11464697072141687,4.1757621097799165,0.18098039101302954,2.7541973359833296,0.13591595232546727,1.9189925946781627,0.6549355451951151,2.2971922239934393,0.0461412461599952,1.2536399686391713,4.6482373509832104,2.856305673791146,3.0646846563289234,1.2239925443166222,6.930166110189139,4.68681533735706,0,0
lari,0.17442184572873465,2.061323150362704,-0.12700248395027727,3.740222455989404,-0.18132900579067374,2.1613310666573007,0.10028057507328002,2.075625420069572,1.2910069418397225,2.2694847270107865,0.03233191532158801,1.190252789021984,4.085082159540869,2.476578979695611,3.3381761585422187,1.146408128944704,6.136140659903405,5.081922534330201,0,0
lari,-0.04231979441200951,1.8673638423603984,-0.06723151339185983,3.329208351191042,-0.21455527288321904,1.9604199493679924,-0.020209040602392904,1.5917170875159772,0.7510891165287957,1.9641548521712313,0.2557902033980561,1.0573172408013491,3.67776752003877,2.1918476581343427,2.5398579536310693,1.276590675141033,5.546635216263672,3.8603660098342703,0,0
lari,-0.22983687281812049,2.408556804219504,-0.08053757482503472,3.8004563475812105,-0.00454807874580537,2.2245016053922946,-1.9398170424223256,3.85270483590354,-2.247721845351622,4.236329451668071,0.8731151874494024,1.7892745446162273,4.159981044458662,2.7879577239870286,4.3607509908930435,5.14366694042519,6.359164139214794,6.692204474484904,0,0
lari,-0.19462759474134705,2.707147685893442,-0.12491702182403461,4.252437503605892,0.2674392277069798,2.2182202779747064,-2.0252043187302475,4.002621725297486,-1.9378427752064642,4.381917561858954,0.8868094054528762,1.7949167661564813,4.595177016052823,3.0215399890532737,4.5980032876593855,5.081254234588256,6.933259689260202,6.967776985957466,0,0
lari,0.010613873376307733,2.0650439969982206,-0.05337035947579258,3.6144283308345995,0.17023969298341768,1.9512084040809672,0.3440491913696084,2.0727574658075625,1.0765463675015785,1.3598398491733938,0.27685088853634887,1.266064279028525,3.85219016204722,2.485702455734962,2.6638318966344627,1.3958418001194597,5.749102478537634,4.068877454027126,0,0
lari,-0.08763305024173679,1.655805057386773,-0.08041675285087119,2.912353931593497,-0.055839519695795446,1.9893474798054684,0.1070314706774072,1.8777948473973556,1.8580998232990573,1.9008843915955633,0.14663812143554086,1.7565176396052535,3.1696545004907613,2.247275346777795,3.4163488719756914,1.3986410064457078,4.825432966117399,5.283255474694268,0,0
lari,-0.1652329059181066,2.00837537797899,-0.11214004653697356,3.0801330126192052,0.04046716206405192,2.1387770008818165,-0.28271198327017244,1.4891406621449659,0.48703695374133793,2.9499429105736406,0.08679717701307636,1.6845846231549328,3.5424237049703184,2.3370005168862353,3.3518364015820414,1.6544432681433487,5.341137165981098,5.02829666820241,0,0
lari,-0.23889273754069706,2.9437593559157165,0.033937139695283704,4.297345406167764,0.11244335617794167,2.561885823623705,0.4169546490674425,2.071181528741138,0.020658703773204924,3.6462730010266298,0.09253918050203548,1.2261435726879293,4.808443539051618,3.2269273955126474,3.729356256213852,2.2857454371917987,7.203081852483955,5.4739643337390955,0,0
lari,-0.05980891009846059,3.0495366743899575,0.016582356391035117,4.472836882943243,-0.1891971542680125,2.698785379804659,-0.7573979466129461,3.561223062105379,0.08777197905194999,3.4965015584635277,2.5706443793483684,6.74656717975899,4.996871462088578,3.3776472010437564,5.860729549848864,6.556759083346783,7.466314592275728,8.49906246211021,0,0
lari,-0.13198549540077203,2.660026173943124,-0.16543003000309411,3.761016713054469,-0.10078666129410087,2.301722767348842,-1.1080683035730237,3.286729146311514,-0.7676490797087936,2.1521121436874977,2.4672733843947894,6.7903007297475915,4.344579934235173,2.740142098916462,5.094708836325475,6.580919455455145,6.45640172895719,7.378733057869266,0,0
lari,-0.3747632317665693,2.5172635471043825,-0.12096471749004623,3.699223163072444,0.4231376490692024,4.425647572851025,0.045878343663201246,1.8311421902156946,-0.8905087692891014,1.5044953160915246,-0.3304961287529465,1.4711979534937,4.744203562396116,4.1484827388383145,2.7412224272979775,1.0508482231121221,6.962168565100654,4.147997036386002,0,0
lari,-0.04290595336256206,2.123652348944649,0.16897863467371174,3.9415182526290877,0.07916954347660479,4.729752943856047,-0.24837606515251714,1.6846189736181847,-0.6679491859928889,0.9365616217083188,-0.3848247912986162,1.3876860416361085,4.819428714556156,4.357929895365176,2.3591427722967824,0.8255613207242759,6.96174518770531,3.629381380868933,0,0
lari,-0.008111605322959993,2.0280014683964,0.02789789841865088,4.4065869910616895,-0.10269967226235066,3.0969431267783363,-0.29306494588613835,1.8415974365342338,-0.48314324848215,1.1701255266498816,-0.20092221054022413,1.0945515367476928,4.706401655742493,3.280153329831826,2.300869701802471,0.9871976277695709,6.812962819155117,3.502163163059141,0,0
lari,-0.17657245170751698,1.8208259739488077,-0.21455386114315061,5.030507479229243,-0.17217367506825076,2.85284243858105,-0.09114222732035784,1.6682262751623005,-0.22063637013884527,1.9140702775641578,0.010786066361616409,1.0361122243557406,4.854564236388844,3.614306941052351,2.494568822180647,1.1367154496667802,6.968023833031662,3.721834678522187,0,0
lari,0.03840679141731569,2.0931126278867227,0.07368864849113238,5.393123619832717,-0.736327448099862,2.9431557917530484,0.04509782265448828,1.922390787620045,0.03666726418159054,2.2044587657723618,0.039298125725542074,1.181667968658955,4.970291374339336,4.210744438754765,2.8109081449614655,1.4055324968960226,7.131888633374299,4.2344627136713715,0,0
lari,0.23056648653299713,2.2696464150274913,0.0056700293068884825,4.556957217764078,0.12122909838633465,4.287361413783299,-0.015420391986221152,2.0373597480152172,-0.8653975301112502,2.1512261599585334,-0.01670618852531988,1.2801730275750562,5.089676833504341,4.266230433031242,2.939902739170494,1.563368175637851,7.307933086046503,4.384436541792144,0,0
lari,0.12246514958873057,2.553705472626749,-0.00744144542586139,3.8160019810113264,0.37781315715540614,3.7607702097431157,0.09693572407122794,1.6001626283449444,-1.2145380513561708,2.519479447785026,-0.21212887191850222,1.3335610980819836,4.75995552960367,3.5355378775966577,3.082056784144293,1.623762731589055,6.947111089245211,4.43712519239126,0,0
lari,-0.1428785062326703,2.685433910926583,-0.11660980815717417,3.9642952611837217,0.2843377479220779,2.737934329226963,0.20873864108470389,2.1962750173822547,0.36622018198754125,2.976570889590482,-0.31391554553755063,1.301274056365877,4.509387883950555,3.16220144753478,3.529624179360389,1.752668505958858,6.778345913574271,5.208675958783906,0,0
lari,-0.2962252995148301,3.0377458663211385,-0.2090884152007884,4.29226485010808,0.2551862863901466,2.6467288194415852,0.1700047276845154,2.4513418534635,0.836643202825531,2.384741744939316,-0.0032806691300736085,1.4403344777671905,4.663585410463059,3.5897727031465867,3.4087647037479885,1.6642814930354235,6.998087203397902,5.167972388046866,0,0
lari,0.12421336213495353,3.01522310188125,0.17931200400317868,4.1028303801945025,-0.266916107312374,1.4646424520468853,0.3909388660824997,2.146799877915793,0.2735575140633134,2.02945618066517,0.08662492150416626,1.4053275584542508,4.3258579362368685,3.0476094992142677,3.0120284308086296,1.332658653027692,6.381126791982569,4.436158064960002,0,0
lari,0.21955041753768628,2.0390610430719143,0.10066249881719122,3.7057919008263607,-0.11276058783021992,2.6980451797793163,0.11054061998807915,1.9283026995824126,-0.45097723671511614,1.7273379604323509,-0.1618333231014971,1.0963503101314513,4.079848787988336,2.9032017105021266,2.670353845218455,0.9723404433807049,5.953254054243627,3.9027792671051373,0,0
lari,-0.0154173590996496,1.8828507071709248,-0.09311479235101311,3.3130835761702038,-0.5347811643578483,3.353904561762952,-0.12272901946485842,1.4068469474964058,-0.8670426746605203,0.9096886732180464,-0.28243379606183056,1.2109418443821154,4.094958576688321,3.0216116062937233,2.0981666057176476,0.8255342943177824,5.9682725348816765,3.189822523786905,0,0
lari,0.03708574068104224,2.03897741278564,-0.0511097903838907,3.3462798845480877,-0.48438268574845766,2.4767186404845667,-0.18499821374064707,1.4379897289940478,-0.419744673504297,0.661299686282847,-0.3088994568235431,1.1799879376595532,3.927943202059506,2.479030846473653,1.8616131932458757,0.8401258679660929,5.686352730168921,2.853172928373658,0,0
lari,0.17604660211030634,2.4387623823072064,0.16669409532381455,3.7848146478875657,-0.32343581747512684,2.171239869864959,-0.20509034567209386,1.5260438933538842,-0.6910740709756511,1.0780788028311303,-0.06966506462276986,1.0554284124933981,4.225852374021672,2.667113892944217,2.052005651113967,0.9388981958282604,6.159687280277596,3.150804899985418,0,0
lari,0.07998339540875707,2.4167121462072507,0.0980584859597787,4.890898170004773,-0.38070574876756924,2.544652963510827,-0.18491846901469158,1.5779518207682621,-0.33404632695414077,2.364125357306382,0.05945325979942893,1.3176759171780696,4.820418359741455,3.595562825808308,2.7994276446467357,1.4318381605736927,7.0140438104434715,4.195460353940412,0,0
lari,-0.20415565121806,2.0837595258304016,-0.03290386365399179,5.001001403610154,0.39037138619862405,4.860814485890404,-0.05578170498848761,1.6660903937638436,0.09892970801320233,2.427563010427469,-0.2187920946876883,1.4481112988628255,5.484746340471354,4.773929622268782,2.910804848536842,1.5063066232506988,7.908183467894917,4.431641659469617,0,0
lari,0.13021111605091018,1.945075844011841,0.2616816269223584,4.421329866489043,0.5024439425884238,4.634534675779342,0.0841173527846241,1.60972720871015,-0.34735781426928297,2.3665646172716532,-0.36098870772519914,1.8450469859996899,5.049659965374414,4.403981434599658,3.0278307591451674,1.611315603529566,7.198635163724517,4.6643519460905285,0,0
lari,0.039306499316532045,1.9135914869435353,-0.010835742046627446,3.831974861529337,0.0381788924988781,1.5691601598282485,-0.0460339995568297,1.6499669765492802,-0.893241602237388,2.965082908969428,-0.10557877345863632,1.8705696511292047,3.779380791722592,2.52651533196304,3.5103278914124423,1.8400021345909392,5.476954207161693,5.263026166173961,0,0
lari,-0.15354905511221634,2.3321280992204647,-0.043994958122805766,3.1802956076155424,-0.1803380251871853,1.716200004349547,0.1714360102220994,1.6751189558427035,-0.6487187629214669,2.800490414368683,0.12951803669342657,1.1316062493804724,3.710708102201983,2.1560672412701734,3.064294591802423,1.7077096920710968,5.534333899735088,4.567709764400129,0,0
lari,-0.012359597467196668,2.365426112739569,0.02901095450257199,3.665347236048861,0.12954321884130465,1.9803949880666696,0.31377406392105645,1.4339695149580867,-0.007051857366338068,2.07803319563338,-0.12363972159716485,0.9566836420723073,4.115586536676938,2.4209061894964528,2.466441483779208,1.1224494596139258,6.097577723425137,3.7389140569149157,0,0
lari,-0.06086224713066457,2.3255888622898193,-0.20224190195577194,3.4815796188338006,0.3417712267997409,1.7903536287073758,0.0499696632580364,1.669413836038026,0.4969682784204966,2.2746567432326303,-0.08687423082069635,1.135958669139668,3.9203413491325487,2.3181567758724655,2.662171842601333,1.5337142225841325,5.816474916347549,4.019641361209152,0,0
lari,-0.029108331095867933,2.42736918909929,0.011402080879789707,3.329740439547031,0.044921453324622745,1.9436399331713292,-0.060899656048724646,1.7310277589964589,-0.47045542304860133,2.4621503253249064,-0.14806744600090266,1.2066423710591219,3.8656714422017973,2.3802720363619683,2.9122218202732877,1.4823561570005945,5.79736429294973,4.33075211501679,0,0
lari,-0.20095639620035097,2.254606894444815,0.03731230996067511,3.9331328744711933,0.3145297886472435,3.687200753599312,-0.06961361780745849,1.366367781673947,-1.1330481246666757,1.2662832052537327,-0.12685634358606987,1.3920919677127175,4.5077424769049905,3.7101711043105228,2.4291885484849307,0.87504701894702,6.738950152158368,3.669555805039305,0,0
lari,-0.1590008711108619,2.404541314402088,0.04046832612307618,4.448524236552017,0.32688513635333494,3.9174966451035114,0.18352670953000785,1.402504019060624,0.5841046824167618,1.3747986361438498,0.09085956510166811,1.5272885960391944,4.759726116216331,4.262541479505764,2.395671781642373,0.8828756874357122,7.029081641280526,3.674668932267998,0,0
lari,0.023076561936284615,2.7796094302613703,0.23205774910867677,4.171507996736491,-0.1292877879167786,2.6426803490375734,-0.04521062348783013,1.549265779137802,1.3348578026252027,2.4851272202041654,-0.19901332894035853,2.132976087330333,4.409202382608989,3.54201125838308,3.440381812925753,1.7354534518725044,6.558154323929919,5.106237749170204,0,0
lari,-0.17063999011804795,3.1463121314212508,0.13783935283178164,5.752388048140341,0.30456582227741186,3.0412860888179436,-0.5770346230864831,1.6422317010441887,0.7737042248570816,3.5575450198011653,0.12596375523312753,2.2008822243299666,5.88273448374201,4.174307623284756,4.156119987069242,1.9251355604333176,8.640508566507428,6.147571671525306,0,0
lari,-0.07888780699802617,2.9095611738295064,-0.12112890699355003,6.444292481376499,0.1408621615208781,3.3827547970286225,-0.11766360741541788,2.4315402990555732,0.8688663643160106,3.14412532655722,-0.09640010089527483,1.797772950073356,6.5632248968875295,4.238820543972387,4.032686020187734,1.8409239011918364,9.556766099917297,6.1632630484839614,0,0
lari,-0.030638350561989058,2.5672509893085125,-0.1595540595167276,4.528526856570386,-0.44562459784464664,2.9110766823517156,-1.3620657347425107,3.551211417327833,-2.011620070811153,6.004384330124128,0.5518365181799177,2.4741178091947007,4.986932961871208,3.267911126581619,5.394388027988555,5.626783213915116,7.405397577714649,8.430022557058413,0,0
lari,-0.04170823891323803,2.63985595696332,0.15867327244887514,3.344464980784032,-0.056099344005326346,2.4873941334123812,-1.5393838415580243,3.327276615871441,-2.701122456818662,5.470176052721094,1.1776487900315444,1.9191735723907626,4.217067142902796,2.5315004411702557,4.651100117509102,5.830080842685713,6.328719334157643,7.1315002957736695,0,0
lari,0.08023697251207139,2.5724996209608784,0.06320793917245425,3.8652328238072076,0.5033985689961485,3.086512895727338,0.08137748916110069,2.324371106068378,0.4269613272482621,1.4795004342077234,0.3918820828972944,1.3231669330549602,4.429101760764658,3.3964328369253085,2.7354377063145363,1.459500317733668,6.6232759083684805,4.10343881604702,0,0
lari,-0.3998182636701516,3.2355115268717665,-0.06423520771701444,4.934818954922861,0.4782155535801098,3.5734047352138645,0.6613786551176852,2.3043589504137514,1.0153572078132798,1.4472248212596117,0.1616950955184857,1.8111976111887138,5.421397541131764,4.277662445658323,3.2125124932017344,1.3304505752361626,8.116963031312888,4.888331451403572,0,0
lari,-0.38772450535716985,2.955349960381944,0.1734755789148367,4.931570640258277,0.3690920382191413,3.150026030826166,0.1602812866721883,2.2670575542526326,0.3458343653431917,2.2350047920320515,-0.3247632032361413,1.8234599832128728,5.316130098038254,3.8406108364887905,3.4394319224771426,1.3281244260496683,7.8069661611217045,5.174185118814597,0,0
lari,-0.18480533058010845,2.1201605299030972,0.21352984199666192,4.169727158072706,0.06183334984954429,2.7045913484906166,-0.34714819466136937,1.9614873623252083,0.2629210300258371,2.5005079812837803,-0.17143441311363586,1.4048052532580768,4.58870596700412,2.830551812345757,3.2307438468162877,1.3234632489414262,6.621563330741743,4.89291093987166,0,0
lari,-0.06278512071673294,2.4975256655611915,0.01874608692266469,4.361553565190949,0.24243215409602756,2.270121320399086,0.03868708375351023,2.0806097766772114,1.070605298464136,3.2166597899116627,-0.1871075466497812,2.045333476328518,4.716928413064048,2.829095850215468,3.649673858530469,2.568892456668412,7.002940363689109,5.535317835389938,0,0
lari,0.048457555549336256,3.129567279939392,0.004974465605921387,4.502839223863165,0.7413854436252028,2.998129318274291,0.1799230713501418,2.1539945284337425,2.3050044719847467,4.328490102860645,-0.7766181957340593,3.057580600209676,5.143794346571837,3.590299993440426,4.7671113797811255,3.9721604160066533,7.809795577860703,7.294972267261086,0,0
lari,-0.12245463311580025,3.438343399642026,-0.15850641263146578,4.374158769841997,0.5696327417393852,4.258749240190257,0.047873065294878725,2.1675120468229485,2.2483804873193107,3.52345557685416,-0.31832363334385516,2.67593661701228,5.528869789451521,4.310861423038204,4.147987994106386,3.479199633863525,8.371719622433973,6.418271013958556,0,0
lari,0.04351810120946612,2.940799885773244,-0.1202193617144318,3.992327460032199,0.025330386707954143,3.9396527760195115,0.09508340267883517,2.2870946141094852,0.5022815923157103,1.810924504089321,0.3512613300751994,1.3302070773975676,4.886432339412212,4.00082506486703,2.9874100985474605,1.2858971936394843,7.4507267956591186,4.531565758837251,0,0
lari,-0.16862250747320257,2.7054830768156126,-0.040685934811474415,4.106471781512178,-0.6470220630854474,3.463920558719417,0.2255150936131819,3.058255359850346,0.0688623824506222,1.8470801363164477,-0.004065022491780133,1.2289782239418694,4.351788293574686,4.183945380033196,3.2396181453521975,1.9313359717241045,6.665374301264621,4.634324574636574,0,0
lari,-0.17748582946469182,2.5734609688835466,-0.18892692342826997,4.649751324413388,0.036947856132087835,4.050193791945343,0.04391442873475124,2.9851188907601833,0.07631992451830384,2.1502937287662136,0.03598689174894911,1.556241427718265,4.90063898898719,4.522981289801586,3.414913867428478,2.0460434799704497,7.253645733771231,5.051404755812061,0,0
lari,0.02185928685963575,2.048506771432638,-0.12432653452249269,4.26763922976361,0.15788462986063861,3.55213564966333,0.034816756514972264,2.128081854773424,0.4487973366418391,1.8736058447230846,0.3558652691887078,1.5752744488579187,4.611698796942626,3.6858480401392075,2.898167050799425,1.5391568314545747,6.789469950114014,4.5142945164729875,0,0
lari,0.025137097959051412,1.6978245351911245,-0.1309388215272751,3.3454761046947055,-0.21112567793391915,2.4861877141609368,0.04667865563278488,1.6614239083206446,0.9196295964728158,1.0047645842854303,0.18598491347670185,1.3624177300154299,3.59889759198406,2.689988061575006,2.2921016571034936,1.1003032565168496,5.350727554366885,3.5414499682103933,0,0
lari,0.20447693047311824,1.8223987875917729,0.08934809749632905,3.1796147957948087,-0.10919502515279778,1.6215913758609923,0.2650689486401069,1.3209590406191807,0.9783511510654144,0.7758739589126278,0.05152843514269906,1.3516584724671135,3.4310666688589775,2.0571478451152694,2.0886647960776714,0.8987769168218391,5.0226160350721685,3.2557259314022384,0,0
lari,0.057149307029224,1.8944823282955643,0.011188198244596072,3.4222392305363134,-0.027573718047619707,1.519140950209131,0.20907689663744208,1.6694996208452464,0.18388430264237318,1.8178269744279683,-0.16948250103822599,1.1215436622535784,3.606281299536615,2.1156881175806244,2.455090068780927,1.1698536109342599,5.290471900037626,3.7660878200572423,0,0
lari,-0.044997027631302186,1.8293499986943984,-0.026236727986325755,3.2011156768113542,0.004513748598774827,1.5732428700403065,0.01432943227590341,1.7034740328752864,-0.13220586672445508,1.779002112087238,0.031370972856783946,1.1477775834096258,3.3579873398794744,2.1636863088066334,2.443599838131453,1.1710794090818872,5.004140763470073,3.6854998749307124,0,0
lari,-0.16269644569895228,2.335776837098342,0.024171954817672408,3.3256811291587267,0.11681919743198116,2.2575877064820506,0.003395467191801911,1.5204863555674395,0.7291876998033877,1.6822255252833977,0.24952921057308072,1.0679534932531403,3.726941560619165,2.761055152008295,2.3258436054499256,1.1908344661024497,5.604369579961102,3.492286752016243,0,0
lari,-0.16401900122560956,2.6380212061735757,0.0255874484141866,3.5302676626195963,0.41533260334329264,2.4117439773765743,-0.09340238601230606,1.5369246708401325,0.7513125838195684,1.8142766229723957,0.12334333507856558,0.9494089954197352,4.153094385721355,2.8316278761458618,2.357593290075954,1.238981931700623,6.200345493397988,3.5673099588863666,0,0
lari,-0.020675533557616057,2.534346887541046,0.10592704683687469,3.0387635287344392,0.135793693163027,1.7595177418046817,0.00411131372107514,1.4406939840306385,-0.3431356235293854,2.322779940566649,-0.03566609809032272,0.9466617692137432,3.696277726491368,2.2322228175752006,2.6663784126306926,1.1427685504616978,5.500267262461848,3.8646245481575283,0,0
lari,-0.040965981927068365,1.9935275698802029,0.15893169898189943,2.6633622100778185,-0.04999508874695643,1.3293045108535042,0.03220827227687337,1.2639938036699068,-1.3961101594433358,2.0292407380292508,-0.31818463504604955,1.343121394505805,3.148601216248108,1.6883741787842785,2.866288325955134,1.1371025999831577,4.635554815962623,4.174949710968929,0,0
lari,0.02018094400799643,1.764663143838738,-0.15707290999584284,3.713679442639406,-0.12371116800825308,1.4350850617797164,-0.15931270585150428,1.4171302874670393,-1.0185699945619198,1.0770652466924724,-0.3970523657867044,1.5394011525687878,3.6699391563875876,2.3240510517052364,2.3372560451146915,1.1193671559765768,5.197028425348237,3.592955857339875,0,0
lari,0.07665419954254295,2.392272855350179,-0.03857480693770832,4.349750922962506,-0.39302974722874623,2.2778370155964387,-0.05959293815695568,2.1583447180075197,-0.49734093566772714,1.3999681315584533,-0.15729644923900624,1.4303099012066398,4.503426127037071,3.083765722128562,2.620685382904711,1.4160541402776827,6.421603339388339,4.027808868025524,0,0
lari,0.02355744682035093,2.7445113101335994,0.19520347171652483,4.0538914788838625,0.011410204919990221,2.999653363492688,-0.1711374031211417,2.4171885521054297,-0.47431780810142504,2.2088190439100965,0.15199886068958093,1.5400250902403685,4.422815133685005,3.639312789257712,3.2579032277083773,1.628614505878215,6.498285558413965,5.0700532532046765,0,0
lari,-0.054402458939625975,2.6161871741985627,-0.1794462928494268,4.589216799616867,-0.2834996722747965,3.350112595321482,-0.12045603587922454,2.4638421933302004,-0.12515538906681725,2.409889377426775,0.1853188366821957,1.484463979865231,4.942108695616244,3.8176105574211507,3.375367012929181,1.6244083352119587,7.232605347752039,5.2300455149001435,0,0
lari,0.02726434032143954,2.29116938762483,-0.20330712909344215,4.217523880813719,-0.5734766243115006,2.6110553939183014,0.19681904037150766,2.500706882387492,-0.2524129977087681,2.248240611130794,-0.2520953991742867,1.3904128336692603,4.5429638249876625,3.0630514961572795,3.370696767087297,1.3902112221738003,6.592090642890143,5.153514264852064,0,0
lari,-0.03570593683671769,2.125473049092227,-0.025554918882781857,3.1612306509794657,-0.22057177621782323,1.4612056182057631,-0.03739980530784544,1.9447486811585317,-0.9224645065389044,2.179001495055208,-0.4068684745365323,1.2406905832827038,3.5152185336079107,2.053204920063572,3.0880010137449387,1.210578456351447,5.196116870762384,4.682556088538589,0,0
lari,0.027157034073857868,2.5693890101891754,-0.1027011077212465,3.246505400308477,-0.0994603415611434,1.6314686186358094,-0.1241732760488809,1.7566567636401658,-0.36886561035804866,2.3117620687637688,-0.1576943038905312,1.1374997038552508,3.842516390822951,2.2159795587611235,2.8918975570638725,1.206057670599858,5.753331676646502,4.319816778160833,0,0
lari,0.20250742911421962,2.6730182235891156,-0.007508877423950535,3.709186165183742,-0.16795264781438696,2.7805685839279177,0.23737268373629516,2.096670318057673,0.6860015514198097,2.5739048205441257,0.0815785676929428,1.0959158581964925,4.43595020479746,2.9712295681688388,3.2233707560895484,1.5053116483119093,6.537213228578963,4.8468568568027885,0,0
lari,0.11225811969669941,2.086994171807473,0.22978389537574345,3.7995168604522433,-0.3759165115712218,2.7303084991631374,0.18431580349235882,1.8151344522453308,-0.1306935747519911,3.1035641704932933,0.24335892784841787,0.9045004107346846,4.121831665874113,3.0486314924576776,3.2970328000288442,1.69590909918804,5.980886805949872,4.8510701840735555,0,0
lari,0.06777414291108673,2.0068753895368987,0.08954349844671178,3.8819966695510972,-0.3488121775096453,2.5916685831411277,0.09260049938471702,1.6952519481842168,-0.761639339997409,2.4278028746565514,0.07167706912772583,1.0918538852381174,4.203981344239236,2.8456724633959305,2.894822816184279,1.447553200589312,6.218922955548888,4.234625027485006,0,0
lari,0.10861373461640479,2.1323735508863115,0.11766059879523233,3.948772446419938,-0.4863773507642973,2.7060065574874117,0.06957891169278685,1.6460451198009087,-0.5416056723842015,1.3320469383345255,-0.34821007599877946,1.7306430604157876,4.364995090123009,2.912302555123222,2.5906735572582162,1.0598209783666606,6.466932280308592,3.922866891209832,0,0
lari,0.1733311836635852,2.1870712598185706,-0.03207301026586913,3.6931946936403603,-0.5312256705413195,2.6855065708483274,-0.25508673894325934,1.410634287050186,-0.6528679470959089,0.8088387811586738,-0.45646581156250293,1.7783761590101401,4.1697482594265605,2.89636426450402,2.3599802775465295,0.9421786732499756,6.0729292630929335,3.633401706387412,0,0
lari,0.15875057779896842,2.0709844154105954,0.0838458207802168,3.824202297581151,0.08108629713219205,4.170589844640577,-0.09504878276331985,1.5698753363193334,-0.6049950965297554,0.8694024007377432,-0.12161213192692216,1.2970226163698044,4.708200788131749,3.7356997795648503,2.1379112976207777,0.8243690808828541,6.813336774330276,3.3084315854345476,0,0
lari,-0.1037256066912006,1.7889042611043182,0.13104431596625246,4.678624800279733,0.41557017531594326,3.95376082985867,-0.34479230399512495,1.792412518373952,-0.4171242866031038,1.8589125060237706,0.09651254583704037,1.156268773333372,4.850545733711031,4.1423594158969825,2.559872113519255,1.3005232421689041,7.003092958929939,3.948768110587028,0,0
lari,0.0940528782463029,2.1542912283782094,-0.36953158769240757,5.079965942381816,-0.7318066650945002,4.325572599672231,-0.3249094436899801,2.2087676066246194,0.30693443616947264,1.9308074478906159,0.0516183538005152,0.9467216143732179,5.672504565670062,4.164503613492596,2.4446823344749875,1.9158803797262776,8.178192924801934,3.718434803414311,0,0
lari,-0.3264048227131292,3.2416032999586277,-1.2172771706656746,4.086367671725157,0.00433122028290162,4.538035447586674,-2.3701052841896275,3.8916502887096276,1.3479883848234389,2.2443167567237485,-0.09725083504220637,1.1096043463006366,6.293601971094696,3.0651270261430983,3.8615689758687832,3.7242319766774945,9.170293940961352,5.5370249427685385,0,0
lari,-0.47010516782127615,4.03612844252669,-0.7645485276536137,5.039228905129985,0.8370647741941714,3.603825245802542,-2.2449593901633387,3.6316476817875687,1.2287937987348618,2.4297087802719233,-0.8688116675041679,1.433466513160961,7.071951745747785,2.382323213673565,4.108116309003209,3.3879905393299254,10.756712369251183,5.90847486038528,0,0
lari,0.06889434916727534,4.116890246843125,0.7184434255225055,6.433590755584559,0.31087491591406174,3.633703112258646,0.022821715746109854,1.0547040161542582,0.09426740830503615,1.5926316816519326,-1.0551656714712692,1.3546592378586653,8.075847801564926,2.507860324480255,2.0544450687362192,1.534510528259581,12.338107209635163,3.1456727739715955,0,0
lari,-0.27962622705008,4.194579940866921,-0.6026943831130835,7.077794494112501,0.402282427844756,4.869895309405988,0.47803940488442803,1.9756308233637365,-0.08347455418225587,2.3265279376607637,0.4037300782855522,1.8767509592735214,8.898348663946221,3.469077555850185,2.76918800328651,2.344076690336897,13.456440282529622,4.31552389338927,0,0
lari,0.29428253685369143,3.8969302611920815,-1.5143685250801497,6.841459180791392,-0.6936068973869678,5.2785848273182605,0.27178466514975375,2.8942106898501017,0.6558654797235536,2.5537232832006946,0.6249141438101529,2.288593035790557,8.904290740191572,3.5577695992442573,4.060051353693513,2.094916205745284,13.533214860753281,6.438759475886281,0,0
lari,0.5311649695310997,3.4586896250790247,-0.1534045046779794,6.621564217611742,-0.29388924513065584,4.239679124346024,-0.6466565098611079,3.214907234816279,0.4025179373549888,2.591689025858902,-0.3338457207282854,2.5208825440911826,8.097408460513421,2.819254989711415,4.533958347404774,1.827985600991303,12.22141529248968,7.336892826567509,0,0
lari,-0.569483540073989,4.050187021384937,-0.1342910987188019,5.37616874095335,0.959563596975644,4.668459414810027,-0.3894815098714533,3.804728507939725,-0.0990498236070088,3.2239444510473176,-0.11918022055446117,2.819356549062859,7.5971504364603915,3.1745698039416044,5.211944193267644,2.3573892160312844,11.645270535183004,8.05499012298337,0,0
lari,0.17058733563479891,3.937159770492933,-0.841433008950708,5.922816979630867,-0.24552440614965143,6.073444869178075,-0.3397608328737288,4.418084891015016,0.18639145827872017,3.7082516295335917,0.21737754582130495,3.227705391808516,8.418720686602741,4.084409528932568,5.980285189180306,2.786225269114768,12.978950523576575,9.118803296699868,0,0
lari,-0.12825325448246794,3.9849551443049402,-0.9613716922507802,6.032681699229113,-0.36644622552042505,5.841776556232135,-0.2167031193852358,4.2574345076203866,0.13105012122248105,3.6963751271683267,0.24201942075420924,3.109936220177273,8.256611429840508,4.315676098683272,5.812872230481865,2.7301642307734344,12.636289801939542,9.123153863545445,0,0
lari,0.47517461970492614,4.248157858575328,-0.47673611920462056,6.343516259602625,-0.7730921469798777,5.709729436635253,0.3683878020742198,3.6147364276856426,0.03119933658474941,3.4763011955674563,0.6496440552737167,2.542523233055155,8.516932424336728,4.321870061557716,5.080127914182598,2.4721234567657464,13.084934917512037,7.96613470554373,0,0
lari,0.8001915282222033,4.280879858211565,-1.4131241563211216,6.685274293004824,-0.3060883234931972,5.731074817415997,0.5542026692485321,3.5613475603638154,0.04818994762099736,3.453336479690975,0.742472073120508,2.391019861566308,8.823585982906515,4.4699501375729,4.99104047882609,2.4562208799836025,13.506241430843366,7.725338635310301,0,0
lari,0.385079929488215,4.118852704433391,-0.9758798017351785,5.676124998744509,-0.3116771354728657,5.712456568489164,-0.04446381396406183,3.619750865473645,0.279035208731134,3.23088702703716,0.210085754764493,2.359678681761857,8.135304932240315,4.0216499777809025,4.798885866039335,2.4438927860840614,12.694895807879034,7.378045366473904,0,0
lari,0.3258138374754469,4.77833425575667,-0.815682989718474,5.36341794259427,-0.3234637864887524,5.417909351950966,-0.6259469094319798,3.279298432564284,0.21818482492174135,2.9783195183305495,-0.43675887107261596,1.86495828842692,8.05602264185363,4.035144687657722,4.2734930825898685,2.300342874887166,12.686128276891948,6.534072662653585,0,0
lari,0.34749116313811235,4.871246829156162,-0.7246635501606794,5.312899572756286,-0.5070391376169225,5.193537290609422,-0.6510031142099955,3.1813969876944674,0.09459476070469279,3.3382481824318537,-0.3962353242384746,2.1005342604538795,7.951318382301387,3.9973477821005288,4.544326656450771,2.3267240759325913,12.483352195604848,7.012388915237251,0,0
lari,0.11301637969174028,4.481597727085508,-0.6392973598481487,5.066102797232141,-0.5203387764508843,4.957077453048839,0.07510107547331472,3.0613943313453786,0.2828814928853001,3.1832521238304032,0.3349016326680569,2.4781360967094233,7.464082683924618,3.8401390488185365,4.571817051172573,2.1756768448553947,11.827570191782717,7.070128518244493,0,0
lari,0.11415573091967265,4.324307670091436,-0.4400646852306717,4.791547315810343,-0.3284108803375752,5.067259539119938,0.6172550328908251,2.7497320021003993,-0.11151907472888783,3.1633947367335633,0.6129390564145281,2.104760846109994,7.304063015070361,3.7101458710924664,4.296176450569664,2.0325959739940584,11.467727469582393,6.474225993648193,0,0
lari,0.5823216623727491,3.806077297133186,0.003953278907899946,6.259355208793592,-0.4530415710537492,5.290792430696281,0.6510662776092778,2.7028841531213947,-0.8714254823913694,3.2845193471514795,0.4174228921433759,1.9539160276414373,8.493371290560713,3.056481626420329,4.313713619592176,2.118153831894047,13.049170834263629,6.470533682400623,0,0
lari,-0.7806191530654865,3.8787780126282616,-0.1834144000842687,5.943869988358208,0.6635996582637891,4.2396591550590745,0.10233152496134448,2.1021545966347164,-2.205088791601308,3.140956950869255,0.5127743076429023,1.5594882033209412,7.8965814547584365,2.541195894667793,4.027119387152086,2.350077699982609,12.056600241961185,5.678652331564759,0,0
lari,-0.1704061878732558,4.290359068875371,-0.5058696028386946,6.538625071403196,-2.6395352485582877,5.658436281892229,0.2319689944208974,1.410855510722524,-1.80187446392282,2.8696727638019395,0.8391146418684078,1.7838587838794422,8.905339826213067,4.516403788982009,3.4394411127971476,2.345967902191661,13.65333139292091,4.868621784962194,0,0
lari,-0.6900066900880455,4.343579618826354,-1.9426626695277074,5.8764301760945745,-3.0173582878199663,4.974806110289178,0.15822686770662683,2.446641599929923,-0.2038622531712354,2.3415225605802195,0.14769382482701413,2.4697979426092127,8.119200142322775,5.004989511179627,3.70683165615059,1.943860094764949,12.481865490152781,5.776845807909225,0,0
lari,-0.9157980990819162,3.6277207821824575,-0.9122618946970041,4.395482515226859,-1.0058460085991126,3.3734478530513115,-0.6767318881981006,2.8063783115851426,-0.23555932033291638,3.204403773490481,-0.5562210394692475,2.455276442420079,6.1567757364384565,2.8777997222716536,4.549863248125031,2.023149419580091,9.473055765777444,7.0425906427105955,0,0
lari,-0.18815948086181294,4.150730940866085,-0.8254196797700659,6.201708307848849,0.11903833636344131,4.451491450566838,-0.14889597107094654,2.946209135493548,-0.4033072508226529,3.5968569004858573,-0.005947085125877849,2.8381013321801847,8.057421747358289,3.265881270481054,4.967358704615081,2.2215276276916347,12.391763392100806,7.719701091669061,0,0
lari,0.0282413063207428,4.489404583347336,-1.3104719452153213,7.511999714747419,0.3904546076901428,4.906859697818333,0.5609800142706727,3.0810964437991943,-0.041667863632712215,3.1060236795138096,0.6268874870830793,2.3834545479158886,9.565481914605323,3.1826055809109417,4.54956283534346,2.1518328461777396,14.708716610093553,6.929291037251751,0,0
lari,0.5353185595159774,3.79550643867726,0.5019735340007109,8.067851510720864,0.003509137295954574,4.490872693206703,0.4412060873531707,3.241461958995716,0.19932824770591584,3.0166103907717576,0.5396134357359533,1.9670109800727864,9.439572990177439,3.194125256253627,4.307627313095354,2.294329586645974,14.121460768814465,6.465865631484942,0,0
lari,0.07881752239721043,3.3887761608716387,-0.8465689007021805,8.306160201102834,0.9287281864132213,4.683397775891404,0.1678414609167099,3.3094060652727366,0.3759003295329464,3.302640312991155,0.08684802986357586,2.375265571792049,9.511691372874255,3.5532553149916044,4.727617819312553,2.259238574282364,13.922912214031296,7.185284158757473,0,0
lari,0.031247390418641316,3.8928382291520283,-1.4278425876611949,8.43928300531754,0.39613613799644315,5.838488580146811,-0.37601522931355447,3.012813462403896,0.19656297656195154,3.1069379789809606,-0.3869887155567833,2.2202495586629176,10.085881262584888,4.464295335470378,4.35687919358583,2.1951298057485773,15.022986311113527,6.560825997132382,0,0
lari,0.6313332415319981,4.292248884791165,0.658682309023918,8.100327475303137,-0.44864267911727673,5.235729768618903,-0.742501773864204,2.8235462277149366,-0.2076390184095716,3.08464122485284,-0.2740490189486146,2.032935181090993,9.752004756025649,4.053827686802753,4.195241140289037,2.1257263096319248,14.681334595373682,6.3258109190675205,0,0
lari,0.12821327076508818,4.042471569661038,-1.0736138280701792,7.858459394222599,0.07387059302714899,4.284221307754709,-0.13606019823869336,2.862821159105025,0.17865488993267284,2.997016521552528,0.35061168105605484,2.080523258266069,9.38018720488104,2.959939203912032,4.216674691988215,1.9291435235913534,14.033537578079617,6.506794286170016,0,0
lari,-0.3835747729934781,3.623151836217069,-0.5804237762626667,7.926589140973375,0.7783320206742772,4.869416776762238,0.4651469933958962,2.499909477400484,0.08197777867913304,2.8076196751875515,0.4876070302115158,1.9233990285374654,9.612224678945108,2.727993779886478,3.8498557570231013,1.8237699360322441,14.410038193693124,5.982096984727056,0,0
lari,0.7742641566102394,3.639010477851208,0.3256746367314301,8.064107479143875,-0.23260162100238752,4.4350709754700635,0.36252327008784846,2.6324421685874135,-0.023010906449213636,2.781814421098798,0.2292817200409154,1.9893914831878894,9.365995298493303,3.1782793410364176,3.8803116939449684,1.8982624667494215,13.883560064376827,6.061633388453211,0,0
lari,0.6875809662546,3.7282322502392904,-1.1602435859949332,7.5379086091297625,-0.07800382873594147,4.485413440264272,-0.1981532428968359,2.9478381989190607,0.4097226187400984,2.7791470058999357,-0.03362346658385713,1.8258706732699101,8.83826624483489,3.711896739642877,3.9370722241251475,2.073758578623902,12.883177256197053,6.121560486424295,0,0
lari,-0.5428275506801102,3.37087820176435,-0.2096311515950976,7.34665614979505,1.0492743969223215,5.355983948315635,-0.5730367672709632,2.436818363171055,0.09656611858483209,2.5455714034599026,-0.1545444612376357,1.8354722730608146,8.895027718368949,3.94412729310285,3.5733385949201795,1.8040184211269616,13.003315738173583,5.477728763800351,0,0
lari,0.5100096813135653,3.6785049689074314,-0.08507001059015627,8.230039822080904,-0.23020303627586972,4.934314098902139,0.08106698548859087,1.9129864222096642,-0.71152785723861,2.638122933598707,0.15079499929210605,1.7932590452804822,9.256884215631132,4.4023318711750985,3.4407372698211036,1.5549035212456712,13.575343975253356,5.103862450676853,0,0
lari,0.8898920647193462,4.212678148061307,-0.8631326238588152,7.694305871075995,-0.5029826569299282,4.538028223487728,0.6977331768107462,1.8266506147274089,-2.234759388684239,3.6052727288095117,0.7415435960513892,1.353629388317074,8.788841896386092,4.618083543541731,4.391796167721878,2.185415687818437,12.930065169983848,5.955970363192904,0,0
lari,-0.26215263448540566,3.768380934648677,-0.049836379393664094,6.96725744413741,0.8361547246490452,5.082346994182715,0.2613580455373574,1.4489775290780005,-2.050971172206136,3.341623619319351,0.6416278501296986,1.3616875760123501,8.49617701343786,4.05433107460015,3.7112108120596217,2.4375776512588714,12.541348815549796,4.875941290976794,0,0
lari,0.46103744568050475,2.8669189906878256,-0.7695974061405816,8.00254842766566,-0.23369071127600208,5.350810450155413,-0.1206851633938962,1.6351485516749533,-0.5970276043065418,2.17660994423934,0.11047756110048072,1.7199750828817144,9.133633877209922,4.182508764102092,2.874741695318458,1.5521349609393604,13.313295908377663,4.248130554949999,0,0
lari,0.546801743149182,3.4701786281915923,-1.2064399704395936,7.770042353871711,-0.18387480872557443,4.650649089262291,-0.24315302918838153,2.4488497490622803,-0.303447139045344,2.562105156724469,0.11678793880215078,2.379362790803724,8.88429785071447,4.015291942440047,3.9691401341645856,1.5735049487460713,12.77502518285275,6.293633078113256,0,0
lari,-0.5529492706254764,3.6485967717223815,0.05801224432977548,6.796799853189185,1.0929094042066883,4.265424766683778,-0.18797154179339487,3.0705233873360003,-0.09935638676641449,3.219899038700981,0.16967717192727264,2.923397596492393,8.465131198819456,2.615164055200656,4.862382986418999,2.129618701340042,12.220563961789782,7.688776627355088,0,0
lari,-0.0009399185301268353,3.3267024385060355,0.4337073837348816,5.688490870319686,0.3805221895591824,4.069101835212428,-0.0621021837441155,3.6621313108120197,-0.021722299535387752,3.6951296629424393,0.2436666166449256,3.110859354534844,7.269278612178153,2.635062942229628,5.569122576273693,2.3406345139121765,10.622071283540652,8.605745021069614,0,0
lari,-0.18338560816958163,4.022176927118919,-1.1037005976537144,6.538099460142674,0.31095856444143855,4.208079154031952,-0.12213007358784321,3.872736617614734,0.003026160509527549,3.713711679538579,0.4657268889405117,2.7738601743603164,8.026762752302348,3.593739838767381,5.61858024541112,2.197929616336877,12.085715058998685,8.662255454266084,0,0
lari,-0.33738559382716476,4.010552645977394,-1.8123583572115636,8.767875202676224,-0.050556191912877926,5.627982183318982,-0.21330562783578688,3.522030257901228,-0.07773157066591391,3.7187354150482372,0.3383984047884763,2.178286021038554,10.535914180457672,3.9928658855955255,5.0364188995575185,2.350450987996504,15.714359040358717,7.637783340130627,0,0
lari,-0.14610769917763583,4.087464608154059,0.46233394893631785,9.370255950110662,-0.4408564773083764,5.231319417344147,-0.10162126300744012,2.9956164820354108,0.009508096588352047,3.648420449269563,0.19094401950787454,1.663788932528991,10.649402750364306,4.213576459061814,4.457754019136629,2.242306863096899,15.642648809735581,6.527789021062141,0,0
lari,-0.8050434963979771,5.4683303631534015,-0.21594074933165502,7.539547700767884,0.20121503885945521,4.553033695813436,0.24215043202377523,2.4037216310982874,0.2518410091432144,2.8750598219446144,0.10731136175561132,1.8289891932535332,9.386456728938214,4.384591939436877,3.648747439303068,2.018944675193898,14.167440150532167,5.441886115073588,0,0
lari,0.39214934967336285,6.415467818034689,-1.6010169457330334,6.201442862265823,-2.2572683223245846,7.1563846296046965,0.3863528623387168,2.330598657512075,0.2462585513566697,2.158804386730577,0.2957632429640005,1.9777736977428833,9.91038166111839,6.285970769454377,3.3237066426962043,1.7735543228578983,15.498264258521441,5.087250505405705,0,0
lari,-1.182977539164844,5.676476677384675,-1.7461144768966546,6.43785494308345,-4.155186948648702,6.147719700880945,0.16765779642327497,2.6406832659658606,0.16378884144296746,2.3478153327733033,0.24874990872148975,1.73455459895262,9.68789279924029,6.212309087637853,3.5796963266795245,1.63354049576372,15.210742548365795,5.48055446235334,0,0
lari,-1.3886468796754161,4.372012592079124,-1.792350994555827,6.704959711420449,-2.4911339307769857,3.7750019493483173,-0.26598754536513264,2.402426526552397,-0.06809425789951132,2.2127465473705072,-0.22627292972970028,1.3730436532548107,8.470684159609117,4.1599974191959745,3.1471154758517565,1.6360421881633609,13.052731107323796,4.869815370035221,0,0
lari,0.10047402610294955,5.025685730301846,-1.6234609700232674,6.421957044662572,-0.22802877302541089,4.293976823580048,-0.5620719392690001,2.147629558696563,-0.06844989999449376,2.3625398687797543,-0.2697053463714117,1.6290944986579925,8.32649879617587,4.198971604659088,3.201814962630345,1.7000029259613094,12.707124984271012,4.92530606444248,0,0
lari,0.33810540769236286,5.261262995534518,-0.9555126751740182,5.81960225710509,-0.7423803243734934,5.351093820608811,0.06631807755005922,2.1310203612139254,0.2798271022155655,2.3163923604564074,0.38375640664181676,1.7469959057815965,8.54421054122022,4.246918037649564,3.25538175876814,1.5769125827651764,13.336795790666365,4.9608069921458435,0,0
lari,0.6585804537052844,4.463430033094667,0.34199937932701696,7.6930378198025835,-0.6195238845935451,5.711785514726884,0.5243577789895558,2.1725003718760645,0.1806833647981945,2.224878025753277,0.47924643981556464,1.6787259735941658,9.964874307264262,3.5173478693559908,3.2180111553975377,1.6032669589734638,15.369159743506932,4.961915544858967,0,0
lari,-0.294889778736929,4.120195882362666,-1.1395739025450577,8.328320195492095,1.4099495721563815,5.050197927692835,0.04272506755783933,2.212641168135711,0.10138076440628621,2.246023700107669,-0.06831481409451469,1.7613341869427104,10.302559158491134,2.834462775665487,3.2507209976940383,1.5445760109440625,15.146873511282847,5.0196088873468225,0,0
lari,-0.2364408146194344,4.303422574775711,-0.7712073519816727,7.759925628659824,0.7124758339467252,5.14204957089092,-0.110774073277755,1.7340244003418004,-0.7199081391375113,1.94637424142777,-0.05731605789465249,1.354387907468807,9.8830880334171,2.7720935331716148,2.7768786505902994,1.1746707374218504,14.586311032476123,4.242557659327928,0,0
lari,0.4093435322812688,4.235817453176569,0.5944493065507392,8.129202699870419,-1.0629735434711285,4.980872614491849,0.6342360499240812,1.3969588108216242,-2.5332584203371344,1.9883175529600248,0.6918383773067768,1.120629877705409,9.829583851475117,3.592493917259189,3.4075732405435857,1.6744796737101417,14.919928016016286,4.96874244022832,0,0
lari,0.7058096395323696,3.378607300228615,-0.25681052251880127,8.560365124518649,-0.7802935737722038,5.14663824194915,0.14467024668575607,1.9140966276784959,-2.1649423392555462,2.274043147561833,0.5147099707411644,1.534347200266123,9.635661617596861,4.310885734343831,3.6015285627245017,1.763602274210569,14.2651998648441,5.286847516292653,0,0
lari,-0.3867518059699032,3.9785103986118835,-1.0311767567676322,6.6111356642317745,0.7362629591103668,5.863810775521144,0.008529087623704072,1.9835569046409522,-0.329804249376216,1.8805439984113843,0.3877320456587184,1.675048086541182,8.721742387769558,4.3422905720019465,2.891089017738094,1.4476545073628089,13.123610409883085,4.557204432599253,0,0
lari,0.6858808726110978,4.364298130208746,-0.9383631803730811,6.774437730088752,-0.5746799650688296,6.960337151894542,0.6698536609338439,2.0995396414878007,0.05997944918708902,2.0174949458513587,0.5789570633872798,1.7795991342689812,9.539221240231651,4.813386975917526,3.2088817284839006,1.428230232207937,14.843429670296132,5.161516083661142,0,0
lari,0.8337184228179148,4.122283443907501,-1.6768875710114153,6.767699711761089,-0.8650404371890492,6.154684420774147,0.021546876920934946,2.538861275652097,-0.1289483816127928,2.051780954182872,-0.14503545776459792,2.111501336351389,9.156062494032282,4.504792307067128,3.5026256935063653,1.6614036438278001,14.150703916978841,5.563714020765839,0,0
lari,0.40293265667766726,3.9243969628357656,-0.8810452218208533,5.6611460197439785,-0.5466608778763213,5.6798963648437475,-0.6203723377263476,2.2253766884710466,-0.015039325290004749,2.2821421411174807,-0.45090442418568677,2.1934227529290293,8.029293964195732,3.9799311665844357,3.4141536789117515,1.9472381972489274,12.437297655945258,5.387988885735667,0,0
lari,1.0244047770573832,4.3611918647996735,0.048691132115821205,6.393229284514229,-1.2294072587556153,6.1482577741915705,-0.17836459115928868,2.303548009895677,0.06919927483078406,2.6100534413648804,-0.048955270240860015,2.288371555057041,8.963215666216596,4.374107405396909,3.675680413886502,1.9358854073781102,13.976530301586253,5.7342718924616785,0,0
lari,0.06577519869566296,4.272536030632529,-1.077123971575959,5.864669521446881,-0.02082365280897777,5.607245565673125,0.5151157847553888,2.5064601958710506,0.1522239242577512,2.250592423846026,0.40861473653039915,2.0112136197773567,8.084061535843764,4.38801392490295,3.5227863207964236,1.821316883969941,12.449256230283593,5.4170255108039695,0,0
lari,0.5033224283960046,4.158227571281469,-1.0562805599260172,6.068953596294933,-0.4900824952774036,5.5002010931478535,0.2760430712461659,2.633249631951805,0.23790723721891927,2.185392201036251,0.2612250207311486,1.9988008116129055,8.155026227927197,4.33872669636307,3.49493347106575,1.8895176238156828,12.870118916791814,5.474763993917513,0,0
lari,-0.13002879945435442,4.8554088760821195,-1.2564421859828203,5.464468657208012,-0.4015811545997181,5.204010658268881,-0.32726693375677435,2.4201505986399274,-0.1091387503807534,2.3470425036200155,-0.2823363429263346,1.9673342223401886,8.189376272454957,3.814235263423893,3.4274819075197906,1.889598444716125,12.941553473928757,5.356891165090337,0,0
lari,0.5296900422609607,4.427537643360305,-1.370428054026733,5.563163454171356,-0.7027577776112593,5.049043440846748,-0.42564921398870914,2.158104723877224,-0.2458999885127707,2.26807732258144,-0.342387373548142,1.807627882715124,8.026688160808174,3.6939836364558047,3.18100077529957,1.7918235868136387,12.367852930763759,4.923040617595274,0,0
lari,0.8616695613944898,4.455033575188668,-1.4786822734637675,5.492424738227344,-0.9046955622820941,4.950299188607291,0.2673397211100528,2.124019900324421,0.3498293802424333,2.11155599136516,0.3510594996505864,1.6999061843994854,7.964601909069505,3.772158339121029,3.017811797051417,1.726536214291103,12.394717307841548,4.6905038491375635,0,0
lari,0.47028610507847207,4.035623276293416,-0.5595224432279777,4.979774375962337,-0.5592885443334413,4.562638909023191,0.5597739977507566,2.259866152456837,0.18430988330964115,2.107823781845084,0.42806910027359324,1.8394171662348846,7.154709452479546,3.324265206351094,3.2736711924750215,1.6260738665385817,10.982768327528333,5.078979754998705,0,0
lari,0.9549565408221771,3.9918774381712896,-0.2572019473117273,5.372749345883502,-0.7994822910468463,4.494340890347769,-0.023604198314791453,2.644533712837435,-0.1578756970996382,2.0981668725803133,-0.14875075038473734,2.032549229724087,7.3123651324989485,3.5529469604109485,3.5741426416845394,1.6345267809840236,11.219664877509063,5.531956964834942,0,0
lari,0.5700977855187674,3.7121438185903557,-0.6380107062518001,4.892797871451954,-0.43791082362797,4.2144311636105645,-0.7241623576789205,2.1813720752704375,-0.12933010468627307,1.9829544395759495,-0.34227757851587953,1.7427570030583688,6.5639080585284875,3.5908201816028056,3.1604807234243406,1.5175972508629767,10.187425928952152,4.891351019701897,0,0
lari,0.7870304170600125,4.169727867109365,-0.2081789514269448,5.439573201209896,-0.8492403825914905,4.942041451434412,-0.043094071142662414,1.9216116715601053,0.26074601935862934,2.0929606381020296,0.18634508066093042,1.667079551600838,7.499502913283196,3.998331448834736,2.9579390408838666,1.4560477454167429,11.9591572311558,4.647056699659012,0,0
lari,-0.2359501141440186,4.62729863186947,-0.8232437865706287,4.702269776497569,-0.06347918423639069,4.904543476793458,0.6045955902361864,2.1170109445823524,0.4295213153319035,2.14594048783397,0.39869223008959814,1.847750378807798,7.203515556157698,3.9884680508577257,3.2538850237027064,1.5882077251085578,11.334997720309536,5.128016399838345,0,0
lari,0.22582818257713877,4.2624173234520235,-0.9827758083706846,4.474829757983824,-0.03214277654600577,4.244162801393658,-0.04062099512916743,2.2570745978005555,-0.14924330529644617,1.9892167855590062,-0.15011757872922651,1.8046097294849779,6.83862760013879,3.1613545304196204,3.1335705074522893,1.560918006592135,10.658965037653275,4.949368296236716,0,0
lari,-0.0772962643094634,4.495117884142587,-0.8928476131347501,4.352652299617924,-0.3538639391665272,4.008895547947383,-0.3449621181564855,1.6389677382403451,-0.4477642642423244,1.5774632024983501,-0.2620915903292916,1.4144679122903292,6.842737924141501,2.97735395477501,2.391611766346465,1.3378516203327389,10.791227687621735,3.781087556155476,0,0
lari,-0.6840511057711729,4.204515285730095,-0.5714246152273939,4.143771894924731,-1.3428639232590731,4.750691229968993,0.26175768197492205,1.5080793842647817,-1.3630112111365214,2.4152261803423376,0.40469810702440706,1.5790044127764076,6.990302628460546,3.2686276640385885,3.118436166996906,1.699768309911064,10.688884147091027,4.36420372107299,0,0
lari,-0.6027041417021137,5.371012802118801,-1.3406203603047862,5.052577677671001,-2.830922286764898,4.840236530265952,0.4070642388767991,1.5041653243595996,-2.0693942955949636,2.3314166248024817,0.34538430979776746,1.4664427521810464,8.390623610197691,4.119213289499426,3.4926537902703347,1.4629223221178767,12.676141955597936,4.749649123118964,0,0
lari,-0.43807605424807483,5.158724508308163,-1.7111015776749996,5.058495431899728,-1.5336771718205955,4.871410612856377,-0.2609341366108103,1.6940079579470222,-1.5801045918218841,2.1621210917618914,0.1711025013613893,1.926036474690294,8.083794320446271,3.9307587461549507,3.4981343784444436,1.230363208729368,12.28329383023537,5.20215293644407,0,0
lari,-0.6375411588259484,4.268956262949855,-1.406444081198121,4.3344082269472874,0.30417627429911565,4.812551867773766,-0.047190014476339526,1.9503713843080246,-0.4895765929880331,2.2268421026039245,0.6018307731386117,2.002485003266748,7.34151957542149,2.8690577708897096,3.377580430481071,1.363690818957398,11.290664990643343,5.170428628520295,0,0
lari,0.5373200270438595,4.517963979868676,-1.1196562808592063,4.3862258095698845,-0.8062929246136741,4.917557433831459,0.31187390133347387,2.198407166786097,0.07837877214022795,1.962054331282545,0.4888549585977632,1.6330497973323392,7.455614965136943,3.146469850786165,3.0573893922798345,1.5010991656686203,11.754466188429832,4.735928964173735,0,0
lari,0.8439376844713493,4.05322172057708,-1.1114442601136887,4.457153723671589,-0.33751049944098455,4.6567162198137,0.19742707498230636,2.787485011619588,0.06928166906326118,2.292374472506275,0.21416551981623527,2.140129996428527,7.063215266426678,3.109528507666243,3.791269814396386,1.782370224101644,11.190561706378176,5.964563179964534,0,0
lari,0.3358643182996321,3.8227778897633,-0.4396774452717383,4.106176514605304,-0.09274348466719128,4.424375070605776,-0.1607100476233986,2.7043561309132307,0.053953466143848064,2.3394937413492953,-0.139087696244442,2.156813308655954,6.420894256425149,3.1181703414653033,3.7037176556269737,1.9055448439033702,10.062821705895843,5.775986847852695,0,0
lari,0.7962501885701123,4.1906712152639605,0.030750179295869984,4.626954938936937,-0.543959479204016,4.752882501621914,-0.6748640089488882,2.182199647606446,-0.14657571101355518,2.238778052205997,-0.36022937214959905,1.7219827551448712,7.035581640105037,3.5357008733600064,3.26688021998422,1.6037009928607209,11.246423289831279,4.98498188989619,0,0
lari,0.29912256382813485,4.065774693064326,-0.5279175321074391,5.565170834298383,0.054605363011149384,5.303843297142883,-0.0806906465347738,2.179254902575678,-0.006227948191932117,2.2998168691184486,0.02059660585742059,1.7976027288475926,7.462885628166113,4.444105280407302,3.2972307774726075,1.5149862383456436,11.676175592100895,5.089263103234065,0,0
lari,0.6170452653750114,4.307076773241254,-0.4806470445718556,6.139248126679014,0.3025667986297954,5.840618078540168,0.4059131846351894,2.296069959653092,0.17241236344297747,2.1729178911917493,0.39219936881533085,1.723512826185551,8.564600746379597,4.119611095245835,3.2350316114015927,1.6567121447735607,13.333990013562893,5.007228244148729,0,0
lari,-0.3809878546419586,4.699767708939297,-1.0140865647124564,5.063006049824347,0.7218733289033805,5.606447171927914,0.17875365497694176,2.4732220345047704,0.11096690115447366,2.290753449859437,0.3029374975648863,1.696545915696883,8.249383186883854,3.4822576486866548,3.3676110862915785,1.7101755473913278,12.915918519145352,5.190505626889932,0,0
lari,0.7621084887489828,4.291271657652649,-1.0580928857657872,5.468477789096374,-0.5121181036763551,5.782338768085352,0.026588457615349972,2.5615060569134034,0.1724145726589169,2.4620689793812605,-0.06464611267436292,1.9366844690940308,8.1669736346575,4.0452407341163585,3.58737492183753,1.8464979837485294,12.794814132301077,5.544522807234971,0,0
lari,0.9127708071967181,4.577217575881373,-1.1920109024294012,5.198184038744205,-0.26331443071058447,5.400032370040465,-0.41134730465650293,2.2862423204720477,0.031535580122898664,2.5233668912008698,-0.33854206601317044,1.8733184847532132,7.843038179259537,4.1646893374657665,3.376211247692546,1.9690996595410026,12.32964223923893,5.184357753248592,0,0
lari,0.4743869994620498,5.189428455481013,-0.4627108717798503,5.335527035219393,-0.32679005498984653,4.94909714314479,-0.5225841484567912,2.1265918794137324,0.0019527074668178068,2.8878471664199807,-0.27632342184463066,1.8456965432074564,8.019237818090858,3.9351336549833236,3.544767295342461,1.9822548553220891,12.483388393771959,5.400804985008636,0,0
lari,0.4807837421389852,5.452914206411662,-1.009234000444726,5.508331146296533,-0.07426858201608356,4.988994136207765,0.08356713986077662,2.2286733164245853,0.27443338759270897,2.89617981985609,0.11564613471812724,2.18428587484474,8.432946697450323,3.7948688731752798,3.722057409666876,2.056437890916917,13.213918106027528,5.642817989325876,0,0
lari,0.5015644458841833,4.742813964884599,-0.777426766516576,4.732060249057608,-0.4318493396829585,4.930695128205909,0.45823245826577136,2.385497643395257,0.2553402179543544,2.6673208453087014,0.3421727477514694,2.1308140776515585,7.491404640027845,3.6828510950213693,3.6636228471634977,2.0455020589457007,11.744197181411671,5.583691286395035,0,0
lari,0.36550116231449503,4.582103294574291,-0.564256712691935,4.908436736600667,-0.8487680273165082,5.228882322736801,0.30976949301747886,2.605263888041577,0.058426313806052094,2.5697762443383865,0.15244040266054615,2.0713134048197075,7.537252191914664,4.028628500625132,3.754084067680686,1.8894004886514002,11.915323196308636,5.8162911933656005,0,0
lari,0.283144950363716,5.0057140042434,-0.4917441327189907,5.043065954765987,-0.6466820786494825,5.46487731856932,0.0022910239684006605,2.4436325633345777,0.01242656457521409,2.2417526681707174,-0.15533476072036037,2.02543412265518,7.791515288190648,4.447618349490278,3.4580822685948913,1.7448748355217496,12.371519975395291,5.359912133086391,0,0
lari,1.055630272958464,4.922790461400212,-0.0067063473696067355,5.262594698833719,-0.6458087772134976,5.411763486506437,-0.468255347038909,1.9186529272142872,-0.05016438876905587,2.0913278406195888,-0.37566656154573963,1.8424317443810636,8.085643004302431,4.089607403506033,3.0939349592128975,1.4652241304984415,12.755985405806719,4.740479578062755,0,0
lari,0.5386152823615297,3.964673079453976,-0.5443844170586238,5.100431766794369,0.0867831533887093,5.546539516287146,0.21939005758424318,1.815235507636055,-1.3472260631780362,3.486390410859991,0.6365104265549075,2.1511092093151722,7.442103710392035,4.1415912817252325,4.199943635831495,2.1332540772183908,11.479215902298725,5.944289548067311,0,0
lari,0.488676715095837,4.8190707678756235,-0.20312364520855614,5.508016147520695,-0.3931937190043534,5.2999390249732325,0.29922035233974886,1.754865141339911,-2.555718283244006,3.222502632774248,0.8193427956926499,1.6854580144859908,7.98045821978454,4.21415127746641,4.277238176930413,2.278485258470167,12.347182524683822,5.872947316729771,0,0
lari,0.23480387196220356,5.295488540950603,-0.6612639563100222,5.356744658209156,-0.10247816849209478,5.651282717398416,-0.0469643283223928,1.9329461146470654,-1.4733925261914838,2.541258594056446,0.5601686060452837,1.7744042199562127,8.190467674366486,4.628230612363923,3.4681921640675815,1.9248196981981909,12.780625371085536,5.153348411772625,0,0
lari,0.46206912415191936,4.997133698367742,-0.6176851918591916,5.114268011521164,0.18781360101337793,5.532045660201909,0.3573795207998712,2.3038275285829966,-0.11318830308918013,2.447952962490126,0.7577014184790056,2.2816930662209605,7.99276835871828,4.223464558379413,3.8197650721048193,1.5780034698767824,12.39877351170973,5.970409121231036,0,0
lari,0.26908599434966435,5.312562065448538,-0.5960053156039574,4.714852897476668,0.032534832823782375,4.372486991417551,0.3278241798893057,2.5596511277063456,-0.1538656718361281,3.0481535220398555,0.24680562985565083,2.4234194881829647,7.511890155459184,3.606429792549988,4.266311262238317,1.8774311424411965,11.689445671005274,6.65043449610375,0,0
lari,0.3097039599439555,4.692351166505018,-0.8782394607978403,5.2612792511720325,0.2376257490436485,4.899234117378081,0.13274506176602047,3.022318345458211,0.1468995808742447,3.423477035838668,0.03476269309332655,2.5677360031012966,7.766281477881388,3.7027502369516774,4.746641291520505,2.174972029728485,12.304393962715922,7.3148274228902785,0,0
lari,0.05669270132559724,4.101104036959257,-0.7625188909436618,5.007034267717214,-0.0022439937415421607,5.553788272940966,-0.21298924020327653,3.0485372243188276,0.03647261942275218,3.1432949101079446,-0.33622556329275816,2.5309810245664055,7.739335026422947,3.580815614419785,4.609234365712899,2.069170144487271,12.130682301288685,7.032933181311932,0,0
lari,-0.3443069679078317,4.178478250911687,-1.4633124096944394,4.386700485726591,-1.933540946281302,6.201683329457354,-0.5356716859102323,2.6287912135203433,-0.2328242366842628,3.3472622021458314,-0.48323226277271497,2.5507911864611934,7.981337929542333,4.1082224433936485,4.484690345095548,2.2104544868560705,12.396146927049903,6.84836753107918,0,0
lari,-0.932469783727811,4.2511190331467255,-1.6022325610898849,4.20824656416431,-2.8137238901997095,5.284396884290499,-0.3243824510713618,2.830505294736265,0.07563422846383629,3.4061387164436314,-0.1344860426770018,2.3801294032621834,7.6314890580011605,4.043101938051192,4.524818293376515,2.1744201601605386,11.917424341459274,6.876528626623658,0,0
lari,-1.0482570857759708,4.625985424063128,-1.064504704196423,4.083829519671226,-1.3637122740853238,4.114581554438007,0.31981739445359336,2.804605172385468,0.08212874247057372,3.0159597274370635,0.2652472725883144,2.0851937364894395,6.951989566859584,3.212771170621895,4.121810537939667,2.0808943076894,10.89398130343392,6.224349038047478,0,0
lari,-0.13612571333497697,4.802108154335032,-0.8051606580073567,4.460326310337195,-0.3116760582375046,4.341470707177778,0.3769645344223582,2.478633570005624,0.3018219840670026,2.5275424024323914,0.4335697615131704,1.9582054046481527,7.115612955816749,3.3810371863618514,3.534660228468072,2.042566053266308,11.095640455963235,5.3776683715732565,0,0
lari,0.19283431514950705,4.588862412601631,-0.38535585393825456,4.443746790360565,-0.11417995166813469,4.893984796870602,0.23312157416470214,2.6028316243982843,0.15503472907343635,2.463151436771933,0.257066772233969,2.138002576495026,7.205025740436161,3.538304109158799,3.687935986344938,1.9546283790748968,11.149186897141865,5.673708958109927,0,0
lari,0.2550038050740837,4.266757161582417,-0.5435590200894689,4.24668801022014,0.001012051899028985,5.00323322712481,0.1346483188087947,2.548464385651995,0.2503090741428209,2.6394648201067867,0.04520781276557683,2.5031443810339473,7.031295453314227,3.420167149006528,4.02491679318659,1.8566774494810854,10.97695296528571,6.320175219389588,0,0
lari,0.240047507312144,4.4201359940426865,-0.5160309319420049,4.3985222537784345,0.11289396541852317,4.892654680042164,-0.34589058157434344,2.4993332751826434,0.014144034398685541,2.3643212219657643,-0.2696922269200265,2.206454923590601,7.171587626248009,3.348364599384451,3.7335322610945076,1.679160697563496,11.210741931808846,5.856170112153284,0,0
lari,0.28898994975516407,4.459250509010684,-0.5268523892279301,4.402396658881356,0.1702685261936621,4.68924302262957,-0.5425645649886368,2.407167377854498,-0.14117729553566147,2.7887810883517155,-0.45035294106128726,2.2196413787022187,7.080892042958805,3.317159142955478,3.873372960145845,1.9663029933277025,11.050594458907364,5.988212203743265,0,0
lari,0.33736489425061456,3.7605781297144905,-0.8291783051559654,5.094568550888114,0.03380094447601199,4.9807081317332536,-0.03439160109321586,2.235741624728735,0.0695774865179178,3.009098252985494,-0.08884244205213027,2.470549004739091,7.240938641939928,3.5712504675834094,3.9378839236812127,2.123044324683776,11.184387232587696,6.09473887336929,0,0
lari,0.007423790704121256,3.798514198338109,-0.8103712208877394,5.101129298341485,-0.16850895089972984,5.377303326215414,0.37000353705402994,2.2582006710073226,0.2125571472807184,2.4901761068579646,0.4594561942008228,2.08931349896579,7.5336912368458435,3.5676171666451038,3.566292522738968,1.7932990374935336,11.589371089131761,5.440020456815265,0,0
lari,0.33854132363864897,4.308339217353587,-0.7360506130499733,4.628740026393481,0.024462287316565173,4.963407873136399,0.4235788132952137,2.3053978921210683,0.0898461686056171,2.4260521894457834,0.30889704381470734,1.9857556555476517,7.312348456091626,3.357902418286279,3.4540084556293875,1.8381782719157576,11.268354100832601,5.253708545597605,0,0
lari,0.2838258037293069,4.348810601495195,-0.5571682946706553,4.335160831974602,0.04132808206282803,4.732456407445346,0.3167599810970906,2.097180278631246,-0.5637042369741474,2.250756907088806,0.17693315163363377,1.946345937875909,7.029387826976746,3.2537943587200124,3.274655631393376,1.6954621941440413,10.864037462811027,4.987712915521386,0,0
lari,0.09226994779352388,4.408900518904135,-0.6964684151997217,4.360523638482186,0.1966645288433589,4.877910270820787,-0.05649926078454109,1.8011938609071203,-2.300167535433801,2.3691512199921974,0.30041585550924815,1.387602489998608,7.155514237359077,3.326506333364044,3.7219170541782307,1.4928575096312013,11.197460588538183,5.2093164920023405,0,0
lari,0.13664928278386948,5.024826246402139,-0.7068025496103822,5.334329674631013,0.02732024671132957,4.9778078476947565,-0.16396704567794063,1.5335810459090977,-2.2755057271299637,2.3868127460148836,0.6063817095326645,1.3175805778411096,7.827553950500476,4.137300886933515,3.634759939014697,1.438274538913496,12.204591231470168,5.066596589676254,0,0
lari,0.408569722419236,4.871548329569464,-0.2897785574609692,5.740811076942089,-0.11054869497450019,4.993277510296205,0.24604151108873726,1.6948938959401936,-0.6056695105261268,1.996618751349056,0.6672303862178461,1.8358854630417643,7.962434297332896,4.224538704830893,3.0342364125534056,1.3458911209764028,12.366535283136882,4.584406751185082,0,0
lari,0.4660104971848857,5.070849212184806,-0.6081255738947441,5.267728928371105,0.04317690801359509,4.732670743995114,0.03426015882030169,2.019815787601187,-0.23514509026172883,1.9847511788951862,-0.03897630724545433,1.8721979546164456,7.81899261093789,3.834222154862508,2.9992042589400767,1.5800326024271005,12.027196758140422,4.614840483008433,0,0
lari,0.522950491944986,4.442100038236999,-0.8421240488597878,4.6998656398179275,-0.308047486267385,4.889010512508173,-0.48935088466735244,2.0161593039786387,-0.018331450330770244,2.2588183732095937,-0.2783948365327621,1.7470810440416351,7.2995617600943525,3.604167191491924,3.1295803322322353,1.626885046990949,11.167265640307374,4.828986422371145,0,0
lari,0.11668917266296008,3.8153949501891744,-0.6042486681120067,4.432410478596472,-0.1440201085532413,4.770238682441399,-0.1873894542377076,1.9670345029788707,-0.08432825630593448,2.6346005646376125,-0.09501084980356303,2.0117857776591226,6.84602493060964,3.1655514523643475,3.476626111732358,1.6432828133481725,10.614693785575499,5.328008595729959,0,0
lari,0.04280274139283271,4.007840052195291,-0.48748102621527123,4.649767160029807,0.04153356056556122,4.6053359207493365,0.3330018774399975,2.2047779537695824,0.2773645732493451,2.476077380284334,0.39256156619838295,1.941584875981501,6.893660449793626,3.3366579753341536,3.4981898236210047,1.6571647866388122,10.664222571165094,5.385434446023936,0,0
lari,0.17050396275476462,4.4068639399636185,-0.7391562546584659,4.71523760656161,-0.26315502261964685,4.948779845981766,0.34364317580145953,2.43893844396183,0.15557140845272815,2.310020211318406,0.41507181769161733,1.8255864967326048,7.357248367500007,3.4813303877938715,3.4886901448768275,1.625188457696315,11.508876226710816,5.397992528107651,0,0
lari,0.2650103797279691,4.572136805096669,-0.6374178212854579,4.694765665686881,-0.5060186826875186,4.64514349412046,0.12460014077414805,2.5316169176873116,0.08008412618337608,2.3817601341879024,-0.09271603333389417,2.1526562802172,7.287265739063043,3.409099004158396,3.7024968001392633,1.7028464107073316,11.489281962529802,5.715620823210855,0,0
lari,0.5808932063690625,4.061671474022184,-0.4655320029102401,4.847233306919632,-0.47615957255704233,4.203233460527631,-0.5034510158064543,2.0851600278972002,-0.01566470579093294,2.1644917827250576,-0.5050705487644332,2.0046644291184847,6.748089387062099,3.528755148603767,3.2171158638762996,1.763848699911658,10.634904928755597,4.961043596338282,0,0
lari,0.45693181933385596,3.8148376465146585,-0.5116415100806334,4.201730202435445,-0.17647052860225834,4.170896168912673,-0.17819210760516982,1.933339368199347,-0.061915769652508425,2.010020888297717,-0.1026083761488718,1.904611283863763,6.332412319727245,3.0993838781364285,2.9820732483241765,1.571471530868526,10.065694551143546,4.568759238685591,0,0
lari,0.3918232146463862,3.9370971301658884,-0.36939493080375113,4.055064888247652,0.023235600879197155,4.82600324733089,0.4917882614476868,2.325473170697273,0.14802823590176636,2.17569255337902,0.39495137289525895,1.9473745565454856,6.634172174236966,3.327346742539927,3.4024462399463715,1.6322222967388167,10.417484786069322,5.259415645397459,0,0
lari,0.3673274025001846,4.565443439222239,-0.7349506616135986,4.784118238121993,0.20867849039271802,5.194738733146527,0.1897613308825359,2.592319924892222,0.2330382546504177,2.4328122800415795,0.09719143359008699,2.1630216203845816,7.463014127033924,3.8965481551583006,3.76420515032086,1.7623185651792936,11.659044624977726,5.868211791062902,0,0
lari,-0.06037432523870414,4.916316916423821,-0.8539980491956072,5.089765646237973,0.08634435999233533,4.916684417469009,-0.5168176596095754,2.229579204217343,-0.11772100790736612,2.3965509289825433,-0.3873261682532247,1.98038392861515,7.703795157806371,3.8793845887280582,3.4553711568740892,1.7353795447717455,12.116143297215503,5.356538080082622,0,0
lari,0.5343075033337056,4.806372498613229,-0.3585222047414029,4.895456184697005,-0.37868265072434854,4.815065936941023,-0.2557783514870293,2.1746541241521684,-0.2224639355688533,2.570417273975432,-0.2885061964277378,1.9404603073919404,7.489685125968986,3.7619965811374945,3.3690709848315747,1.9586754702037976,11.756894578092826,5.179086946822119,0,0
lari,0.6460779460446199,4.920188651026936,-0.795267433716122,4.52561062636594,0.15853021766109632,4.907575237520426,0.47935548547090656,2.356694256571122,0.3858638536694107,2.558728560375986,0.36562301046451934,1.9830911841114887,7.480085418822685,3.652767948601335,3.57512737513882,1.908045125353709,11.573609416105198,5.481083140789106,0,0
lari,0.8338212192062816,5.36229999010089,-0.8284817207047717,5.224572138711688,-0.3490072849574719,4.9958640152258065,0.29235039691434395,2.3095315947559074,0.39102729727723845,2.438633424791644,0.305678093401591,1.97636191414617,7.948422088674501,4.3257525675234225,3.5316154010162633,1.7098968264175398,12.311815417203631,5.4639443255469216,0,0
lari,0.20574297843927056,5.038895485804248,-0.25161471276120695,5.011326268973071,-0.08160339780329895,5.158163253069407,-0.34967811253406816,1.9950332258280474,-0.16619914997621837,2.5453708127524224,-0.3924749898126676,1.9430100699142654,7.7400845419582085,4.08777338104576,3.3593784392618278,1.772553016649205,11.931631640676937,5.1658662089782466,0,0
lari,-0.3765942529099357,4.077253744306504,-0.7360890930307528,5.683435965844268,-0.37016287082669314,6.4247926693004365,-0.38190595679187367,1.8329471793173968,-0.2850502678726191,2.3993918414051754,-0.33062398434427753,1.8936506314447812,8.299425258187732,4.632077506126981,3.169560005258502,1.7014461463470139,12.744611477442056,4.8532120541006245,0,0
lari,0.054608459713489,3.949092419174316,-0.8647034768436519,5.647996591923009,-0.9972236066137882,5.810755829663037,0.42455819532544276,1.8911896520809637,0.3233457580459417,2.1176589484133843,0.3658586955330898,1.7419976448915777,7.840436705794627,4.574874323247666,2.947881146236699,1.655516842242005,12.29577512452146,4.52492608009,0,0
lari,-0.2633204511046356,2.9659687969855866,-1.271834056521045,3.6494499867818018,-3.2465180731129895,4.671135302241383,0.645143957660747,1.7427077016686083,0.21053057594184088,1.6332751336302562,0.3490155738625132,2.046139697565131,6.708459673796387,3.290475916996036,2.8648545080559726,1.479607773220591,9.885101728325273,4.392510372035659,0,0
lari,-0.04095387728124228,2.113933038811662,-0.9599212062115469,3.66754959480346,-3.43209563201582,4.185018174359025,-0.06873054700269066,1.6017931190578028,-2.2522404230193094,2.8014833636075394,0.2560581552482751,2.1466577979883676,5.940833852731369,3.551720232799074,4.151261360949479,1.676297549067789,8.5970530264189,5.788955190988242,0,0
lari,-0.3084122452325968,3.737818516290817,-0.4129144053922974,4.288293062523272,-0.0859898991934636,3.2169281628241255,0.16541561715717432,1.7436996662509177,-2.942115285844683,2.630554711582255,0.9418878644678821,1.7005829048205197,5.636844295588142,3.3000267538363763,4.4604727859830025,1.556513165128936,8.942114412911945,6.211832332808609,0,0
lari,0.23839530926223443,4.35117953053628,-0.7118496577540756,5.170447332173754,0.03347766487530419,4.155482745875182,0.4506209520191671,2.283683408151385,-0.4990683633551175,2.3862707269459715,0.7063865939855347,2.080253288776223,6.872004253363924,3.9753308825874987,3.719202743589841,1.4918037235095818,10.86159687750119,5.699449954628525,0,0
lari,0.4495369479402319,4.202830508545483,-0.4747415504365978,5.379621365530427,-0.09216563890014594,4.643854072560739,-0.3962533336067365,2.2316518394947793,-0.02255587202875558,1.950110509499012,-0.35409485146136477,2.0108281843039406,7.269636311737612,3.902361557077215,3.2441476304375185,1.575308017691732,11.340645536014371,4.997955959179683,0,0
lari,0.43634171583143827,4.172651409477661,-0.5956246286120828,5.021749149774061,0.006464365895965196,4.562686628751592,-0.469913591239351,2.1000432166779515,-0.3414844182550698,2.5138421154685457,-0.4102641403920759,1.9749736473555746,7.181094301163931,3.45091290244485,3.390586165086676,1.8785003873745578,11.227848850627536,5.156542039263366,0,0
lari,0.17624861223307214,5.190145505342014,-0.8546051250581321,4.939106499056353,0.13561850175114765,4.5960309122792085,0.2149382555665181,2.15592556711077,0.32876890601623565,2.673440432465311,0.1994496814661784,1.9970196524140604,7.623213988880207,3.8135509365088494,3.5195711800813516,1.8619634355975165,11.964081827035937,5.360109920931742,0,0
lari,0.017409814718194153,5.091093981642713,-0.8264669014842803,4.879500088221257,0.017721111403969966,4.989989768829122,0.648043802313709,2.1095931950330016,0.16492497917736465,2.466649493212831,0.3838268749162166,1.9632572762188414,7.677659178687852,3.9720848632368098,3.357964116679672,1.8973112713961435,12.12546694969965,5.171960282852882,0,0
lari,0.34729323927192035,4.315050170186326,-0.6622125962338249,4.384001458006212,0.05888456475287418,4.9812202246878305,-0.11764020494353733,2.137451929615434,-0.2236591935069535,2.3064686851203366,-0.3208709514358244,2.025866548878399,7.07574196786779,3.5564205671327205,3.2307763610508773,1.9020489769273965,11.201679302281953,5.021653943561287,0,0
lari,-0.05741989138910025,4.761627852770244,-0.9206631741986228,4.495226368829418,0.2119760991967643,4.756320210096806,-0.3113795380011539,1.8397148156597762,0.08790623715792814,2.1428953640031745,-0.2985797969509012,1.8792466596174946,7.371049144594281,3.3950648283137403,3.0119458549785723,1.5938818458777675,11.807781232383183,4.640169380861799,0,0
lari,0.7675003687452179,4.7550957173138375,-0.78499077450446,5.012454705165345,-0.38119425307944527,4.975356203765515,0.38862308727685685,1.949802411988051,0.13283117838088476,2.1625892522853314,0.3649965420663392,1.6718501775625014,7.747992630378914,3.635417157324215,2.9946647358221763,1.5874337051001917,12.372196270951916,4.600104665172761,0,0
lari,0.5743776368449427,4.850893799508436,-1.0391797178855107,5.038383548936997,-0.14160715123893033,4.95482513766978,-0.009636087607967157,1.9488862450889886,0.10482207987527783,1.7502440595091584,-0.13690940816314187,1.71003123864904,7.79372698627503,3.6817568645827694,2.757126111366669,1.4619558744201915,12.232701838782262,4.3013762739866515,0,0
lari,0.42380795017292905,4.584342347918141,-0.6685259832773961,5.224293932144904,-0.6090411809990687,5.097427938764502,-0.33874715545094325,1.7111952648652506,0.1673419765948847,1.8879293228507947,-0.2543300610013135,1.9465372067293238,7.774419658609114,3.7747368106470938,2.9593403130763822,1.282516618888457,12.185277594945655,4.639753569503153,0,0
lari,0.6834641521927033,5.265200305888351,-0.8356516535279751,5.005393756205823,-0.20279946898784168,4.937804661645425,0.27120394154408234,1.6764671479753877,0.10010303343996256,1.8956739547618298,0.3519643557831947,1.9060125337400078,7.812427508487007,4.089796939597358,2.9105439969655147,1.2998913351096175,12.283031934707243,4.551960215783451,0,0
lari,0.36776477698807325,4.934616559977962,-0.6313994352104428,4.749382158529648,-0.24726899920558892,4.9301987656415625,0.251528117153801,1.9159802225840974,0.08175140602867495,1.78530928487557,0.010120071908327146,2.003432139731031,7.359106109545013,4.136607628006359,2.970124193559783,1.42550493388013,11.487434082543723,4.622569251247722,0,0
lari,0.5269468565500373,4.357850457844803,-0.3301238674473565,4.9798426849132715,-0.40207087949322606,4.9810228605384514,-0.5244965469524204,1.8953523472869522,-0.016922806068196822,2.021321411681464,-0.4665709104862181,2.141430268586484,7.446360927266428,3.625708482763789,3.294372046803385,1.341403743159264,11.656217561660334,5.145002820784387,0,0
lari,0.4897603648911521,4.631232437869831,-0.5197852855590203,4.980379325906279,0.04184418147430231,4.720541852599685,-0.04506911749541847,1.9450019104895648,0.05959273324581314,2.027872329814684,0.2100897149489019,1.9111330938105093,7.422229360256756,3.6615600318191257,3.0902676553294235,1.3970448836460896,11.508273219720623,4.785084383201415,0,0
lari,0.6249697517522987,4.419692038468515,-0.35553479165567203,5.449760062562448,-0.3893188784465443,5.349750302964689,0.5683831187288747,2.1950088007755526,0.30818413443609766,2.109965211845054,0.41690482659784556,1.9035467218436022,7.995186552500237,3.736309718496475,3.262318934491008,1.6556281477137131,12.434962266337747,5.063124948977623,0,0
lari,0.2846422386098221,4.100641448646441,-0.5822824235141298,5.02088618350314,-0.2685349728497283,5.358070017899237,-0.4179859456734078,1.9790716563388444,-0.08546017934907306,2.0452107654987994,-0.49338614339550296,1.8861644985066819,7.550546199869448,3.6937806161752604,3.0434111640934036,1.6525920855919332,11.74422488135699,4.755352643925071,0,0
lari,0.2779050010379915,4.388500495202991,-0.341493709951074,5.116674679150567,-0.5718757935989358,5.163713701055716,-0.08936560606881117,1.6913307342143862,0.010438817166269437,1.7534856445043718,-0.008072739191640034,1.4547157000960675,7.691328972107352,3.5882176590795782,2.4808003864988475,1.3576509811469977,12.115949430172932,3.8228174495334715,0,0
lari,-0.028184187229744487,4.906746221103928,-0.5787504476832477,5.204701002526366,-0.3150138031293227,5.318349104911657,0.5586178459918785,1.8964072854221217,0.3572308005866482,1.9469842479955972,0.3613707723165721,1.6154915604195084,7.85022442715657,4.200092073571529,2.910432730664894,1.4201258735219344,12.352299175841939,4.44817655510002,0,0
lari,0.3550745242484426,5.670875718959991,-0.5147129577589884,5.571283580362578,0.28310247112967313,5.573644734849553,-0.2793154606749798,1.6605943539321653,-0.22240199498429014,2.091992328183052,-0.38171384395738145,1.8005226046169711,8.638615288515355,4.399999145780144,2.934147353359795,1.3984453232931455,13.423365163651148,4.46112754085003,0,0
lari,0.03955322262026589,5.439087198001296,-0.7646490405325307,5.4483190391100305,0.3803532785626092,5.209043792281654,0.1628778834943348,1.5487988352995774,-0.8931597483045692,1.9236248501648852,0.10164988049321667,1.5792582528352819,8.290908967644098,4.20794306349559,2.8052764952085276,1.2194780220697405,12.944254284446245,4.194647382930119,0,0
lari,0.31829673432173744,4.11686011297373,-0.9888448191557525,5.125806555058079,-0.0013237356609746697,5.321585083600554,0.9161561790734291,1.9563340326485688,-1.6978375991426,1.8341988815536754,0.6612756458534887,1.206771830931582,7.613786242871576,3.751857256031565,3.41046649456701,1.0489758337097546,11.833642080404934,4.9834207533237675,0,0
lari,-0.30353605729577254,4.479950149137677,-0.9757205157201985,5.192586506316361,-0.01402682834570058,5.923834920476729,-0.20665556945111213,2.0873636852945046,-2.105648441738382,1.502721262457506,0.43497127716619644,1.6450494047010935,8.166053184070362,3.977641763382507,3.581528753062066,1.037939450489156,12.615554011189925,5.286136472071161,0,0
lari,0.5209654763180263,4.972923447799727,-0.7104221475539663,5.380584154651759,-0.38615623172243574,5.306102071658282,-0.2734508819195551,2.162196300891415,-0.9412389199934441,1.851019081913092,0.6865024248782049,1.8125695753147884,8.043907008537886,4.17275921355773,3.31570060315311,1.3146518531316203,12.441095419860657,5.106382166257992,0,0
lari,0.6260076995694522,4.4841190959507005,-0.7746233126328623,4.599143126041673,0.08469632990126648,5.000595574897915,0.5926884777469579,2.6248578675844767,-0.0020418227103595732,1.8794923367919296,0.6434038676434404,2.033932220068102,7.415547213656067,3.4247323266727845,3.5253708038599405,1.666870009518597,11.527056803061232,5.608275870397258,0,0
lari,0.6296489905385202,4.522892270747914,-0.5805476464397278,4.619965751791704,-0.37366682182050964,5.448461939729442,-0.08812930294407863,2.896673814354272,0.06576101526080218,2.116462992555639,-0.18690785986957154,2.327925598845714,7.669179923991984,3.599706974879821,3.8846275746147594,1.75900944788748,11.936775484217995,6.127603724640657,0,0
lari,0.22099586582772035,4.8209096528541835,-0.6463290501482908,4.599452832678,-0.42316646837326516,4.637024777979894,-0.7553232843465532,2.535925557943885,0.18511452991567598,2.525564384347558,-0.5171773956955815,2.457807791262459,7.028091355834465,4.081336660881968,4.047403874931812,1.7844688789774399,11.052276266530013,6.344288848931338,0,0
lari,0.22440436655848622,4.926449637903983,-1.0769017698206325,3.682097809184449,-1.2309237202548866,3.848285899314424,0.04069101000289295,2.5421532643572875,0.3158025272405531,2.946877887693044,0.3057706186174802,2.5028096987443207,6.326780674781433,3.867473579232183,4.186205653462244,1.976413161805504,9.886941038203535,6.570959423546348,0,0
lari,-0.7259720182991868,5.207675238316709,-1.2684158435761712,3.34830644406114,-2.5134020162945947,3.1332795193478704,0.7526599034229529,2.742108873469099,-0.03609193509179142,3.133260290346429,0.6507919650777915,2.530000938773538,6.622444929104697,3.519544302715015,4.396203426204594,2.2840547826707502,10.143334090555248,6.845316942887525,0,0
lari,-1.597035542635777,3.8903150153981456,-0.8565089702904206,2.560624865697111,-1.05361445327449,3.1432341027758315,-0.03469603969318645,2.8645785659474887,-0.04778207081862067,2.957416113404158,-0.258005230356713,2.618383551009719,5.4696769620127315,2.406310311536008,4.344488689129624,2.1939871896350356,8.392324368268616,6.771992926482658,0,0
lari,0.2689701483918235,3.7521781702589903,-0.3728671191028753,4.0967479548604295,-0.15827066095456704,4.028352910286761,-0.7325148963538907,2.4520409905082725,0.19985900172808535,2.9861407889084837,-0.5380842739428812,2.392231495172566,5.869824425994995,3.539174633595382,4.2277866210620285,1.8634352142768325,9.141084106252825,6.546743746282332,0,0
lari,0.2322296519810505,4.469956153598022,-0.7782900063605767,5.220053145055402,0.05752029466780782,4.924198599568249,0.01002642688124569,2.306663284913109,0.2416870457330688,2.8738755022789357,0.3488181327374771,2.1693686446480407,7.511953416158617,3.891969608129838,3.9239718860562003,1.7073187530100309,11.845426664027546,5.964873678892249,0,0
lari,-0.0953105313384587,4.253524408468778,-0.6335952713849239,4.183159958819829,0.08975295705782123,5.226578885595027,0.6962268033152011,2.4530953079538715,0.02004281438821436,2.5949103981338117,0.5309353535433978,2.066939786255486,7.144234016340459,3.431559223951565,3.8194931041374773,1.7499610763241908,11.092572508729111,5.850166683497775,0,0
lari,0.45149834106082887,3.9733136942134424,-0.7686216000710563,4.18080381597735,-0.09992928935790242,5.070045718314254,-0.12635287243916196,2.5332785246424336,-0.10055206218616675,2.475244632841692,-0.3283257094099818,2.1759603993308723,6.899594085030771,3.42040904110777,3.717697556596467,1.8583545324648283,10.52408864149924,5.8771962849027615,0,0
lari,0.4269368816504678,4.02671831287857,-0.7111010504034819,4.6399375764099355,0.15811914990053333,4.8001310862521755,-0.6512463310178184,2.1169465194094883,0.202457226995771,2.205238649463309,-0.4981620891139813,1.948747914540325,6.9282914740269455,3.6081572642957953,3.3106693298931034,1.6707470306734165,10.737325762278028,5.279447161125019,0,0
lari,0.6478937381290524,4.297891499831137,-0.3231202565051649,4.832414146190018,-0.2579310052561871,4.85538680693251,0.14833081288844535,2.0209500532706635,0.2236611885236947,2.1663807590326796,0.3472151158717894,1.8296900684979227,7.169358526552298,3.7518870401132434,3.080526396794617,1.6535545324140066,11.3334585174537,4.829859006403711,0,0
lari,0.36621406626600506,4.1546243020598626,-0.7579989742231839,4.393576525444336,-0.09279359920160314,4.79739826835405,0.49939882812461706,2.009852882946239,0.30402889788853693,2.270771320844031,0.3386036818069166,2.048378199278104,7.018907798818521,3.246734582263034,3.305823452885672,1.6774990762770776,10.918621868917665,5.024131544119897,0,0
lari,0.385038867970746,3.8196658593084343,-0.4884014880147467,4.1359934329170835,-0.2241635172558132,4.732676817064951,-0.3406010471578631,2.00305691587651,-0.11549681953706287,2.1316833878330486,-0.4304408051686813,2.0589921065511976,6.68798812801621,3.058590922340724,3.2445032791446566,1.5749389343223055,10.356931073051834,4.956454156254589,0,0
lari,0.6297100780825865,3.964518544706789,-0.7770192701917469,4.30158321515993,-0.2233348142771953,4.783167297314353,-0.24303223614961433,1.7137144774725304,-0.11117786229758306,1.7555823328007218,-0.04720892552430314,1.911725366881486,6.83067085588404,3.321315535954077,2.7674942215810012,1.4183054022096846,10.732860084166104,4.256012525495175,0,0
lari,0.6144227683785866,3.7965555448662776,-0.7382078122514873,4.4419692218412115,-0.21430099556014726,5.027279600597793,0.6173474340044129,1.9789603859525586,-0.7590438148025653,2.530608932540039,0.5077902458186148,2.0038823490496736,6.952952636170448,3.400701171952446,3.545190755696982,1.69347856437281,10.939023394644865,5.008063055623703,0,0
lari,0.5579046580170963,3.857805005759124,-0.8275351563093573,4.580873456119345,0.026996022794645365,4.866114596125974,0.2811749618017234,2.0383256225232333,-2.380837773950787,2.3719493839162524,0.2188517121443602,1.592812345662361,6.905872838250164,3.518550004401489,3.9169816552312344,1.6352757088074612,10.849508488744526,5.403145557766567,0,0
lari,0.276245733962803,3.8008021683230084,-0.601083183527582,4.769740519456594,-0.2014829121825781,4.818520817917573,0.14930191503844825,1.9009046659010125,-1.8617931669960666,2.2274485795853596,0.5823198058154829,1.7540967148603324,6.847469281358616,3.6791647158099345,3.661328454048052,1.406204851977968,10.485565511317992,5.428263030675733,0,0
lari,0.3368736182043473,4.4577177869135145,-0.6972182000645921,4.844884396118277,-0.18373317393712987,4.512921785942957,0.5093085125489832,2.229564138638332,-0.4824847742024885,1.9117840831529622,0.836772804512119,2.0706195361789757,7.062813527235697,3.736731351336889,3.508654620615731,1.2972093946665784,10.777319612121795,5.513518730824618,0,0
lari,0.42251590247039283,4.6131744427034285,-0.6284508990221699,4.617406106081184,-0.23135774426762978,4.361079760598914,-0.10913003478857959,2.3263753387989867,-0.3688559195449781,2.0969879024159965,-0.15557078732358082,1.9686755833672196,7.024808781485501,3.522465294386583,3.3677881562931344,1.5499699085218261,10.843880869828476,5.305408590081863,0,0
lari,0.4998571514648351,4.209225099564114,-0.4505339929769612,4.526690929516384,-0.12818030859968269,4.51952157238562,-0.514293487740778,2.1427253788031413,-0.26067934129180936,2.436382113878721,-0.5174876615992599,1.964181569376066,6.811997506663424,3.4980794651867297,3.4874077190719337,1.6452008847692257,10.570439872232333,5.5145408403350995,0,0
lari,0.41075880047748037,4.267792568198288,-0.4894265069387365,4.5009955859073,-0.03954529434479272,4.4737718993938875,0.28730086644757263,2.3304182669378424,0.4329196687395664,2.252709771601021,0.32040366690789446,1.7982481429110395,6.712533732889633,3.6590125335606136,3.3790385713806885,1.6069836848642578,10.447177289206193,5.277994799381396,0,0
lari,0.31191574774457453,4.124383450463153,-0.532822903038577,4.476398807633599,-0.11316692703417366,4.561933134718178,0.5773840564247444,2.459550503803282,0.4530218862682451,2.22087244285285,0.36670966559662105,2.0604683921867735,6.814311315376837,3.3695726427320523,3.645132463456171,1.5766630255901772,10.635945922753963,5.732660363696881,0,0
lari,0.3242960814642221,4.046300666589743,-0.519222664714876,3.941897013617407,-0.060498803268489956,4.468619332457856,-0.3052026684798449,2.234200501877117,-0.2777568053308262,2.3732821642154063,-0.5877240816831221,2.199640952063536,6.47975413037036,3.1385626783528853,3.6327154896361082,1.6289707683673031,10.125277776099706,5.725014758275426,0,0
lari,0.40267079199640826,4.233444889174207,-0.44991710098514304,3.8423187888642234,-0.2410635327218757,4.195676016797107,-0.349702951650505,2.0194129020866702,-0.3259273666256541,2.444191178227747,-0.5349462589754643,2.0110139158106595,6.377422423407848,3.1038325774483067,3.388000413689498,1.7382955469383283,10.031043406157455,5.310235434026267,0,0
lari,0.3310036171395509,4.149408083501519,-0.4327373856865666,3.740939309147749,-0.16232644349555111,3.9968659492310374,0.4784637544141252,2.2895550802496625,0.2692268639667395,2.3155675269439953,0.26297699021822735,1.9810607153473836,6.184123278945345,2.9805894680243754,3.466873729409869,1.661989174367115,9.74488817201455,5.57880456834141,0,0
lari,0.3113296953039519,3.923238759463473,-0.5294937186940564,3.7561669320952022,-0.06310420892803745,4.288384933222138,0.45292937304726266,2.4445836592238868,0.45640198717853253,2.2722163437415794,0.2720403069323324,1.8773999500454361,6.195284045913321,3.083297600570891,3.5603054013673545,1.533672640679048,9.69650373734921,5.6360350859785715,0,0
lari,0.31298597296472963,3.9176521333778167,-0.49995159535596984,4.102853543075967,-0.1550466043520107,4.456144797062178,-0.4649272678715477,1.9721697550390458,-0.2870798709795785,2.6849808294350788,-0.4572586364623764,1.9280176740658108,6.512094199792225,3.0949332929831805,3.516871807241104,1.683832761175768,10.124499241695066,5.367221489816674,0,0
lari,0.3820584538425239,3.713677320962506,-0.49125973062868405,4.116895326213899,0.02531963184154792,4.176523238276627,0.027985917162004645,1.9954615011655057,-0.32771736580082433,2.264193762484341,-0.2344216674695407,1.5059311027459068,6.2038073529340245,3.114394277783389,2.9550587689684447,1.6493858274220392,9.710809768425372,4.343738232586986,0,0
lari,0.3153277155122312,3.320302635898889,-0.455380493514684,4.17925807602562,-0.021097849675965393,4.419110394496096,0.7004958574051741,2.6353661199897442,0.0967016072783212,1.7518173472022214,0.5191074100738995,1.2115017856867463,6.180370745224801,3.1219681742489196,3.1271196478675383,1.5431760792541374,9.58481957629603,4.658680474175569,0,0
lari,0.3160110834247893,3.9621286807126372,-0.21722175106391625,4.088924193544075,-0.2165191191469372,4.373348501286373,-0.29958681918105284,2.5707152401644935,-0.5142720957541371,2.03039815666882,0.7090690268854695,1.1417715711430152,6.36117505676251,3.2964448493522784,3.261692334669492,1.4677539125819394,9.785306563252613,4.872937901993505,0,0
lari,-0.058610419204492954,4.154359534949383,-0.5567529341268354,3.6660971659540103,-0.1857235385605142,3.7393412576186726,-0.475082443067408,1.9839856434936765,-0.49920566360250346,1.7491430677773878,0.5185550597447837,0.7634601028509158,5.72842730661599,3.447712022339173,2.600113151210369,1.2251599312724135,8.781665482586197,3.7825636878742643,0,0
lari,-0.5126107031542909,3.7720436600761458,-0.49532069486583913,3.881119952110525,-2.1173722011520573,3.573806788633142,0.27876463297318266,2.1594166592015123,0.6836055324505662,1.8385098123510022,-0.2454263841779036,1.4587587417706687,5.567221556037001,3.9747037145717075,2.900287705281126,1.51192416337237,8.38737878611804,4.382125494850242,0,0
lari,-1.6206368906968234,3.487951000525297,-1.5216429556854765,2.795726754027848,-1.4029406720810684,3.6283170797894715,0.4758718122617263,2.4682225625753036,0.7199160004395132,2.344369888920041,-0.45254648293011857,2.018620229610334,5.128207432106709,3.682706188830308,3.7239592341409407,1.6168460358717456,7.752954039318109,5.7735251631618265,0,0
lari,-0.4362529994532371,3.244038461865086,-0.6147103031712617,3.5918184391434655,-0.6188893529844703,3.79065553419211,-0.2044857516708044,2.472561115863135,0.32051402046290434,2.3898489673045367,-0.45793592980841075,1.8573277123714527,5.681643807099789,2.4794524467553622,3.6267792609630813,1.5316782666694497,8.773557157970128,5.592365242937197,0,0
lari,-0.09304663820148942,3.788542671204756,-0.5787191707980434,3.7409562603633266,-0.17890242665963338,4.067689868170756,-0.3781222652981927,1.8782035591970077,0.19122647267509366,2.0034486749983023,-0.35728243772908636,1.7309408996471953,6.112172723278198,2.745408528770476,2.9523976734019275,1.42940908005374,9.553403139183143,4.5660825818562,0,0
lari,0.40519847748271814,4.204536256398618,-0.6268101615072772,4.869920563513701,-0.42621512930123545,4.385330645164349,0.3766434042825345,1.9104516985906725,-1.0376308203425788,2.7962673401525087,0.4673284827663833,1.7457958872155626,6.927196503140933,3.591770512289783,3.5049170505025335,1.8867060075096667,10.810152954497282,5.2676985016116085,0,0
lari,0.4759102255135975,4.2753353880075995,-0.5456521585882342,4.83206566768429,-0.022433197222884695,4.345877460339073,0.04188976720911003,1.9350037299049565,-2.315061286522914,2.719500627716316,0.47565731508847947,1.254526079318003,6.8694652431319705,3.6575699165816022,3.9735662967865206,1.552093885187508,10.729196571981587,5.647712974020762,0,0
lari,0.5000818176239078,3.8982231326810948,-0.4457481819254048,4.232804304974044,0.004312607776869262,4.540951936704226,0.06124886316786435,1.5351508719434506,-1.9676830087027728,1.7900378350670956,0.36507815662079407,1.1325987679506164,6.572464742980692,3.2484944812906,3.040817793557106,1.2462078382567054,10.431068076491279,4.330383201659862,0,0
lari,0.23161718842956389,3.539640606897112,-0.541391987054958,4.250512877777454,-0.016677114836682706,4.834910105386762,0.4578276732450923,1.7302919734243758,-0.7815776386579057,1.4874204907779816,0.6141605553894521,1.6662567562868928,6.594994545187624,3.2232779048339557,2.7622285041485055,1.2188216091509911,10.389932332435318,4.0800056779980896,0,0
lari,0.23893517858286475,4.097897507197033,-0.5428462264413509,4.277866760222494,0.029952322513976472,4.767862061138479,-0.42060367873430865,1.8318332744512313,-0.29561328181550284,1.608666185839983,-0.007539543585199459,1.8860554572769168,6.845723663253807,3.2930749467021196,2.8971900058925466,1.135408332142819,10.693892767897244,4.340405424677269,0,0
lari,0.43855397267486607,4.82810179079623,-0.6495460646134171,4.511512229133409,0.049974666751148734,4.654260310505255,-0.367301621784,1.9808129052359158,-0.031298170513028085,2.091502121129959,-0.30698401075228077,1.7557288156706263,7.12145442269316,3.836929551368153,3.1412611941753075,1.2829047164838652,10.991602972493965,4.897045573297241,0,0
lari,0.45668218058483157,4.3756202075397885,-0.5606845036546324,4.561075988090585,-0.059993056022883684,4.813539331259257,0.4229376183187098,2.303149350138591,0.1668176870165913,2.3242701015589047,0.2982831175084281,1.6538229186805506,7.024831475905119,3.7154738701975076,3.4360038648924043,1.3472736113190897,10.850556386464529,5.373282526045753,0,0
lari,0.41020868822839135,4.278776739081179,-0.518710973704547,4.47817192451926,-0.14278997230924365,4.755670791510253,0.2672269169373052,2.518695987491495,0.18168771569387765,2.133357298302768,0.20327423026772715,1.8032628308391951,7.035034496230423,3.3836484570967786,3.462434259384891,1.4779940484718752,11.042494657378498,5.466150026066426,0,0
lari,0.45926063017710234,4.426495256858447,-0.5333096238816598,4.6692928885002365,-0.12421914873879861,4.870552599860469,-0.5029315359382225,2.2068949878225106,-0.009466272920838842,2.3108171255758627,-0.46769676012832895,2.061229230200625,7.270090822784929,3.4994666090919515,3.5289038943948743,1.5350929449510327,11.401943122744399,5.540108045780699,0,0
lari,0.525946661426951,4.040245400936795,-0.457472858783808,4.5309911721416904,-0.13098477963157695,5.176775715531528,-0.005344833733897701,2.0137547133281264,0.27512281429112045,2.471884564428988,-0.02274922530095532,1.867297068207779,7.154551901480871,3.529298927767876,3.397004004958979,1.4398021529082203,11.151111042183224,5.197559786618809,0,0
lari,0.40283384532852134,3.9181886657930076,-0.449008706487805,4.395020246722658,-0.022207263018884836,4.915919698134037,0.7330064749430449,2.177828236406292,0.027070921271590196,2.298909962418528,0.3578383337130189,1.6496827543409074,6.816375251014242,3.5029180728726033,3.367787162396821,1.4020084803546342,10.718345626158031,5.166465755675818,0,0
lari,0.45227793356039825,4.429350254698238,-0.42886226454918464,4.472678337633113,-0.05999406149287823,4.556896875229273,0.0029249929285823308,2.3388590488724925,-0.20701161945816549,2.0823024112451893,-0.15003352482896914,1.6976735120625825,6.884550752269305,3.5929855452318553,3.2418311072231694,1.462445865200982,10.92588359541212,5.081311228656451,0,0
lari,0.378169139824098,5.054073051388191,-0.5589813901274074,5.36900407426979,-0.20283103687554593,4.385968793044794,-0.45981034350930705,1.9004773279845877,0.10119392226522103,2.037954076313555,-0.28377808363418827,1.7046292117606718,7.473055051397606,4.206845829981809,3.0457082436583773,1.267296646245404,11.572857218084234,4.795011427135514,0,0
lari,0.19210906787718718,4.474821254751271,-0.6022618006520496,5.584330982998908,-0.08344662834549904,4.8756494950367655,0.10446654839828229,1.790644070849437,0.09593491639289738,1.8877251988752908,0.16136634046960066,1.5837072221697364,7.812557983978322,3.7065945446807573,2.784652089603733,1.221494932864851,11.766129354689511,4.236899198471477,0,0
lari,0.3425459923310693,4.302921752676909,-0.5665123821181886,5.036355482064943,0.0001711601978486943,4.972519543512483,0.4898471123493157,2.1487793542802205,0.056797512699451456,1.5607833460397413,0.24721596752466823,1.4579635433278906,7.4866822499474655,3.5259164705828314,2.759138575910461,1.3403646851003874,11.417678278577945,4.218169187861473,0,0
lari,0.6329386132993244,4.705491242727593,-0.40132078580208036,5.090517458994186,-0.19165005350430422,4.52051796339496,-0.5167003717150839,2.091928799757335,0.05004172415359861,1.6048434200963462,-0.292967826750785,1.6380385432273605,7.334032440794593,3.84229059810183,2.9019869900696973,1.219494552064312,11.612496238596991,4.576651929606628,0,0
lari,0.4731061828801647,4.201639591262658,-0.4232843887495993,4.331269163664284,-0.13218621893039367,4.290545648926707,-0.18161536619224866,1.9445375356393213,0.5411148371095091,1.6720199516829892,0.04197071445112178,1.6633459294012647,6.623214504017565,3.307128397457764,2.845686196326089,1.2225910893365801,10.512476739261063,4.45763982333221,0,0
lari,0.304379970355351,4.159340627118301,-0.5119885119227164,3.9166980504839133,-0.12795786543146406,4.2001602997262175,0.696952161378832,1.9318768667590365,0.207039252532759,2.1044309595200152,0.30614108530019346,1.8623967371878558,6.289390722625403,3.271221580815735,3.1622407407715984,1.4687209897456004,9.88248075478216,4.912215072950055,0,0
lari,0.22749170692625945,4.405034569939621,-0.5338707828813052,4.707139375530664,-0.07636914958857145,4.488418341098746,-0.128986884686259,2.023315583554988,-0.458087815955173,1.983160593935915,-0.34081401229602243,1.9557279872786701,6.936263364746264,3.668204806924804,3.1036859117496287,1.5708383624809483,10.882385395541277,4.832790872995401,0,0
lari,0.48031528732228085,4.62470179043712,-0.48275357192329826,4.918893642360952,-0.17609951891727552,4.5616769234729695,-0.38606553109134056,1.8855682931409974,-0.4868623198212787,2.244761581426737,-0.3080082824543214,1.8442287275326266,7.259141774055518,3.6965695842031843,3.1705748826182667,1.525524401999147,11.405876089951251,4.94254265410819,0,0
lari,0.5634052590912212,4.539539181860172,-0.4696199053253086,4.340476286547268,-0.0724904753093677,4.584133925260806,0.19826130661928826,1.975961045740486,0.009916301309715667,2.3495150611113482,0.3940909207965375,1.5938247407659543,6.945833047601209,3.5040303440548115,3.215488123508677,1.3106482463115767,10.854284504633215,5.016795257511604,0,0
lari,0.23169277946743164,4.205678346158569,-0.5683211445984135,4.275024269316903,-0.286732088399942,4.857451910014589,0.4404985609340596,2.213304210566227,0.41755078708248233,2.0440830380174004,0.3034275144016606,1.624916551947234,7.047602393383135,3.1387130085155466,3.2250145978518905,1.2948647953182204,10.979456419557287,5.099129928559216,0,0
lari,0.2412482007019773,4.302056365068703,-0.659298985641188,4.315547189008568,-0.3086631335481891,4.983715792030948,-0.38058905754943106,2.050808693702045,-0.18505633905792976,2.0116270941201764,-0.36296671526912455,1.7068531437282444,7.158612526460088,3.2863022235264343,3.123196698575376,1.2754997201683773,11.217104683561004,4.9121292679918165,0,0
lari,0.18908657532294326,4.673307153232046,-0.8645445673224136,4.469520703276485,-0.45919947287051244,4.983643499410314,-0.11943280141035126,1.8420112837031208,-0.08245481217959365,1.735007071228355,-0.10566359449166692,1.4942192554859604,7.4093138378301155,3.49353082789708,2.6861578247963163,1.1748074214237851,11.59185150025332,4.135346414843784,0,0
lari,-0.5402795477606139,5.755629060270384,-1.2557748338044592,4.022422107955471,-1.4385949117723442,5.03449640521679,0.6514242484029559,1.9703259572934049,-0.5142672594742295,2.2724990461907213,0.38558234050681933,1.603746022882667,7.807251319609613,4.130695777260325,3.227521846398876,1.3936559220407068,12.017099370876828,4.84383772262722,0,0
lari,-1.1568790678944096,5.131003135164968,-1.026417558480206,3.368300361050297,-2.0674299409786263,3.8673002139116117,0.01586613651726403,1.8174628293426127,-2.1395294348532583,1.9763247184330506,0.09769823942023155,1.3979854134762737,6.610180449174532,3.902090620403299,3.4874319195390364,1.2296674827828162,10.137770152373651,5.044776118218486,0,0
lari,-0.32477989829457643,3.6482117588492495,-0.6072158209920928,3.2013119917781,-1.0008272638392046,3.6896982163298286,0.2624328279278426,1.707793066116096,-2.049683875248905,1.719220972092316,0.6300100785666254,1.3041993549908977,5.746399193398824,2.303871968574454,3.3140309761975373,1.0925219143455815,8.854206883451091,4.801174765845604,0,0
lari,0.2290277436905634,3.564065669576527,-0.6026723127468485,3.3202252523416833,0.2967408036975975,4.500083580138274,0.4674927347043428,2.2221429881250354,-0.8398710477125054,1.8285498000868392,0.6131842555783463,1.6557701627324855,5.979403237791632,2.8933744549956986,3.291863797539203,1.1791189484998923,9.273871567370485,5.044105199775782,0,0
lari,0.22012213554478857,3.9776812268168014,-0.5078321246697907,4.380074055238119,0.1643149688428643,4.289241278781468,-0.46822666704701843,2.2271057411220023,-0.3193847292101135,1.8332171490293614,-0.322278203202847,1.6472710490591724,6.590394225419577,3.141541815523833,3.155641824899982,1.1852953716283479,10.470003938181964,4.961094964471432,0,0
lari,0.08289932417016654,4.144433043916485,-0.4121965322140392,4.412772746909235,0.010872975482526588,4.161276812505305,-0.10491411681333725,2.086467573756525,0.18805488927858022,1.8792287353064399,0.13607462208785429,1.4415346476823376,6.681789516699564,3.0077421150075496,2.920101665112416,1.1896588088738322,10.560591092181522,4.459684571320826,0,0
lari,0.19910447136407236,4.399715764465455,-0.5821692195679459,4.057553870463952,-0.05326397413341349,4.431009000626304,0.5378004422338027,2.159116252691023,0.4714176634799763,1.7069330314097018,0.29425100502494894,1.613950006768713,6.748227180066039,3.1371612210333266,2.9789508916714134,1.349273945748825,10.745855215294036,4.5663676237912,0,0
lari,0.32668867777726485,4.014613130312589,-0.4911918333949238,4.045938579944323,-0.035091049276315546,4.601709134654532,-0.3337186822333684,2.0827955826994553,-0.18099655499086287,2.2666447499175026,-0.4628583344103472,1.8086554657553349,6.550074909526817,3.267777310273693,3.2961247948470436,1.4610802829216234,10.454386889236218,5.032373691442371,0,0
lari,0.3178866312356016,3.770851534980337,-0.8109247395386167,3.98615974097659,-0.036408684525376135,4.6475231442294955,-0.10196422204869923,2.0967336586026324,0.03647555587949438,2.6616167359887406,-0.11701574178000942,1.6186727024161558,6.414345960287015,3.3040107050373826,3.446069090998426,1.459769839539361,10.040187255355914,5.159073890661583,0,0
lari,0.41094920998363516,3.9790572655235574,-0.4314023283737326,4.1735040156808045,-0.22662818777482474,4.407150932650486,0.687678624913564,2.2820653223197036,0.10877886666764068,2.5486641585335157,0.34610837462546923,1.680446089633998,6.450996311887414,3.3239665148095487,3.6069469671778767,1.412997173629265,10.095532444530539,5.499419630679001,0,0
lari,0.13896144007297234,3.8316579755467126,-0.5169424232844919,4.065275506083739,0.17565946090853465,4.083279521593478,-0.03641782545976101,2.367114710922992,-0.2690008636795868,2.295866865262829,-0.2826771531144114,2.0134707609667224,6.214712268229981,3.031347078495909,3.478558406853839,1.6914054034373138,9.845942301393906,5.373054142430974,0,0
lari,0.5876574576065463,3.455344749347863,-0.4269190536641348,4.313463603415201,0.2640249051885755,4.847820351134668,-0.47558143657509805,2.103263965699116,-0.08754348700903757,2.353907560728949,-0.43137760483616694,2.121645674807115,6.610381056237585,3.242153384345856,3.4716989942753287,1.6479417755033026,10.225237683493477,5.435750742427919,0,0
lari,0.723302588231645,3.2916911662470962,-0.23945980729695657,4.657990931182182,-0.05927882930400006,5.3146753252173,0.28359098175852926,2.010904372348879,0.24247647639630188,2.219741411636376,0.314957847731767,1.809741346132662,6.8069918587899,3.8163641097768894,3.211750990385081,1.4378586971444132,10.297254305962694,5.018116314370165,0,0
lari,0.5689496290911132,3.3294911509126437,-0.37524747305421685,4.55772541502333,0.047476737826039644,4.725754109337894,0.5397272015085437,2.390814370848623,0.31846081715014185,2.066747242759523,0.29394735183743403,1.9109631753994674,6.311360394330527,3.798286602398389,3.330081072993208,1.7093070952181837,9.67219069860843,5.173899166203257,0,0
lari,0.45919358995584375,2.922262044873802,-0.572278863001289,3.7346175490676075,0.19631502141859158,4.0884875884043055,-0.49078388101146,2.2717647489209973,-0.19967323894772065,2.2298224123784376,-0.5072973537325415,1.9783647531538824,5.574270525807488,2.898117963929155,3.376996349111985,1.752477364366487,8.505332209836006,5.167247324775899,0,0
lari,0.29394973600537794,2.4453630586001873,-0.31756362084740514,3.672665727477201,-0.6847035471130674,4.047581066763431,-0.11211331878391255,1.9006456171072998,-0.006850334861969128,2.144921429652281,-0.012180084857086129,1.616605402064748,5.496563478835435,2.448775540661623,2.9413876886223296,1.4492395508353269,8.323036117979273,4.421665407048897,0,0
lari,0.14690260540367642,2.465825980973548,-0.026727861284131692,2.870729075559032,-0.306859144484865,3.0585232616008593,0.6598065316717608,2.136409430545856,0.04102674612396398,2.13767884413208,0.4073297511404181,1.8299540755632935,4.330216039112516,2.203045321411935,3.3141996497136517,1.4130873125066663,6.588564255965646,5.147438411808841,0,0
lari,0.0724251582164135,2.0733827089434573,0.011587498132617564,1.8970891608257607,-0.2780068718321157,1.856990203458242,-0.23303385262230922,2.2559525887802967,-0.19963296678032577,1.974314446504314,-0.31371064249414155,2.115101946794154,2.97922473366818,1.5698228944607473,3.3732055911587486,1.4703615332570519,4.444708552232366,5.189668289084838,0,0
lari,-0.12834733007449403,1.4452117874340913,-0.21262224242374092,1.8214261655415858,-0.7977707214333043,1.483133624098852,-0.41635326495896025,2.1510787921626666,0.06332036001973756,2.1543912941075662,-0.3415373998296888,1.8856247895695095,2.5505872986316662,1.319044798174862,3.2631242242447875,1.5380392346564744,3.80182204471138,4.980889028520811,0,0
lari,0.38126561724075486,0.9673937827992812,-0.27432581944000134,1.5951629497402142,-0.5888953764516132,0.9024729084485594,0.3982644227159854,2.201017311446861,0.2841434586724443,2.110599982100532,0.19524784969332498,1.6439991975969475,1.7246976012843342,1.3650539128586838,3.2103374021702633,1.368118949529401,2.6546351424507475,5.007334107231889,0,0
lari,0.23405816926109668,0.38027086403311283,0.08560796229063083,0.6114984485707123,0.19730184645305787,0.5466795613468993,0.5282559067014594,2.3814447701122043,0.2885007170272899,2.1116924879533507,0.22230196527201276,2.098222051013648,0.7257310665931505,0.6224546266192947,3.4948330901928415,1.6160734097234932,1.1117870213499688,5.445953395434618,0,0
lari,-0.10113654166419149,1.5376749109852184,0.6191092801410821,1.4113151581691818,0.819694357914303,1.627204689968829,-0.3104086312592412,2.219619590265301,-0.1929805423614588,2.0115338313955586,-0.27777540165584613,2.2737418162823033,2.266236921936933,1.7007435000298756,3.454451620760602,1.51723122887491,3.389687115681427,5.329178770818559,0,0
lari,-0.586578798358551,3.0060267209706835,-0.3199832302586113,3.452650451421236,0.5366051957528752,2.8456172861983076,-0.0028315943949701063,1.704572809519404,-0.7364697614078297,1.7829495150278076,-0.005386631703374586,1.78897158559983,4.713425138192806,2.712115873881659,2.942928092620252,1.0413893145115984,7.29851922435935,4.348971453227034,0,0
lari,0.15684788399991173,3.457809933693187,-0.6937284901359306,3.9940652441717317,-0.41129251428157526,3.667259597926641,-0.07207783273700731,1.5906477782061432,-0.07181611533511528,1.9255632458315286,0.11919869129735103,1.2251890571432376,5.6141893229353945,3.194079423408066,2.5086378738464603,1.1861784338320618,8.946547821714654,3.6502831812159604,0,0
lari,0.5177103044835463,3.399554951096315,-0.3773463537320603,3.511794381338462,-0.27135232822306865,3.9149581758052427,-0.11732945974482693,1.4911632912750203,-0.22072329948945132,1.6396493548685611,0.2392293405062253,0.9590684665549031,5.657925859861734,2.714779364773337,2.2234596419324966,0.9793085913432542,9.119855728439026,3.304970398673368,0,0
tangga,-0.007152798473678854,0.3965597266504401,0.0063764426444555475,0.6773602013887986,-0.023869017054886973,0.48895485860302434,-0.09013929514513405,0.9145599618936135,0.1099549830629209,0.8481519484416002,-0.035505749986308975,0.3944364866307517,0.7381677087373604,0.5526536215403739,1.1579840399446213,0.6152908386289405,1.1140692644267514,1.7165296692382896,0,0
tangga,0.021801440450175756,0.4688201410415872,0.0025401476282289515,0.7233619852969041,0.06489976396458062,0.5573887789178767,0.15737472481801779,1.0418590823048914,0.7170097350588999,0.7934175510109217,0.05334391832594885,0.40712580878769433,0.823782536650045,0.6107338959440273,1.4418089742132034,0.5728081365436174,1.2502356038622506,2.0143986585181093,0,0
tangga,-0.007896735681311466,0.45571892756329796,0.000506619921274023,0.763967010301194,-0.05278399228768198,0.7107602390990636,-0.3972663835420652,0.9615882735866044,0.40910104323715457,0.9208658099431186,0.08478400032882741,0.37314331667873685,0.9129103173600561,0.6764314519812569,1.3739425968628558,0.5838026467815622,1.3399268600812226,1.902234200199926,0,0
tangga,-0.037372875958841194,0.39484771879053776,-0.014490793548273304,0.7140505670914659,0.0327929180735774,0.817793638528118,-0.05852437598348008,0.9690463716281921,0.29115018049666275,0.7781099302946299,0.17476313944088454,0.36061517657817754,0.9497333772265252,0.6528123909046187,1.2318806579961574,0.5114936305194988,1.3835705746975404,1.7401269290655088,0,0
tangga,0.029272035856658562,0.5040432157743349,-0.0051613056414125235,0.780098289092182,0.057450634034124454,0.8080534721010467,0.19937062162712732,1.1464616678452137,0.2482940096003978,0.7439227129191635,-0.009077840861402469,0.3366546535724873,0.9947681846596178,0.7212699307740509,1.3261670926371596,0.5542145291117859,1.5034597688128284,1.8051598416558678,0,0
tangga,0.017930808270793838,0.4648261947582313,0.019603435314996632,0.817484117634261,-0.11007753610419567,0.8508568178663474,-0.2983950663273681,1.1109017334213147,-0.02307952565955004,0.7619835981813535,-0.022739421625418615,0.2403860016022337,1.035689672191877,0.7333249062010995,1.2800465833204728,0.5553705924157313,1.5396315619863423,1.7077256976983517,0,0
tangga,-0.019692323918497765,0.4112246853009806,-0.0016993087420233688,0.7018278703771382,0.030676960312026543,0.8255294988730443,0.020039169187948264,0.9640050823114626,0.06841614325541526,0.7773818609468706,0.018512244472611496,0.37885850063712523,0.9855461472967189,0.6028266138592043,1.1707339025148964,0.5460581132487513,1.4214916935600133,1.654305018756356,0,0
tangga,0.016138463690079173,0.4783384315946094,-0.0017781434892822268,0.7723953471114452,0.09090653900794095,0.6835861010237513,0.1756087263257964,1.1225713032682365,0.15692029070177235,0.7478302485861962,-0.11415025520646008,0.37412918758674807,0.9693878365426523,0.593381080855298,1.3138554144489956,0.5337799295914929,1.4403824135987526,1.8504159312464907,0,0
tangga,-0.0006451298496532501,0.4224090404889504,0.01739118634157149,0.7948594178023624,-0.09837433736082661,0.6086684493393232,-0.32982557131272777,1.1091966335065906,-0.014803719525164849,0.7393468159734773,-0.039001502530731515,0.25746117567527427,0.9434698407694655,0.5400581061272212,1.2756534257775956,0.5578080149500839,1.393704924840548,1.7466032607200177,0,0
tangga,-0.020841212208386972,0.4468524635603659,-0.027702028735568294,0.6905874453456181,0.0040185362780802555,0.6650795917698581,0.014193199170667425,1.063190679196232,0.13933092212220782,0.7671383477306614,0.05519211169834575,0.3468089123723747,0.9324565812238161,0.49182452367147966,1.2186324587416717,0.6016443949380437,1.3432265561072592,1.6920940131580995,0,0
tangga,0.022570234105752512,0.6296316856093652,-0.015217907524964458,1.0098774781607571,0.07601041431112765,0.833516251076427,0.17925647033731854,1.2576249932759622,0.6524296078317717,1.4539038337333383,-0.082968870913074,0.43219865230894644,1.1793918074050243,0.844160625424868,1.7396517496699977,1.1378355443353563,1.7551121558660359,2.346929297195013,0,0
tangga,0.017462830985073775,0.6177349957959168,-0.024618804315388113,1.059628398322159,-0.03297005447546101,0.7439477148554983,-0.3390041045332015,1.0410568618069966,1.113130145831615,1.3701645996225815,0.0730279300978392,0.5439154801485743,1.120263741736875,0.890066169787519,1.8633576318449026,1.0596542428745432,1.6662752798986509,2.5547095263748796,0,0
tangga,-0.030067430952529,0.5125147460360437,0.03419935898212979,0.9606707708472167,-0.060398399605267425,0.5697945129280874,-0.2733610811160202,0.6738601424877736,0.8294725403016632,0.8956921320618063,0.2790795658106687,0.6479661222946447,0.9905918527030532,0.7244451876438581,1.4396355838000026,0.6571561232170229,1.4487866397523923,2.166246472583825,0,0
tangga,-0.00266939163891023,0.69024017121938,0.010674095518665801,1.2252142519565556,-0.058097540525074196,0.766153294616171,-0.004781088498825201,0.782791203620822,0.22577418112866998,0.7999376896785878,0.006105834747790008,0.6730804817863226,1.3251101030640142,0.8913196468165128,1.1384262109562353,0.6694356109119987,1.9840218516831676,1.7844946487642184,0,0
tangga,0.014136809334630494,0.8161040535751392,-0.03512658154216991,1.2094271118947466,-0.01711099389025743,0.7789502286191007,0.1131546802715303,0.6641791107846108,0.03258099533569923,0.5711415037672477,-0.07265770117473243,0.6658508769580946,1.413095767307033,0.8486680332264921,0.99899413522478,0.47112837056549434,2.135450501342934,1.5228283180262059,0,0
tangga,0.006178966698600006,0.6758662257901222,-0.029236731685711143,1.0539415390207487,0.010806279242895327,0.591743503269815,-0.01740901028024573,0.5204016683682144,-0.20187883309075594,0.47620032810600177,0.05106383130285675,0.6230883126724076,1.171164893432776,0.7302644793518821,0.8654374629228658,0.41639276682366866,1.7446555303555351,1.3233207717978928,0,0
tangga,-0.0053438714632122655,0.6231097529993979,0.023030489665865995,1.055991078968898,-0.006367391245340685,0.5341072045315028,-0.13516483568293533,0.5348356988341861,-0.12288824920155719,0.5360658915142164,0.09962062629170455,0.6046501426719624,1.1025278693412672,0.7492748657499053,0.8860245905483679,0.43563866033039844,1.6398089097928825,1.3336610889156406,0,0
tangga,-0.03552287751549186,0.7958547567066168,0.07405454305077988,1.1719734520019671,-0.009247397747899972,0.8667096325249577,0.029765222709622532,0.7391225564215508,0.07352223092094608,0.5789754509595476,0.020513376131712124,0.7465169650378235,1.3842026830220646,0.910835795779062,1.074766647810003,0.5280067536100038,2.108866361284928,1.583417055244649,0,0
tangga,0.00953230120087928,0.773806615875056,0.008616464032296102,1.1347264167375026,0.020418549542873192,1.0481937391741747,0.07916010408719744,0.7386671997211659,0.06224205700097563,0.5870786951814869,-0.18040708209411474,0.6868349695151637,1.3881873046265036,1.0193868025946682,1.0712824898060187,0.4958957925071715,2.1014872619527876,1.6334911719748524,0,0
tangga,0.007755582638462915,0.6033742785520927,-0.010826740190718132,1.1526547592194978,0.011000844581816074,0.8860394235037649,0.16821992817396555,0.6347544699977229,-0.31245437055233916,0.902744317447896,-0.13564487213181325,0.6189933137957849,1.2925687392861578,0.8890617119618109,1.2305027813109524,0.4662240803858546,1.8910389905431801,1.8555682973765268,0,0
tangga,-0.028305995916132084,0.7083255522932013,-0.052661720338297115,1.2946299359613374,0.001554861721085321,0.6804832597306717,0.1133061555787381,0.5663485843205447,-0.5942160792791001,1.0390758221770184,-0.0771002935440287,0.6707032410206689,1.406532221528129,0.803832202215474,1.3836089805605196,0.5405488021642311,2.0552279682010886,2.0412880382508622,0,0
tangga,-0.01266574269161334,0.9170421917342906,-0.001415679992811476,1.1216012434653722,-0.009266536343829701,0.6065294364342745,-0.04239198868696034,0.498381512280308,0.2702255002342175,1.1221306202479715,0.0757675872746391,0.957000349095231,1.354344572216586,0.7837777106637547,1.4662057427706199,0.5773302963654009,1.9926449420918348,2.2183462774849274,0,0
tangga,0.0573346641460191,1.1901296725813653,-0.037847198450327274,1.0144251082999094,0.008174812351837113,0.9884030377920369,-0.15924843618815127,0.9880247599325573,1.4585861924734005,0.6991943372526881,0.21720155465767405,1.0695739852495405,1.5130668851798255,1.0558153202963105,2.057126354261811,0.7461720758321594,2.2650220737535403,3.189892484967864,0,0
tangga,0.022168087169577202,1.4052836663616506,-0.017390868546678893,1.8872549497258801,0.0010153064002348877,1.168804563134947,-0.2328702031167491,1.441291323387473,1.2165416340160193,1.317403559571152,0.1945919385119297,1.089025640915833,2.043912331094889,1.638195681416493,2.3901792191101365,0.9034012998218656,3.0361823332810256,3.6052518821649784,0,0
tangga,0.027402531976671952,1.3186378051739012,0.018690203517033502,2.899447287146699,-0.024936800442076214,1.0474648183283704,-0.2365643143449487,1.4530721553157249,0.5620985614316741,1.523500651779422,0.08601741451644701,1.000229804771472,2.4602189092202233,2.2651064004334076,2.1899033922905757,0.9858815757708509,3.5655463274231676,3.179379597371472,0,0
tangga,0.08724707716816084,0.9257703011436612,-0.03821401669893916,2.7014184660266283,0.055091833537015925,0.8291410014303069,-0.08491370392977926,1.294188708120892,0.23464534380030305,1.3949085250616213,-0.004970952381260024,0.6327610296353731,2.032116910011267,2.16407155664201,1.8193008304721499,0.860648036306448,2.860153967848488,2.5714876500231747,0,0
tangga,0.03420661371184066,0.547760375280337,0.009137758790610186,1.476496059653277,-0.00022562732073003967,0.7794187546508564,-0.14257126707332454,1.3276667690455695,-0.10738856825571362,0.8422428836807961,0.07295696367558059,0.34288981076525127,1.3356323548207518,1.1344200388688828,1.4563173813709125,0.6963616598148213,1.8369647353474656,1.985191805247772,0,0
tangga,0.05933991940928094,1.2748665088137106,0.0658842168382085,1.9343111507293564,-0.08502464729078066,1.0286278271630924,-0.03363348267522179,1.3520028860712086,0.02318656014779143,1.0270262754816546,0.01621654874976454,0.4195680452669126,1.9875745971409855,1.5651858323709684,1.6145757543376704,0.653832319945688,2.953127287453774,2.3301858557691277,0,0
tangga,0.05533574541187674,1.3313218628252366,0.027825817451157045,2.15436471013484,-0.029007586539011435,0.9723761401230313,-0.01659468744769226,1.2720131815971705,0.014638561922118208,1.1488652594141238,0.04095709613850273,0.46416272177197115,2.1762342635062892,1.6062726004228998,1.6632840142422674,0.6009049018510892,3.2237997177964344,2.4111286950137316,0,0
tangga,-0.011906098999636716,0.7316960355396843,0.042912595847913924,1.1865151519365433,-0.015939325254718705,0.9460460921683208,-0.13825511009463992,1.0619930148759333,0.050724355522913545,0.8911839261352771,0.07404994228666395,0.3601844463109101,1.3348910620054661,1.0200622175630576,1.3023635194438299,0.6049235482243538,1.915034595048927,1.844514379424126,0,0
tangga,-0.030262884044983514,1.0634452341233487,0.10468347340588186,2.03964161003494,-0.026790442161674272,1.0966243422532247,-0.013186826783367968,1.1814525473535133,0.18442962814343936,1.0785841275013768,0.034013957853379614,0.3656370903944975,1.8602387095824202,1.735198986694515,1.4710944264636714,0.736605645543506,2.7453149773376864,2.092602355087126,0,0
tangga,-0.049732337449156366,1.0989303113260018,-0.036994296367542596,2.575911150188563,-0.013295835254321488,0.9384247609848195,-0.0305485243762679,1.364978512241778,0.9194790826246287,1.5669821235360164,0.06991838030243928,0.45100843985253536,2.1412355370467893,2.023972511784016,2.1642935760570987,0.806466754703461,3.1283556616448633,2.9079917523378067,0,0
tangga,-0.020175093591019665,0.6957659084632618,-0.08993570411651824,1.794497886988975,-0.0004923611583757087,0.6750241163423756,-0.012092803120768474,0.9869662019024869,1.4383867809025543,1.1100253250400118,0.1961971939453404,0.5710935946570169,1.3490486065752219,1.5265112677262986,2.004315241996588,0.7768096192821128,1.9632486457316136,2.733616607762151,0,0
tangga,0.02111267983602364,0.7352635944440502,0.0037153796463613165,1.4167017660092118,0.09000796817032697,0.9739061740408422,-0.10542035479746618,0.6539850684370696,0.5459214302757479,0.7975629819968648,0.1853495818949133,0.7307804494387211,1.4327431645050026,1.1963733895401372,1.310099744123958,0.4594700504791161,2.140271619151839,1.9566727919228655,0,0
tangga,0.025180750714284928,0.7462280411777104,-0.0024774595281277486,1.50215734341647,0.1001880078281302,1.0283175467278347,-0.02376486326651323,0.7664745884281957,-0.056685931677809706,0.4213432554391219,-0.0017155023766714029,0.6508515682663611,1.602412335944658,1.1348540607275093,1.016759313266809,0.38496555133774957,2.3069708442902606,1.5085659970968748,0,0
tangga,0.034061279095360115,0.6747833131744896,-0.0505268733961491,1.3358366359785938,-0.012543285098739462,0.836711156665588,-0.022797662160035932,0.6684660419211088,-0.12066113225247949,0.412509053245786,0.010166611510682388,0.5845686064310295,1.409077185550645,0.9686243375942274,0.915679645106904,0.35655011315747204,2.0096343151659677,1.374566249356384,0,0
tangga,0.0008458259254412811,0.6235622651997255,0.036409276708549175,1.196271060699295,-0.031006538191254616,0.7159350519563601,-0.11669338724909832,0.5287246772891825,-0.11226048618862439,0.39472490721237574,0.05826009891525881,0.7174831460257268,1.1925531268719476,0.9477445689205382,0.911440071293779,0.3754178877202498,1.762503933319283,1.3866015848512308,0,0
tangga,-0.009485909725963483,0.5115612908520314,0.02415151431007285,0.9816882708488577,-0.003109548539301572,0.687997494639372,0.07168581138101722,0.6404997100275208,0.15665632368322294,0.41794765211047624,-0.10619691535504933,0.6543706355898845,1.0128456293332284,0.8143824411999597,0.9444204062755468,0.3918587885279677,1.5138997424599123,1.436222861832407,0,0
tangga,-0.01137404511286743,0.6180463113153821,-0.018992798450290987,1.0806756832054996,0.016555350781486552,0.8082934583462921,0.21499128911050153,0.6487947953329705,0.02309654125524361,0.6341893250799748,-0.11783361609761313,0.529319600013604,1.2133449240603595,0.8466845412687375,0.9881372727993409,0.42223685367963776,1.827568107982174,1.5135111857413304,0,0
tangga,-0.07742043087102493,0.6993341350792829,0.029310136409429165,1.6259135268555684,0.020055363157426554,1.0643664650363238,0.05365745933246985,1.0537846348600677,-0.5195041579125257,1.0973970359998324,-0.12646898168072102,0.6585732059545241,1.6783924066470703,1.1947434386242834,1.4765474729560817,0.9153803788289018,2.448407553284633,2.288308951306298,0,0
tangga,-0.003051953740714061,1.123263021761999,-0.023135087861621995,2.4556830793775304,0.07372422162941286,1.310517771187938,-0.04008065078272247,1.0807234239454453,-0.5012069614660202,1.4428269672442045,-0.18938194861094085,0.6276442628896501,2.4393319968237583,1.733537193002309,1.7352794266863234,0.9453230471326198,3.505902008365833,2.6618369052026027,0,0
tangga,0.09563145461166457,1.3258626757514569,0.03884317767908704,2.2264421966324326,0.09322499342578539,1.2442684091983154,0.14745624702454146,0.9174219476256137,0.6995964218664312,1.5910572191917647,-0.021992246863312657,0.83629408245014,2.3358961868507375,1.6646845879557695,1.9019947101949917,0.9670673347729905,3.4429477863753637,2.85015085051281,0,0
tangga,-0.018200329733925148,0.9603663400211047,0.04016069691831273,1.2304550939501695,-0.01405397647085159,1.0306471018080916,-0.390713374655929,1.1799961091614486,1.2587657653647302,1.265525078435842,0.23702418930319463,0.9108973279764621,1.5089203192085006,1.095847186185158,2.1407953174538914,1.0029077761227763,2.2928426701098883,3.181991099463753,0,0
tangga,-0.03880882257071255,0.8466364631632799,0.020804622863148124,2.1506636170676092,-0.002227150129982787,1.1079163369478844,-0.5838477165471037,1.2820245675528732,0.7780270634986175,1.106178413349133,0.19284002030419775,0.8968189940678952,1.7128673386052622,1.8994839923305193,1.96331017288016,0.8782395547766474,2.51756007051232,2.917524087864659,0,0
tangga,0.10843679716026315,1.433488287794952,0.042571385934122234,3.55905230306592,0.06930106919429002,1.3199528164503376,0.12660740708292914,1.578049175047563,0.45390841829276396,0.945519905089459,-0.026359453330265747,0.9706758707950731,2.9465244349066206,2.7772060092032573,1.9756363739217377,0.7803212075712898,4.267816935765622,2.9151217624679133,0,0
tangga,0.14280855846829446,1.804036201074199,-0.03542649466698912,4.394809432718366,-0.017188570600853836,1.4009617056012522,0.049985123650025616,1.7705709729978485,0.3297899621578424,1.3624139400293573,-0.10058507685852085,0.9808820700083907,3.879021956543354,3.058587478684047,2.232872883005594,1.0196784489831046,5.6371417674440725,3.2715157115183517,0,0
tangga,-0.014622996166804536,1.9657569688937928,-0.1788439118235679,4.539072083988007,-0.0018117920086364058,1.5023726185211692,-0.3652551843421707,1.5310584917825405,0.15003002137287447,1.7941633067179754,-0.21881441016710024,0.9957708538501658,4.161828664215897,3.043230401707428,2.3964495748637304,0.9795917472390132,6.132947358643374,3.516387931912748,0,0
tangga,-0.116112455220633,2.1066834467359623,0.0458531189564219,4.201861127484735,-0.12574351124183905,1.9612615172898007,-0.06449865926002682,1.482468295556485,-0.08944530780743797,2.13902424458011,0.042371648660011835,1.1017784430540511,4.1985519269945595,2.8576414637799687,2.6098362298789577,1.0588219710567772,6.287696673483179,3.8090009994493617,0,0
tangga,-0.054386992109301334,1.7850637304170016,0.19179722621630524,3.5574761971728925,-0.22148549898121495,1.8649233143940733,0.02597574524042818,1.458795049389328,0.06211714384685107,2.1003384763197235,0.17657818539863654,0.9636396803369384,3.5875576236853988,2.5316298785857287,2.457164474311787,1.1855531735083114,5.2552863752539425,3.5790372473062093,0,0
tangga,0.023912005496411246,1.0908247763777548,-0.1454623508036432,3.1179917796582073,0.05175264211324508,1.1788586348656513,-0.0891600962329436,1.1871423267309669,0.7367985525882432,1.6379531125836728,0.1700091969604207,0.6266441973262259,2.6067000243571754,2.33722375219484,2.0674595237002786,0.8676959652442352,3.660292845415833,2.838910836028091,0,0
tangga,0.05594854436946425,0.6545749670957239,-0.1730430054492732,2.2396393656174376,0.09482865931240549,0.8209169712506702,0.11540274305542182,0.8799092474635979,1.336516844890655,0.9817215461713376,0.22926674765048527,0.49208285068256374,1.4491563389569055,2.0098712142787356,1.8075303581966127,0.7422009960707101,2.0631893948030977,2.393497557500891,0,0
tangga,0.028074174614412924,0.5651547927044706,-0.013145797403577271,0.8495055013900524,-0.027259420690711647,0.520718216772183,-0.14474075664818428,0.497299427170101,0.6152648691107314,0.9353496113117732,0.09957007513045373,0.6374787476666028,0.8154997692729861,0.8013556074591015,1.2235212494022647,0.6557360114900284,1.244277959322639,1.6980679323371362,0,0
tangga,0.022622294849434815,0.5898533690016038,-0.00011889625122415536,1.1375876544121872,0.005903890577979851,0.6577681781315085,-0.1287376935306805,0.5436403979145047,0.023615537025500174,0.3673208258053075,-0.011857686685075515,0.6598812869776658,1.0412441077877872,0.9900015684061613,0.8425111675821959,0.4078773346666971,1.5629881812208626,1.259828084940714,0,0
tangga,-0.03873755195716357,0.8450890642181025,-0.017896599375855467,2.150107832719667,0.08236860984886438,1.300511269675584,0.030459284666563648,0.5520294949299505,0.02371938626442234,0.3767232922541294,0.073178502040924,0.7384940549288073,1.8972121802177317,1.8442856082762897,0.9213996605687491,0.37602157500810424,2.7375329617588244,1.3767503252612747,0,0
tangga,0.0945083619633659,1.514297267366724,0.04546093262563918,2.9477748396772907,-0.04601596571545311,1.8729694262332994,0.0030566686674501687,0.6318868969097949,-0.011751831042018025,0.2909317624830106,0.05268679365679438,0.9041395442509828,2.947832679636322,2.3929570076229822,1.0481801758035225,0.4410941582258795,4.309213773943814,1.5391238744993796,0,0
tangga,0.10012395921964477,1.4564665111475847,0.03743699553009245,2.7329586969643045,-0.10709735707224874,1.615279344443676,0.07398312574563154,0.745424073227244,0.06899838550012044,0.40268043898892547,-0.14590033977429065,0.8297893707404433,2.7626643518470018,2.1244303582975004,1.1099883957736343,0.44008991887543186,4.048786819057831,1.6862085569018248,0,0
tangga,0.005073627564890667,1.595676394986105,-0.07912663376647949,2.305283959928766,-0.14173341661235356,1.3138887278064282,0.1129443837736064,0.7679574321908079,-0.27420768766367715,0.495513241666555,-0.22315974002956365,0.787625714261695,2.50443859188711,1.810495534704122,1.1841602031205263,0.42235626476791294,3.624984108946423,1.8129252255223982,0,0
tangga,0.05443412978213709,1.5495489872015504,-0.07755428318632193,2.0073082969753986,-0.10419331879421964,1.286901926768834,0.01341333544122759,1.036917376129846,-0.5555751053602311,0.8815805206051414,-0.1722272552057106,0.742882281201016,2.221385645413122,1.7669582329457092,1.4747253844430575,0.7412140373697292,3.2236870504716637,2.253870736405144,0,0
tangga,-0.07715215983181531,1.1319531105253224,0.04935294306931909,1.5055937253426896,0.05959263495840901,1.1690222590458346,0.06367163274658263,1.2328569746860012,0.19894141079638888,1.502705220604524,0.023659268299949594,0.6956881504531726,1.86174815960365,1.194020946278482,1.8423278515565258,0.9371353835440741,2.699804546930875,2.836448325946508,0,0
tangga,-0.0021489238894255316,1.1308250974416154,0.09493156737069314,1.3007690011428232,0.009177158332693978,1.0993312738263457,0.1747130633780805,1.1741087481528059,1.2598751975017726,1.026659322033781,0.26951248382956505,1.0135622826318853,1.5744228927624784,1.2979374056279451,2.1103185868853527,0.8179014370957287,2.316046461198388,3.2721804735957405,0,0
tangga,0.04561595549684098,0.7743606929835356,0.0009924287943547717,1.4826326749325676,-0.025279679086376947,0.801476778165589,-0.2147721220172542,1.0669107025290905,0.9192074110126478,0.7905356264176449,0.37506679373007623,0.9315143794842459,1.3189981544762714,1.2983135513926485,1.7812429417038853,0.6842915924096189,1.974189564746448,2.6712695612837756,0,0
tangga,-0.0015923048336684642,0.7980523640877857,0.00012137426104674053,1.3702884366959016,0.008500004565064816,0.770751378557066,-0.025508989007157243,0.9513859753058568,0.5055409556539214,0.6458211396464529,0.1841264780209446,0.4755742775837878,1.310957330569051,1.171640904133477,1.2938224275076846,0.38802224911893807,1.9902969663781656,1.792208681784501,0,0
tangga,0.03945005259051803,0.6553726534219607,0.02427466477874987,0.8725166123456731,0.020218814355409235,0.5812640101369068,0.18709720235614757,1.0696234655709513,0.3201999504614718,0.8250353799565746,-0.08313079705483091,0.39812304219704264,0.9905340912278437,0.7349680950199646,1.3799259440119274,0.4535999505026375,1.489162176667834,1.931153500326097,0,0
tangga,0.018938234483419455,0.37284970990574284,-0.038128729120239103,0.684566447303389,0.021065398609444733,0.40797001265970756,0.006094365967925028,0.8987986434994893,0.3248730411080581,0.784533324537829,-0.03598429667837464,0.28490617993951783,0.5954737104224251,0.6466807632969488,1.133216995962503,0.561520107968827,0.8700636079835223,1.5621284515132876,0,0
tangga,-0.005558734806039381,0.20915306483928364,0.04161887258410907,0.25951532372534974,-0.04609319910309173,0.2197941688723758,-0.3242597827333359,0.5658240801577296,0.2649611265296079,0.5811925592818641,0.12872112492061633,0.17398198330700726,0.35470275822842284,0.19038033172928023,0.8647811342292147,0.3559037723296505,0.5191897299021607,1.1054206548362515,0,0
tangga,0.02350326595050883,0.2081809117502859,0.037385531912029556,0.3903898307747046,-0.006779087280749344,0.33300012452035466,-0.12363011454659478,0.7998341211936927,-0.005125095318834323,0.4242740674510507,-0.05094341059492167,0.2543446469624532,0.4496456518943568,0.32314911064632956,0.8793830391784894,0.3484182663410784,0.6700812872564781,1.1976211896882427,0,0
tangga,0.005296192631873337,0.22747716962763898,-0.03895103234473908,0.40037645010390915,0.03135684650793952,0.3951138931827974,0.26871019313084765,0.5372353793055821,0.1766199328399362,0.41863646403589794,-0.04727744645915801,0.24166419796384475,0.4946561760829883,0.35151085650405606,0.7135625904721589,0.33862538835621936,0.7373585401614693,1.0223732235654444,0,0
tangga,0.0008314700129749384,0.26640912864677957,0.008420445921336277,0.4316516542763153,-0.01687246292151731,0.4228238541251716,-0.1711480359005171,0.851548869510409,-0.003243017279752851,0.29057341636598943,0.0019807849441640124,0.22647726091296022,0.5510289539209855,0.36019016220522027,0.8364411034533065,0.42867437798621527,0.8275951998021687,1.1035765885047681,0,0
tangga,0.013190647646505483,0.3214830187736711,-0.028577895729077776,0.3735460951067426,0.03714760448230515,0.3483788886921428,0.059771887187481394,0.8916168731515328,0.12774042501009475,0.38973077340096923,-0.05750421779324332,0.19531857917702705,0.4740852368030909,0.37366209823838153,0.8871424105481013,0.4620390075257614,0.7255212334790423,1.2162693854252153,0,0
tangga,-0.033314778110096095,0.3329076943480203,0.025038353690244028,0.3666378082027288,-0.06438241283468883,0.45067349912967086,-0.1404863300283277,0.7795640615243978,0.045336102022318074,0.4896194492872269,0.07124591923353774,0.20232028565039367,0.5247361121821402,0.41972543363808645,0.8545891309219629,0.42168755514678696,0.7671754481831619,1.2030548440025186,0,0
tangga,-0.00021329229385338503,0.30926864865847825,0.035514936209049504,0.4871686192739972,-0.012571561456610609,0.4980616690668551,-0.06997460172871131,0.872623721743953,-0.06539844423979589,0.4517453853964435,-0.06614671495487347,0.327993970916578,0.5780122590600287,0.4949814379694182,0.9702854513125706,0.36857597824530014,0.850273267304933,1.3816851598474238,0,0
tangga,0.008910044025947389,0.3023118030115212,0.01575130939015009,0.4579645214173805,0.04544833445266495,0.4161308692294405,0.1501148716481935,0.6985891250155515,0.13487298564460723,0.365632324900075,-0.08225675701256657,0.34209572962054347,0.5358811196806271,0.43201478937315063,0.8025390352907796,0.3689711140504431,0.8052852381444895,1.1998573909258001,0,0
tangga,0.014618339932319164,0.3449182409402832,0.0034287191794030434,0.4444652114305865,-0.004980384422280203,0.41954473234217715,-0.062298569254004565,0.8916542399411649,0.05501561489350758,0.4929367975196849,-0.03902887469935177,0.3318683914461355,0.589063487101755,0.37721039719719923,0.9337218626239988,0.5253987991190563,0.8896182630671714,1.3581580026173028,0,0
tangga,0.010979732390445083,0.3550493947902964,-0.0422833404235182,0.6309657290047767,0.01517717264362257,0.5811668685662821,0.04682834568303911,0.8614041517234667,0.08924539102891994,0.6111180657388782,0.014329911093451792,0.3326070626825061,0.7501458070136021,0.5437741989955687,0.9982263675211582,0.4796419768864867,1.1134865329914836,1.429025504668104,0,0
tangga,-0.004899972342630327,0.42520119810567947,-0.007538246448708664,0.782734148247659,-0.010303583180671129,0.7215873302977254,-0.08197816952652018,0.9456261768097856,0.21173268918529156,0.5644152663962195,0.17867929363684354,0.22940294408350673,0.9382951201566659,0.6519626750371841,1.0540276643748974,0.4769942749154237,1.407140145992906,1.472544530197394,0,0
tangga,0.01944437037791839,0.5751413563077986,0.01947030097731387,0.583121024427129,0.018570066223586305,0.5263942631204352,0.03233004383398332,0.9141291698660899,0.9998591792622878,0.8841906688232184,0.2502797759320049,0.2573498058964438,0.7511526705294388,0.6157045991621259,1.5506118334624113,0.5736857416572678,1.1294577194448159,2.0795753367693046,0,0
tangga,0.009211543805202118,0.6647605478646706,0.023024896575278852,0.7805528798153848,0.01250519757661861,0.4180648759277806,0.0741800089617744,0.5807281598445497,1.2912323793791702,0.6638824577528964,0.22632572534208645,0.35862545290949205,0.7539001827523479,0.8078491466071884,1.524312467162305,0.5486530091701282,1.0942326880509057,2.0954762839051693,0,0
tangga,-0.0018377389002194845,0.5158645572650595,0.018784897420426033,0.8453815542262185,-0.013741097902548538,0.4513826493640376,-0.1638404609210017,0.600654508006712,0.27531470934638197,0.7536717856837776,0.07019837912805339,0.4190315401663077,0.7443476559369623,0.7908433161837831,1.0249214191828382,0.38984103031339545,1.0948850085017738,1.5512952865009029,0,0
tangga,-0.005226095951628702,0.37185390601859336,-0.009927687725464717,0.5233434282606498,0.005061581231481177,0.3173314050283642,0.011536876794052962,0.581314023823019,-0.06066254421941723,0.4389001228396101,-0.030239034088297943,0.48738406368104176,0.5843816051463242,0.4099567521615124,0.8080258440433338,0.3367149539533421,0.8700274412399426,1.2596448966809148,0,0
tangga,-0.0048038804457894635,0.48140599163953374,-0.029532227712575257,0.593035833120985,-0.011429854078372569,0.3371468860464188,-0.026833498266173424,0.7500048572567471,-0.048080200928054026,0.4570315957016828,-0.04703219528847976,0.4940364922319174,0.7091384811779894,0.4361083919470148,0.892917114603466,0.4641114514976717,1.05640132995626,1.3850196299413247,0,0
tangga,-0.000705677295569545,0.5705360926818099,0.0024904926198006773,0.6233109435151071,-0.019656821055027564,0.5157506453472783,-0.0013843472535264856,0.8439743958254057,0.01556923180746412,0.5798470947640332,-0.037047035598051704,0.41360482987299924,0.8252028442543171,0.5409118597160106,0.9653484595091016,0.5290621562095119,1.221645140107703,1.5215153918832818,0,0
tangga,-0.023430290808113884,0.6221216050760067,-0.05211348519949209,0.763416666359983,0.04021071596992104,0.612707740263755,0.18303263272191284,0.6358589171508636,0.056826560278961866,0.593225850170461,0.02713275879973633,0.48343502158250534,0.9273893657393064,0.6938614117201435,0.9049274054209606,0.44790899499156084,1.3576689905749635,1.4153458537556884,0,0
tangga,-0.037559079532223046,0.531372696069122,-0.050892755709706104,0.7477728620603703,-0.019425431641945785,0.4760849289880291,-0.04207279640496424,0.5229051686224545,-0.03329001867740761,0.6198712608152752,0.028653564843708675,0.47782611848162004,0.8226015768225241,0.6237723495837322,0.8389851854573851,0.4227511456221279,1.1879636767427084,1.2890213587267416,0,0
tangga,0.025447159988206333,0.42436332263417353,0.033771745540367465,0.5427846698431853,-0.008462230514453032,0.4081952119129252,0.06755212819364792,0.5595397844331461,0.12279359664189701,0.5166369250676341,-0.036858699917570424,0.4108785096269714,0.6806496246258298,0.4186140160008174,0.7768597266469645,0.40053061060295114,1.0007642777389052,1.2034785842540814,0,0
tangga,0.015849491898929084,0.38123097658846467,0.04511046203909553,0.5226476986720171,0.02112684254543602,0.3858319456920907,0.044504569287664976,0.42357953042571644,-0.2987714650720173,0.6277113087538312,-0.01647566183689385,0.42440004451391367,0.6296974329930733,0.41182517086383924,0.8464659727447312,0.3496503129439793,0.9395032931572858,1.249504871649637,0,0
tangga,-0.01151971141845352,0.42525017643841534,0.005558326791597507,0.6010491997917111,-0.0046569825770010915,0.44922089355375,-0.013244051660725724,0.4142730640962113,-0.5012771229783137,0.6818468128070637,-0.17650802566556742,0.3893106859350469,0.6677666211481508,0.5419114296486603,0.9561539161588095,0.3874260933610397,0.9875796267496308,1.3992150986620049,0,0
tangga,0.0004997740224316561,0.4160904327895074,-0.006810634198049304,0.5829806090701855,-0.0006704095179553449,0.44413011800340446,-0.10447426758612174,0.4386580561259627,-0.5250807056094312,0.5963007947541088,-0.14697279978519848,0.35414315104925886,0.6536453380675643,0.527947774914645,0.9147947253008941,0.3734293773892746,0.9647595330237706,1.3651175485285,0,0
tangga,0.010681153386855593,0.408580973227859,-0.0066398110795049545,0.43773826237129826,0.013143818755816699,0.423827300023154,0.04773261356246955,0.4675764580614854,0.03515497065840996,0.9055969784283097,-0.026918836752618615,0.2900072065199033,0.6134590587342271,0.39797450282155794,0.9669938758039405,0.4273138740446283,0.9123946469488695,1.4385097259009074,0,0
tangga,-0.009736938792855497,0.46714404242287866,0.017414217310664563,0.500711431416511,-0.03653643315282939,0.48533903202593454,-0.1192365935683396,0.6820087825108854,0.879441501186375,0.5173402406976488,0.229880887848859,0.7090623576086426,0.6963775491854923,0.46518797993632444,1.3306181329399995,0.544138828355019,1.0488610252854067,1.9404852058656623,0,0
tangga,0.0030221257975590805,0.5028444058988831,-0.0040776927637325875,0.49162488115592395,-0.018695452479267446,0.3861404366784174,-0.0024117135860386,0.902004069931736,0.7621123866594347,0.43502347255337803,0.3943218053668177,0.8221161693553874,0.6481693520885808,0.4686830995881128,1.460897913335644,0.5164295853174545,0.9937816100734974,2.1647571434256356,0,0
tangga,-0.001396341296286121,0.5134418259316363,0.016461541288112436,0.47679125634603214,-0.007980713194469444,0.479396067623865,0.11511411400966147,0.9245380549424161,0.7935964111926955,0.5444881747071901,0.34770523529007913,0.6103578384404575,0.7029741694873525,0.47111431553666955,1.4274968219624975,0.48693559260471425,1.0678689680017985,2.1646187901281304,0,0
tangga,-0.04401852850599558,0.49853361496937465,-0.0458361459132005,0.9172849783099714,0.010445873598896038,0.5889903995140774,0.07780371268557193,0.8691175138716736,0.9201257457351811,0.7290266131282841,0.2154420773240572,0.40530981354978424,0.9054250579382953,0.7829249608572056,1.4509732259972024,0.48240420760056346,1.3510375816672329,2.077179530784989,0,0
tangga,0.01841935095293524,0.5541917180004806,-0.0411232934175845,1.0688770684956577,0.04200331802746527,0.7474888982898867,0.02756415131343224,1.0169509579878475,0.3103255877605024,0.8352040519182363,0.08473538725188216,0.40624639357466086,1.096956610697496,0.8925977911719599,1.3104480094739868,0.5171709492537728,1.6582087657908118,1.8773696060412655,0,0
tangga,0.008779121964291411,0.5396924795344814,0.0684057768190872,0.7972095711292204,-0.010853700129954694,0.7822077107705929,-0.044817013811888344,1.0267093554812619,0.15990605423175494,0.6576196332495033,0.06906758552601547,0.4728529200394529,1.032647743267216,0.6829719962727494,1.21865363733442,0.4926898603227309,1.535929093554226,1.8255023030401802,0,0
tangga,-0.003519521792678596,0.5194629744391048,0.00522091829748987,0.6970186267603727,0.013096031811735102,0.6440455769320425,0.1059417684544591,0.9799360548536786,0.20199937377556718,0.6812680098775085,-0.023796131477449772,0.38649801183339644,0.8402412583016046,0.6764229426859014,1.17981556682839,0.4699801850832093,1.2675168092568279,1.753286005428184,0,0
tangga,0.02088501058412814,0.4852965634026268,0.0071250521431264,0.6592411616664053,0.0009318210693665856,0.5988484235506408,-0.002026348982020236,0.8987697484286054,0.16396253627602253,0.7228902099962747,0.02310576626344489,0.279181432549623,0.7500302936222758,0.6789669545138103,1.0909672789212441,0.4834938969903051,1.1616416076483662,1.5702615204637442,0,0
tangga,0.014424999567432976,0.3742590923376475,-0.007487176415335044,0.4622616556962965,-0.002466593563243153,0.5271366732723167,-0.02435505789583582,1.0045401839907917,0.03264944348145548,0.7732944556165904,-0.13936346158491525,0.3276291521486035,0.63578461459377,0.47286002519977005,1.2132196798895476,0.4989496380112534,0.9702399884639388,1.7467847136058399,0,0
tangga,-0.0014968634037595713,0.4100273277255435,0.020819341911225323,0.4786414671229635,-0.030869112392028636,0.4971964732378013,-0.23108969689808542,1.0980415827066583,-0.12132700299406857,0.6662849581488512,-0.08144787314751506,0.3835651877746324,0.6559856082396763,0.45952503151846463,1.2849404144059835,0.45223380590863643,1.0000009478527965,1.8756854473307931,0,0
tangga,-0.009102097524482452,0.40144352059692034,-0.005434209608015713,0.5861738791034943,0.007155612702088127,0.584253833040157,0.06104247627558282,1.0058474255510357,0.1889324331433841,0.5689060594474158,0.00794776407532639,0.29253809990958013,0.7183474121381507,0.5701220343347297,1.124955399852518,0.4272442048634527,1.0923749661699231,1.5909109222125082,0,0
tangga,-0.020656076141399925,0.48376981300488436,0.01860671690328016,0.5812484645910683,0.005738304365736841,0.6121705524705565,-0.06912823572981494,1.0750943966460664,0.022314690354694033,0.7476930040339059,0.009822246254785467,0.28893012811176527,0.7730404448922106,0.5863633160464363,1.2004417098312805,0.5900545352489404,1.1789954071806577,1.6630543712316959,0,0
tangga,0.004519147786047405,0.56075361882704,-0.004055415007379587,0.8423029676581659,0.019054487361542284,0.6986732584086383,0.027207186672324243,1.0408082154541303,0.09959429805462924,0.811395276706426,0.06836452245615493,0.2646682701059359,0.9369179971248655,0.7910657746885545,1.1914551696065614,0.6271177762880157,1.4161882100718186,1.6659470840015878,0,0
tangga,-0.002225562998716442,0.529895409600097,-0.05595797561987241,0.912613694723482,-0.006755520313595402,0.7386250029531235,-0.0042273095069101105,1.0446483943970422,0.19959672222289424,0.5967238847508114,0.12796970011808395,0.285727683522627,1.0086266517699314,0.7967622362486471,1.1341503144522878,0.5352766697121116,1.5209991794201567,1.618618820568729,0,0
tangga,-0.009497311943418366,0.5366434755975967,0.011216746412041526,0.5907163264535604,-0.015303802710865726,0.6171155891101324,0.0865773160581285,1.031008300345673,0.6730286588565807,1.0519686044466516,0.2841281469926223,0.37903918391153185,0.8669905235721735,0.5088744410883567,1.5415080513334523,0.6780086962870944,1.291122418315458,2.132082712005621,0,0
tangga,0.04032044281481607,0.4575081091673696,0.001774223739676823,0.6387480986639514,0.02592580116912634,0.5088183766340874,0.4249235631434414,0.6903375421103258,1.335274381265055,0.7975281554885009,0.16961000722254,0.431912326502947,0.7394891335683283,0.5711088885380857,1.7170208270262108,0.5776112662310494,1.0826929828918128,2.3355633998955785,0,0
tangga,-0.0005813872921451019,0.47811356088896806,0.033291209902397575,0.7703560905085471,-0.007194232241968046,0.45468688832310733,-0.134404595008108,0.6070478251675951,0.5646103835915832,0.8992590445237769,0.055743523815609174,0.4696963338027704,0.8047836057118198,0.6129718836372081,1.2094252335456896,0.5135124413465213,1.2004367476649644,1.7135829630699937,0,0
tangga,-0.004687460661393219,0.5208878030279641,0.020900985988924644,0.7409153871391609,0.006351876419724083,0.4123156227099315,-0.04119428397007055,0.6675798767692868,-0.028103581216059815,0.38430750538037756,-0.03465058605825607,0.49983684143398543,0.8178263044749405,0.5614198753282836,0.8258753067534416,0.397438159277788,1.2304006331643376,1.243274373694808,0,0
tangga,0.0254385496528629,0.6402372728091279,-0.05749039972628217,0.7153677860359466,0.012120853749334408,0.47095285572833545,0.1131754613147584,0.6656087266005201,-0.022191028616180396,0.41624032955254736,-0.025921802158140283,0.48216487389595264,0.8664820836061838,0.6238726338172699,0.8447376714587211,0.37695959109782956,1.3048263710106258,1.2878719215650531,0,0
tangga,0.002353219997083237,0.6711207970095469,0.023072884025029706,0.7487529191577701,-0.008636788503826801,0.44766275483159473,-0.05723610168082458,0.6181753992857488,-0.08193084024749707,0.5184720746378954,0.043439400939297226,0.4827593790107098,0.9009112170984973,0.626270916972307,0.8784158992604096,0.3414640944774794,1.3490797539830768,1.33894029150717,0,0
tangga,-0.0017719455133044905,0.6536129957129311,0.052267913389896045,0.6774427356674053,0.0013292371395589092,0.5261149758632185,0.031173531408984986,0.6341835719987325,0.07794129608556714,0.5177122431060592,-0.07560348867833215,0.4238774800703352,0.8309466360745364,0.6842903496284917,0.8431679047843378,0.38034862453794605,1.2475758047369108,1.3181365680342791,0,0
tangga,0.013692073091967094,0.6552682541633229,-0.08427158111679468,0.8281879409512909,0.03175560747346041,0.6177954037239827,-0.013653552532295814,0.5927702865744643,-0.024184273435151168,0.4642954065273993,-0.025854894133192367,0.5145571124655673,0.9732744209998354,0.7406030674516821,0.8539155056950755,0.31085867364065184,1.45276334028448,1.3353377312132084,0,0
tangga,-0.005220911769611409,0.5669505192529083,-0.031141024672468154,0.9689781652165066,-0.017774232244667995,0.5050036194687497,-0.014781405452753874,0.5944225196112369,-0.12386994648829336,0.5494811052378333,-0.0049118650788677045,0.5031693452644526,1.0079898816091069,0.7002854919625442,0.8865692229547393,0.36089665229014534,1.4957276972721762,1.3516639846681977,0,0
tangga,-0.005991113512897019,0.6484946085982298,0.06722178357968214,0.9018046626700807,-0.03872771516996453,0.539623186786214,0.052231375463968784,0.6625910748343828,-0.16569932967019463,0.684324386738356,-0.14963542235933358,0.3749041920297052,0.9977733087212161,0.7249124724310393,0.9457730241241198,0.44436958332305027,1.5070294086412455,1.4543418840968187,0,0
tangga,-0.0008755756261288211,0.6044168422656384,0.03646756696203635,0.8256444033016981,-0.013890920414681094,0.614703859447558,-0.11866460135215613,0.7261490346665733,-0.5172196562386739,0.7035710681691058,-0.11590249347475926,0.44098672441533404,0.9973507442475568,0.6493474915090078,1.1298345618062486,0.4747257915398668,1.4978907771783587,1.7516928706945505,0,0
tangga,-0.009288194583234164,0.5993939872853542,0.0005225896799214017,1.0005469576808248,0.007682321732878215,0.7884657963309099,-0.02490416603402055,0.7039256924780412,-0.25446379233613764,0.8257664324035517,-0.08087516317950534,0.3930928147490068,0.9847643030373939,1.0013173398361501,1.053653312141545,0.5321310652771399,1.501999492096099,1.6212822855083642,0,0
tangga,-0.021707935609487895,0.6504876395658225,-0.047938315233418696,0.9879270103038225,-0.019694098475318625,0.7312565762063105,-0.04555550635654987,0.5153464209550749,-0.14999861519661725,0.8223368075016686,-0.067645332095342,0.32186890192331136,0.9410692644694763,1.0210300005538135,0.884875880108993,0.5328696958034485,1.4508199226461556,1.3170200366400378,0,0
tangga,-0.03310675673356999,0.6680152147809768,-0.12240913679322996,0.7563760399891298,-0.0917881430629839,0.6322190432234847,-0.2266020223157427,0.42774117681096546,-0.3598798309645099,0.645363023782787,-0.052889522953537604,0.3165285563056685,0.8695283482519177,0.8240666768228903,0.7580632837882052,0.5519928447861363,1.302048635521093,1.1086056288873272,0,0
tangga,-0.008131317242784184,0.6062359590542277,-0.1471558362305913,0.815868932548833,-0.017815529609194945,0.7100356697471126,-0.01954756091629429,0.9223148888211435,-0.040188951610964044,0.7216248629167479,-0.12072190297167927,0.2704224214906451,0.9023934614977551,0.858508249082672,1.0016509863719487,0.6692046134095597,1.3623599866039404,1.4680019195090706,0,0
tangga,0.0030508993793187124,0.4615056674423583,-0.025285584144813113,0.7931261313488226,0.02604418196583494,0.6046137250954818,-0.08800006349999691,1.1067572952262479,0.262723177184132,0.7940794553586535,0.05424683625582914,0.39814304145458373,0.8870767366691915,0.643491255802974,1.3596618682427413,0.47660590625660804,1.3502810936587226,1.969043511494406,0,0
tangga,-0.016855997459599065,0.44499081747603364,0.07017536482813717,0.6359954788900671,-0.04912724342008782,0.6376952617142232,-0.19296856500773404,0.8478443252088581,0.6011859295554978,0.9166702360497941,0.17925217656549852,0.4327747194709948,0.8358318602229052,0.5578439685767352,1.3552445162854072,0.5712463153982211,1.2238927042506471,1.942880599162497,0,0
tangga,0.011720473426708152,0.38479305178950335,-0.04729204099145392,0.6492411620719544,0.030627589641396,0.6365920088173991,-0.019710558718692532,0.976967928824404,0.5852638815205321,0.9897674802628607,0.02819655746235645,0.3953404920764689,0.7845184090638219,0.5970666468734737,1.423693255570868,0.6246704016646445,1.1574886818269956,1.975465197739527,0,0
tangga,0.02214266531874939,0.458185172231185,-0.02562780435290978,0.8596030539168095,0.021311368669616,0.8627350310838292,-0.22935113955280756,1.1645282931222456,0.11732152443627894,0.6885869641957248,0.046785243594658334,0.2998255712020004,1.043403077771314,0.7714229551453838,1.2961704092825397,0.5407338868826431,1.5612884271915488,1.7355472434007795,0,0
tangga,-0.013875427330619942,0.4913383091007062,0.06721219226510364,0.8245350237360565,-0.03358425132152825,0.9707867477458478,-0.05917441857238624,1.0381251330260115,0.1287028809689051,0.6206178982333,0.06116986695307272,0.31221551563151323,1.1486679625165366,0.7326864133912017,1.1511673789190349,0.49580754289062634,1.6862350571348708,1.5505905823505,0,0
tangga,0.0160804677737644,0.40644426629495495,-0.03621552320740485,0.6750314137319761,0.033278914474213044,0.7285114143152197,0.1919192006718082,1.070164816907111,0.1732691481356019,0.8577456169399118,-0.10077508111110113,0.3323982600850715,0.8880671941718825,0.5980537372790472,1.3151620282048067,0.5675695365541267,1.303933487901584,1.8500431439628449,0,0
tangga,0.01719791574277645,0.4434090017603698,-0.025152303349071602,0.7976148688384205,0.004734282089301,0.7293331901635823,-0.21084722856310908,1.1554828983821923,-0.1471309345248941,0.7283343756318423,-0.0801285875274328,0.3658864674629801,0.9834178372694272,0.6235454365308345,1.3216210383763771,0.5553525037777951,1.4520391294875694,1.859786778302538,0,0
tangga,-0.029480142756613415,0.4880113345123464,0.06799337238775878,0.8068123099481428,-0.03435217812275281,0.722584262700583,-0.0531520562506188,0.9713067848340031,0.09958560036188287,0.6738904755278226,0.0532574376767939,0.32646969480731464,1.0464479462614626,0.5584392358935244,1.1214879418482075,0.4994439450355494,1.5344320701297978,1.5559931318404343,0,0
tangga,-0.015128292794093508,0.4322916481540541,-0.028603255997865902,0.6439752276113421,0.023310238085863234,0.47423409526525573,0.16701836027097555,1.133641823692504,0.2838268862711118,0.8626616053676733,-0.06727670591977686,0.2920898586998545,0.8105923734205572,0.40544742887052976,1.3589309275311074,0.602842245809204,1.1799222264584188,1.873341972895944,0,0
tangga,0.00023418044993759658,0.5678838303571645,-0.03935831287855076,1.0385787625089264,0.007620213819756371,0.8415139014956708,-0.14802535224260926,1.32662813472261,0.03541210412600137,0.7528937318957228,0.009358291461023596,0.3164416224147806,1.1651084270321976,0.8600682697269788,1.4298381662533097,0.6207466446973279,1.7284655093759806,1.924564962440385,0,0
tangga,0.0052835383020561925,0.6538848085178219,0.044791935574674396,1.0034990072342085,-0.027976903257488518,0.8441002353816675,-0.2513534860804329,1.0807778140437376,0.959222893560883,1.4251398178792383,0.12613152331859706,0.5691673090135292,1.2062912171517284,0.8246752892868795,1.8136478727538272,1.0999094281882276,1.797755270170815,2.490932106993563,0,0
tangga,0.018268582825605697,0.5282589155913158,0.029371741971451017,0.7113320043522383,-0.037389471437805695,0.5169781721669573,-0.16265657479017462,0.8786784995833928,1.4119978232541492,1.2270990948211933,0.07623095225388414,0.712964275187643,0.8438259156023452,0.5793990256052446,1.902665067371222,1.0844056716037571,1.2454522975305116,2.760129196556498,0,0
tangga,0.005428886578544764,0.6768446828021127,-0.010222106604741472,1.210924633930066,-0.06114117570618136,0.784448425661085,0.007329181626343938,0.7563920139093558,0.4315263614386779,0.8050983234102068,0.1130307565744688,0.6321815271996535,1.2847411461844154,0.936213497567092,1.1716786572839646,0.6590318957266108,1.9190974931376203,1.8142101742130345,0,0
tangga,0.008847586959552822,0.8068350507591487,-0.07708992350401069,1.34662172020341,-0.009328941182239543,0.8112701040601575,-0.04267117039126117,0.5725384782021185,-0.13687283848056042,0.507264916648521,0.057643565407266124,0.7096677704167225,1.5372062958489117,0.861295528220797,0.9431041543705824,0.4630718936483961,2.3019009907374124,1.4383011378473831,0,0
tangga,-0.024529246378257104,0.645763257495483,0.028669303947099455,1.0790764958021808,-0.005854403604806914,0.5557078346620858,-0.0946711649544942,0.5608999762036475,-0.21942241366243018,0.4840793873492156,0.015061331139659977,0.6445346027952223,1.1716096896913326,0.7107499335408728,0.9213614450712102,0.4059551427895312,1.7326390832957597,1.4184032798153183,0,0
tangga,-0.05497811690031806,0.5930672097079118,-0.04078918134333066,0.9821176062268193,-0.05625232298669035,0.5261045006773546,0.046127917131295285,0.642173149271116,0.02111908461642602,0.6150697376019584,-0.08658520042352716,0.4439928968939572,1.034863052742483,0.7205834430078122,0.894153950500072,0.43636245496229015,1.5362431862991477,1.3729299130716717,0,0
tangga,0.017713646713581742,0.7926454794416493,0.005295268140962153,1.0825675163282313,0.026640909529819488,0.8715290068374631,0.05415229162067822,0.7312855644324886,0.0937371477375661,0.5653395427462625,-0.07135023494110909,0.6319012780203331,1.296147450421856,0.9294602595190967,0.9910985196668561,0.5277007860412367,1.9857092167489094,1.465346573083433,0,0
tangga,0.03200689960576129,0.8356801606539347,0.0956858980662329,1.2351154253552319,0.053883820601205216,1.0531646394911272,0.07243058440412946,0.7294011240012017,0.0882746888894789,0.5413682007414887,0.05783531164391143,0.7935255407802241,1.537679753226393,0.9787239713940143,1.0889263443293364,0.5230672739721082,2.3261041539815652,1.6286181098581773,0,0
tangga,0.0017006025621514997,0.6058985465814808,-0.08332753525730652,1.2862032141639568,-0.005717026651744539,0.891300707626135,0.025229280331583406,0.5921609554600531,-0.43007060942732295,0.83569352561189,-0.06362013786911402,0.7477599622504503,1.3944425662417783,0.9267076540069441,1.2500941415877822,0.47034352327165757,2.032782322496386,1.8729617370656861,0,0
tangga,-0.016553142572036394,0.502986622648923,-0.004354045366668472,1.2154295595015727,-0.022453712954224797,0.6430736308444013,0.0057824845772487575,0.5882109709223563,-0.7920822089654571,0.7758912930337191,-0.09906262160278766,0.6824772114460871,1.2333543165530825,0.7797982335214358,1.3426039199804172,0.48647632549150777,1.784353284450458,1.998983828053617,0,0
tangga,-0.0542460476875017,0.840091825079236,0.018446867421945443,1.1311278914990477,-0.00809958956611881,0.5731662826729688,0.12180823156324434,0.5563346830192551,0.1449611550727396,1.0492066952571084,0.06683995666004475,0.7912018025412689,1.3096014713314603,0.7646742474323394,1.3224141783668606,0.5573377655432781,1.9299170314567262,2.002971733802995,0,0
tangga,0.052246947848724974,1.2352235107124523,-0.025379614935247558,1.092814702533473,0.008947455529709259,0.8883156457911733,0.07111032584271562,0.8788919628714925,1.3402827744945205,0.7523680574960089,0.030033013802268204,1.0443516701029862,1.5432547885712768,1.0521037641115336,1.898706162443483,0.7798723542154294,2.3140916458294543,2.9274591850185008,0,0
tangga,0.10128990862481702,1.415754634947417,0.03915568771431696,1.8747870642517592,-0.0033743153296669297,1.1487375233910144,-0.20881750911349084,1.4249393446476004,1.2777743403882647,1.2153372009096042,0.0865877874682715,1.1928050999273723,2.022706872440386,1.6486477077909327,2.407660740861283,0.8807463929633248,3.0179794117206518,3.6304613395741194,0,0
tangga,0.07842552833682015,1.3392300366426866,-0.024114451311216933,2.8647342595312186,-0.004150016379694102,1.0773758526241664,-0.23895227316141324,1.4430598614772585,0.6047813927117263,1.4837380432655467,0.14967430357198264,1.0166398382445223,2.414599524837135,2.297523225540431,2.1902355535502225,0.9600145597718902,3.5039265013969874,3.1945344173621497,0,0
tangga,0.04810692555485292,0.9969946049355822,-0.04729539166415952,2.711393624797958,0.015599035210907618,0.900534406373489,-0.1823099220698693,1.3148110664758101,0.2841261430405271,1.484584941394363,0.056706583905818245,0.6971598839808232,2.157810491504521,2.111464146242854,1.9778342891289156,0.7653590310178426,3.037669246623856,2.839424775913941,0,0
tangga,-0.014531649730749602,0.587098294302339,0.030475102370376112,1.5120538837469173,-0.06590571656125961,0.8651250287910895,-0.36079087904505336,1.2787896780396721,0.10137560320110454,1.1337463494982616,0.1436885756053598,0.43138194791852597,1.4291600707298797,1.1497137543109055,1.6060830775284693,0.8148229619374898,1.9895763807954379,2.2461683913660475,0,0
tangga,0.034724563707688415,1.1415823913824243,-0.004864399811533957,1.5678332957970507,-0.04143116208910515,0.9825226409153696,-0.1094803062638086,1.257685148180953,-0.01894069397668077,1.0021132688202192,0.092151502943392,0.3687134562688496,1.6182814677695354,1.4437279208037241,1.5061319567191214,0.6720510883079654,2.421950237723115,2.133572439763028,0,0
tangga,0.014996578429056082,1.3281614089233504,0.058727971248727986,2.0098449703966215,0.0004730446947650102,0.9204704040793675,-0.03354969673664184,1.315512954494306,0.03085906427562516,1.1534045945210831,0.04302376481176572,0.4662903676879404,2.0332659652451817,1.5743369151906343,1.718176684942119,0.5480521566744688,3.0302245429862493,2.4875768219719956,0,0
tangga,0.021102598442137115,0.8941977806395871,0.0027744322270717926,1.6289957594467481,-0.032567941368561566,0.7566944736308785,0.09727417332572225,1.1121801686400627,0.2701404042095536,0.8419054498422377,0.034750273397865676,0.41384449645459387,1.543170534253141,1.2735394637045006,1.3242397841416726,0.6558834675720868,2.2393408187583486,1.9131389010488624,0,0
tangga,0.01606692278193446,1.0428692999501454,-0.0788470095695294,2.1611474468681076,0.012651731713205551,1.1586984966113265,0.08088702561625084,1.135734618267465,0.2971501308671629,0.9584922104668723,-0.02579464686578793,0.32565662783679733,1.9768187801911035,1.777676464058231,1.3578209414518239,0.7408258557491327,2.900915234208581,1.9022965296297105,0,0
tangga,-0.01687493081458591,1.1173613335962624,0.04464942866647517,2.5885116419774947,0.005553676653133892,1.1438961740775904,-0.05426676800912417,1.3840527743769089,0.5514007599280767,1.5984920352364873,0.05134705251596862,0.3587742804670667,2.304247405941884,1.9739634857305988,2.0406532085838958,0.8401909096574581,3.335789380345001,2.709101275925808,0,0
tangga,-0.0060294092776795784,0.7529258946018837,-0.030487886886977355,1.7586000463797902,-0.0063239903879060266,0.6206173491236648,-0.10428912462805309,1.073115899289546,1.1213397382507635,1.399532501644494,0.2430728402829928,0.5625969504354826,1.3507805421872356,1.4841546348852865,2.0369074032624486,0.7593778078931446,1.968244750250273,2.7748754997474947,0,0
tangga,-0.030142955890661734,0.5532950957103143,-0.006239162564528192,1.1987318341326485,-0.00910068161256421,0.684355433220939,-0.3286434700148532,0.5351991827861131,0.7564104914406254,0.9620920015814038,0.2918500703104317,0.7024307832144394,1.129203930507674,0.9615067638865045,1.454361851681959,0.5848119251560461,1.6687812674452513,2.1486740798223947,0,0
tangga,-0.003051761506865527,0.7280321594356687,0.10663224141296662,1.5278125254303396,0.09195129822063225,1.0525832904315697,-0.10314798998575357,0.7318789400381451,0.05541785611078885,0.6535271943015754,0.009954574853687271,0.6695897390730998,1.5914705753699132,1.197433274853919,1.0853626367999203,0.4849052100392102,2.3133587339669477,1.6198530554456425,0,0
tangga,-0.01126442092209684,0.7396157722524981,0.08326612953747567,1.354758431818979,0.08833190620754708,0.9486167851265385,0.09208852535808486,0.698949682870168,-0.05717553881355934,0.4401894703405085,-0.0952905673741132,0.5365582249098114,1.4415966828690703,1.0945755195108722,0.9370715831461307,0.32289209999384805,2.0894999071988765,1.4022711258728748,0,0
tangga,-0.013073918792236428,0.6552189484368606,-0.025579085494840934,1.2923768519289358,-0.034751932123869886,0.7255743022157681,0.1040211748802386,0.6103381669222565,-0.017004258666497515,0.4490434736619574,-0.0215915391973841,0.6524282228610265,1.314507834839898,0.9395087116471457,0.93096007070145,0.36887248780174764,1.9061623111640982,1.4258185688081375,0,0
tangga,0.0371284308163635,0.6611741806795528,-0.06743000686552934,1.1318027318800417,0.0012935507823109533,0.8643797933317786,0.09859593187179579,0.6849970611798737,0.1922653861802663,0.40527418937497156,-0.026340738668352393,0.7241995420219941,1.2285343625698781,0.9729984148699417,1.0066484394961757,0.42686746949869686,1.8325118249885073,1.5403776720031381,0,0
tangga,0.01508475991918795,0.5639656701421424,-0.05810561787513404,0.9846718524264607,0.04277699405103423,0.7823029674432795,0.02237689810579468,0.6345006937703637,-0.09032013569787915,0.5752300377065404,-0.0145847127480042,0.6024826276990943,1.087413874208985,0.8430358071821872,0.9689068892843871,0.39643867798073185,1.6406854189979214,1.4575550668394084,0,0
tangga,-0.042056731485375795,0.6081138474717771,0.030604927045535208,1.4188878296239757,-0.006364992919595063,0.8556756124405959,-0.11891183105018399,0.8629796731635326,-0.6237873985095219,0.9265467432930413,-0.09245580894649155,0.6246915790831566,1.4254489944229192,1.0322647099730213,1.2779047521880766,0.8717137378194201,2.070128513425361,1.9736966859307414,0,0
tangga,0.03215820343630223,1.123668195795803,0.05244984619492943,2.421391862691547,0.06999646249455756,1.3125319380595872,0.07255982649430312,1.1132300705852096,-0.5133547185095548,1.4065060474076065,-0.1962002913057474,0.6143047361819125,2.420853872476581,1.7139283650493484,1.7374967337991882,0.9251586282351256,3.4913073946916997,2.6701229703421383,0,0
tangga,0.03460189825614795,1.3729726294941182,0.0007100114419782863,2.4064357846650375,0.1282775235699072,1.3910531165630475,0.24657969747587394,1.0076567851615799,0.39622381645686133,1.468578613852178,0.0272745842638809,0.7856882979959975,2.6625759931133057,1.5709636885334555,1.7738160555390865,0.9121086640661655,3.926146679349971,2.6817370651783983,0,0
tangga,-0.04593416924236084,0.9665397758208153,0.10422985188347747,1.1818637233783074,-0.04927707703449892,0.9529330389995624,-0.25653884095912494,1.1047763785357008,1.38937676102648,1.1796637878367615,0.16896084452013116,0.9332179538276638,1.448091198715224,1.0660630263521496,2.1015801485082495,1.032938107773458,2.2022291680142256,3.164478634237227,0,0
tangga,-0.01109755103585017,0.6889145657355069,0.01931526812521182,0.9306434075033388,-0.08511086709803138,1.0299604142736878,-0.32510663437736576,1.2264094910462604,1.0438369036459318,1.2436019556885507,0.0005749978934074096,0.9792274529257405,1.2219150837291033,0.9493045407619726,2.1045402379502,0.8620025231394112,1.8338779230428315,3.1277192925707915,0,0
tangga,0.03777177507802595,1.1341053762009592,0.0464679039450106,2.8841416717060437,0.0788469852153261,1.281517509485991,-0.08520052763650086,1.489330108605712,0.45857292593562354,0.8863266887743964,0.057079385088923136,0.9179988570440337,2.421217826680603,2.309793557767769,1.8434156728575166,0.7980797876695838,3.5030978907133528,2.6909034269565564,0,0
tangga,0.13968547890997582,1.7575227502077706,-0.16505864028457484,4.356323702539738,0.027389658012842207,1.364476745703916,-0.35587678366033937,1.7253200155323585,0.30057869788924224,1.2799193183767898,0.12080916113938792,0.7732707048798687,3.7104918150278063,3.173233046546692,2.1300443052824054,0.929452672814909,5.408781318437705,3.1037180805736995,0,0
tangga,0.13602664779420529,2.030363052954371,-0.2180367716360842,4.8740183413400535,0.016712226444098022,1.510051971623363,-0.16178936445160186,1.6764722400344112,-0.13219756701303276,1.696128439246301,-0.2403992865907339,1.00928161281322,4.417662409641007,3.242346144013455,2.3953399709248866,1.006438796989978,6.473046138456953,3.526218777650368,0,0
tangga,-0.08337705189359151,1.9786244124369614,0.18127014818762305,4.581225138395958,-0.15080614597168515,1.9460053154777321,0.13760615032752851,1.5806938809850755,0.22896246970578032,2.0585774967777457,-0.16616739900737185,1.2571579112780829,4.4256394508203245,2.9947577794873306,2.652700645186601,1.1440504074676097,6.553420053984578,3.9153371073848193,0,0
tangga,-0.10613603291203075,1.892084808848869,0.03297933678144664,3.7164227854104595,-0.19776832923873958,1.9243392667261292,-0.03843716489875013,1.417096888663143,0.43148615878232655,2.124290223728612,0.12737286688657887,1.005055445799394,3.8436359494464343,2.494811525642912,2.5229803026028566,1.143294842724146,5.654188392452769,3.685591265526358,0,0
tangga,0.03282188957034085,1.4363008359567688,-0.18992378562183915,3.220015957975965,0.1009321476850502,1.2912826658625018,-0.023338179486496403,1.273421877267214,0.4789000494685501,1.8895426857493474,0.04892107337475071,0.52210257425364,2.9656155871741223,2.2941173903351073,2.200947411765236,0.8978278881162667,4.183902554844153,3.017979893188045,0,0
tangga,0.015013488839969223,0.7681594908625862,-0.05173300554485742,2.3686961029545093,0.07646046746894788,0.863729156813462,0.04514925918683113,1.0588765250411365,1.0983621046807348,1.271524552248858,0.192383989376187,0.5023730270241644,1.7341301592386202,1.9794118623540025,1.938141795638731,0.6738438359544693,2.4877766755208284,2.5694880847809225,0,0
tangga,-0.04431802074631081,0.6165288927178512,0.030645345961035745,0.8549119414484795,-0.027533579907583042,0.5659732523183959,-0.08471478848105841,0.4300878433732617,0.7309288634452035,0.8914878371313839,0.30272572863323877,0.6396185336624354,0.8713677454473684,0.8173463588858644,1.2563334746146204,0.658780838823785,1.3334326425823217,1.7312908566856422,0,0
tangga,0.0403144897134512,0.5427995282954413,-0.027662712165440854,1.075409184946272,-0.023836548084376283,0.5991659498695305,-0.052243371981829094,0.4884528717639773,0.17135393631280396,0.4400085627111284,0.09690380934649133,0.6104690341903665,0.889177339127591,1.0072249315029438,0.8136041052066063,0.4220533892129328,1.3326685367595437,1.2056363845114069,0,0
tangga,-0.009125858152625139,0.6996909834012106,-0.020054305018198423,2.116186280160224,0.05930109495783305,1.2578707457795888,-0.04746155215807625,0.6361431100677399,0.025690995234656126,0.37946315323386065,-0.12630337109540155,0.6710057355899283,1.7302116409486445,1.8788885347966517,0.9317890185464176,0.37546501887626343,2.477794677207177,1.403889492273403,0,0
tangga,-0.08768081174842308,1.1081985938141587,0.12601574958520367,2.631908613252263,0.10650766990196317,1.5630215975226076,-0.058762239337294256,0.5411461843670063,-0.08593345049512026,0.2860693158495184,0.02298000395949996,0.8985143460495887,2.509029901509277,2.0674933540318663,1.0181696879071256,0.3825472487008352,3.6447347357162476,1.4907767908091447,0,0
tangga,0.0837661991229603,1.474652030769783,0.04099479416739868,2.659747862514224,-0.09992521015631527,1.5863127865586824,-0.08436532318666254,0.6813038873703896,-0.05309533227168577,0.36749143059275896,0.1361421979014822,0.8464076202886188,2.667117440340801,2.1444690571052436,1.072758948960646,0.42656017580339617,3.923158454170298,1.6116797938660292,0,0
tangga,0.19981142807928592,1.8497137828192793,-0.1367618108315173,2.6317520122224582,-0.272695369411678,1.6467935904104087,0.048417678231879833,0.8642690348837547,-0.10080519105899365,0.4685559535424059,-0.10306169692793901,0.7389617220366833,2.85826143668205,2.222980685484588,1.1591038080056266,0.4228933599080007,4.180170496571557,1.7858535437114336,0,0
tangga,0.08965482783675344,1.5772636671042886,-0.03095536565056724,2.0567993623394454,-0.08992655787556775,1.3562746564423527,0.15258045651778693,1.0645340039738966,-0.4363154324576708,0.9206662542833535,-0.26266815351142425,0.7647222045430307,2.340494585894896,1.7440393975076094,1.521561532132566,0.7159788610348332,3.4186855925536874,2.3314717343719567,0,0
tangga,-0.04976242404820792,1.1248952665375866,0.0638060331809446,1.5877031541691562,0.05402704121816735,1.1858878689221326,0.22175871454512353,1.1886659712457812,-0.11710699587462813,1.4642205194464621,-0.07225028560575095,0.739604956489462,1.9507637760429009,1.1654030460010185,1.7975033878992164,0.9534296531791303,2.8416550648698418,2.7404004760713114,0,0
tangga,-0.020759680749084523,1.1601977201605091,0.022097119839229733,1.4385170139279313,0.015919160129680178,1.1038112448302315,0.083826927892558,1.0941592431455727,1.0018873272552191,1.1892298440152524,0.32784502576178826,0.9660003924493529,1.7109521888949102,1.2953945599661476,1.9548244183286545,0.9023604097270468,2.495724422026911,3.0265234170610813,0,0
tangga,-0.024466574914583726,0.7916647508596155,0.06319723808142377,0.9224705632809344,-0.03840415416067351,0.6729895436435857,-0.22657652568901124,1.0182554192168745,1.0734065879207175,0.748859913959861,0.29437268057157917,1.023244118412193,1.0748001371730107,0.8774193062950179,1.8810852277172163,0.6112823278744238,1.587285736128031,2.8672019997545255,0,0
tangga,0.006166717653921001,0.7215235874778788,-0.0227207491106289,1.343851647872619,0.012690271566163328,0.6963599012930526,0.016595688438716928,1.0438807061802824,0.6759182295062516,0.7184120325284926,0.013498332937408906,0.573037554347418,1.1905138470289693,1.1749610903801304,1.469989093668369,0.461976656776465,1.7990845770047956,2.071978153725415,0,0
tangga,0.05369380161691683,0.7817727631855526,-0.043563005119296026,1.449467119463221,0.02776326465752826,0.7564885917049772,-0.07020085245140041,1.0625345621913738,0.23071124230965162,0.7621007062623455,-0.002421995926927458,0.4048561345259823,1.34763319634009,1.2064602678186769,1.2984258045251809,0.47905731136914537,2.022036516237657,1.810385660425762,0,0
tangga,0.02995490720517937,0.5338084086313541,0.03393978244303552,0.736643606931019,-0.005478442083126647,0.5375382028974637,0.002750655484378025,0.9278348074753052,0.3495754326944457,0.7802192404795006,0.010376041002213881,0.36299339959914945,0.7527411438682975,0.7391211706693067,1.2184058963946383,0.47479410468283295,1.1201457359816975,1.6960799257201415,0,0
tangga,-0.0030891142344745322,0.23661751577644616,0.02293920654546917,0.2571335201693114,-0.02750605764008182,0.2144501989437398,0.0044927006338241334,0.6984939913085936,0.4093064705283488,0.6304183055574479,0.08299416180071377,0.23835832642460195,0.36165832925841107,0.19308507013135176,0.9530369600515887,0.4482006502092767,0.5258765071687581,1.2747311471819773,0,0
tangga,-0.000602309285562199,0.22906469160499807,0.011464934878515751,0.4047360735846905,-0.014870817100170122,0.34683415965257103,-0.1919954256610627,0.7546022701275888,-0.12099666105412861,0.21727078848930326,-0.015037657583254491,0.2644299396506838,0.49361453646714737,0.3013567569930535,0.769408890547417,0.3752808464880525,0.734056902592765,1.0376583952967906,0,0
tangga,0.006348114092720394,0.2209186212378767,-0.029715310083731735,0.39769848162494986,0.0469878409491773,0.31017905031582216,0.20837961036570862,0.647883323281809,0.13733066723839746,0.40586825637704543,-0.05536844241548396,0.2381092808191614,0.44118703526044717,0.3312564334344824,0.7537766641799242,0.36505744967795417,0.6645402221231508,1.038107407780989,0,0
tangga,-0.015771979265374814,0.23700780662600743,0.0029463779212261423,0.40311408170756186,-0.04616900707418379,0.4072139711882068,-0.23367313297719927,0.7782301718793869,0.15899399344773646,0.42802092662265295,0.041539152321911674,0.1680667023175185,0.49010005507009985,0.3798496014104223,0.8407084715772468,0.4308045271363348,0.7311403346565993,1.1128232764076207,0,0
tangga,0.01933509532916658,0.24455094280000705,-0.0007506129846081754,0.3795919802918448,0.005295550363060089,0.41536193322184106,-0.06564881730888343,0.9261018020726308,0.09911101699788225,0.41223751445440465,-0.04691627188930074,0.19984799030920833,0.4831774680037735,0.37551116620801206,0.9472639932615925,0.42150874338833816,0.7292174853551423,1.301116728616234,0,0
tangga,-0.003083852875676959,0.3162806218512805,0.0400770835390482,0.31592781126632347,0.016897103230599207,0.40767250129703386,0.18197506411726128,0.7199571187471384,0.09826444696527656,0.43267335686559283,0.01621403170561777,0.26327892608763304,0.5043732694687537,0.3331652229120312,0.8203798470858966,0.3721657927499206,0.735033627702346,1.1717650563351243,0,0
tangga,0.00194950860920799,0.3801201065771903,0.012428491966002883,0.49752402051488753,-0.009538436097233715,0.5136177568458261,-0.10909600977457065,0.853320206833316,-0.10227091466049965,0.4009464723197801,-0.07443704899798742,0.3250490611400733,0.6538069747561401,0.4735979729846881,0.9199806638035903,0.409683752900827,0.9676205390680311,1.3027335757179705,0,0
tangga,0.0037163181292111215,0.31332140860554347,-0.03358981040216343,0.50231370777883,0.04071509005725135,0.4358181517475064,0.11259929437734723,0.752437239659991,0.10285956760550967,0.4050752807916905,-0.06861005701292701,0.33600639085888295,0.54827794283131,0.4894994986398326,0.8405162770553157,0.3972316022018203,0.8303202653415014,1.2377078442000375,0,0
tangga,-0.010676090182943602,0.3261159803197937,0.01372894376810493,0.4374586741167859,-0.014560511441015257,0.41567755165474485,-0.1783868605731929,0.7431995709913642,0.017976520407508953,0.3948750488691289,0.02708932116134318,0.28245086424401517,0.5562344438544816,0.39812968089345957,0.7928216628255873,0.43167814758030154,0.8364019293253776,1.1511968453614527,0,0
tangga,0.013018132663225665,0.35449556549517086,-0.014356580709868332,0.48488242624078953,-0.009491626014138017,0.47303282541409036,0.016784249529043754,0.8956754987952988,0.09394308175798889,0.5736298403491622,-0.03246459654036948,0.32493181653399156,0.6251632644286618,0.436155510263196,0.9955009716104832,0.49608221936670116,0.9416359579585231,1.4176644317553149,0,0
tangga,-0.01620388910527602,0.3981989166838174,-0.012769038948491343,0.7764813579600414,-0.036364291088476136,0.7088911994216204,-0.14300885218633708,0.8476966577743982,0.2621743232278674,0.5572392920494045,0.14195150353335875,0.30376922500117953,0.8972818106873176,0.6727041864837744,1.0260136805373399,0.41046936497855097,1.3466774092630858,1.4708451832499017,0,0
tangga,0.021035391790984487,0.555672916403284,0.012500825261839566,0.7185132423027476,0.006168070964156039,0.6534503615168987,-0.04470375512325451,0.9597808543381083,0.7524937018365039,1.0087329872655537,0.245937922680695,0.2420210691360843,0.8955042705584776,0.665316541023992,1.4993102431460599,0.6014479349192118,1.3443154598867284,2.0406781974095525,0,0
tangga,0.035469006848968816,0.6874296435202873,-0.0018304689477126113,0.7845229364319831,0.05371034344201088,0.41925214200847294,0.43126985025177267,0.6914042841872942,1.3281512702312828,0.671670078382182,0.23095658358524365,0.34925670284724153,0.7859350439792557,0.8025353378083299,1.672503164430118,0.4991941015046457,1.1506212479306428,2.2777641883959023,0,0
tangga,-0.01743324649070281,0.5529776913442999,0.022284568363726925,0.8443349676746561,-0.03054895093864378,0.4473134414325515,-0.0894047019983343,0.5477229921651176,0.5366646970546655,0.7736799814344607,0.162709183392814,0.3920823170512347,0.7749200507610223,0.7835558041627276,1.0963343486287835,0.40491189715441467,1.1235734431695557,1.5972039117138968,0,0
tangga,-0.009239966835994581,0.36576484597402203,0.004898166756284702,0.5199908927253282,-0.0022823372690307727,0.33229639008694967,-0.06639665669600804,0.6396543047835432,-0.02606856531439485,0.4607444471899254,-0.06351437817327453,0.4914576409899009,0.5832608360122881,0.41362009086992924,0.8928927145922907,0.25860682264472146,0.8579389367240001,1.3778668689567175,0,0
tangga,-0.01164770490229029,0.47436334745882025,0.02957649383858934,0.5638038527124,0.0008886757476085811,0.3057550510511929,-0.13618484912145862,0.7222751987063577,-0.12631525967681317,0.4361302278419277,-0.056332156307214394,0.4979921730141846,0.6568428877857977,0.44900153461547815,0.8896562349586583,0.44548840936654865,0.9821468274021575,1.3846064351150826,0,0
tangga,0.008521861411676636,0.5501429330333288,-0.0018780143995493345,0.5604481306456378,0.0004891584394539072,0.5135333061647674,0.0050904682178532145,0.84245861345676,0.052234056373863316,0.5698065256951197,0.006198316618016952,0.40116647948281564,0.769485209513086,0.5314739871465287,0.9426378989195127,0.5482972274845629,1.1482729584834537,1.4725395421989667,0,0
tangga,0.00935421554608659,0.5258787225684396,-0.04238546705132777,0.7177699284066347,0.022725120219138115,0.5263757002221153,0.12760794808017945,0.7094981928692571,4.938339225744742e-05,0.5873427704384363,-0.025623996474318216,0.49372472654864846,0.8320598210315603,0.6098536489873478,0.9472379255630864,0.45045743359481727,1.2143144367964185,1.4877093075343766,0,0
tangga,-0.014128419570548863,0.5479543132721365,-0.0006058642582774359,0.7541915836548292,-0.010579468123487597,0.4703668742883839,-0.022797101056401144,0.49942824925454943,0.004446244814119811,0.5964617743920271,-0.022935610505103416,0.4494356456895434,0.8244815947190578,0.6355963051080438,0.7763453350450942,0.4466137324269462,1.1942576316459546,1.199033021289371,0,0
tangga,-0.03438899284443267,0.5231966010937418,-0.01575659739266216,0.5951513107919129,-0.013340057090588301,0.47871424021836617,0.03500420647716347,0.531425324821141,0.12655695963524477,0.5232573665566905,0.007659205287499694,0.3944692442106578,0.7447436065505525,0.546339341987699,0.7534952890921345,0.3947181990166302,1.0880565202315335,1.1571528246033294,0,0
tangga,-0.03109801850359336,0.36355760343719445,-0.043221342702097265,0.5592942900617659,0.0030737814555648144,0.392036022264154,0.011175876563707882,0.45505830658014146,-0.18484980997716924,0.4983636115888417,-0.06001092385990298,0.41851989272064827,0.6446570875846285,0.4263440668181167,0.7683687043966316,0.2693096625039715,0.9472296488533325,1.1655171098351067,0,0
tangga,0.004538224601499969,0.3962009299519622,-0.025642823876523523,0.5574078038793868,0.0205235062673028,0.4994690211979372,0.02072264222700071,0.43075320762920255,-0.50486958398247,0.6708918925029699,-0.14491463186158224,0.36561735686825236,0.6599014363914383,0.5276265886837725,0.9382879455409092,0.39894534241789814,0.9899835487873674,1.3772786573579254,0,0
tangga,-0.0008676594547337862,0.428144542537867,0.0174210391623611,0.586270199514076,-0.0023012250053646463,0.4530879531668903,-0.050652153903758386,0.4075912972305968,-0.5679697887181218,0.6250257665509968,-0.09478594525849067,0.401367983221397,0.6744533742311398,0.5226276699823761,0.9446687372873565,0.39241027394187805,1.0024134912328655,1.3826417107727489,0,0
tangga,0.013713714660121813,0.4395454877597097,0.01469062355852891,0.5366795725561119,0.02649727558522522,0.43652337727291673,0.09432152455299209,0.4928497147383328,-0.027166324164090736,0.8625426232643859,-0.09788874528201917,0.3143949866491023,0.6888219817869949,0.44003023672774916,0.9539689301152451,0.431145553742549,1.0288802379937443,1.423412428330403,0,0
tangga,0.01110878071708627,0.4770642384340784,0.020106478403036074,0.5302218833744788,-0.0380747444981817,0.4869784000224338,-0.16782897739195488,0.6983377564371632,0.6221555414789188,0.8554774706050653,0.19178349273285836,0.6969797563628833,0.7347044628356456,0.450141924059639,1.3624724094008382,0.5355437618560098,1.1070054014568138,2.0011371741971384,0,0
tangga,-0.006280599065980752,0.4833058338205253,0.004938741976637799,0.46986777402454644,-0.042246925474697494,0.37759190137841786,-0.2051060073968191,0.6620674326788922,0.7489754923050742,0.4268819322521552,0.5090253814688093,0.7117436820517353,0.607472179432769,0.47545058915645405,1.3229168117157009,0.47979356214903124,0.926172906390772,1.929248888707146,0,0
tangga,-0.01167070260858854,0.5149195194474152,0.018275309879830382,0.47132859977383,0.03307276081226099,0.4619171085847201,0.26704097696232476,0.7410999647304326,0.8409587778576725,0.48342502844343277,0.3119790106077723,0.6293465890213502,0.6802889751520281,0.4845329772310638,1.349393259699515,0.4737634278178655,1.0303303557879824,2.0237452195922128,0,0
tangga,0.01732505452194505,0.511015902459433,-0.0025900148006487104,0.9066171102199653,0.019390034399133588,0.5695125722906829,0.25704383855433005,1.0152103431114083,0.9067605642345555,0.7151182045907711,0.08716512298416156,0.5375832714306576,0.9067876827401292,0.7599714113387902,1.5723146085880009,0.4887029095707872,1.3452087878845906,2.332370756925414,0,0
tangga,-0.020208621786667783,0.47231274326914235,-0.030231440297908405,0.9759357160298403,-0.07982459811467245,0.687871742164595,-0.2437344674730501,1.0463373757199592,0.435396796361119,0.7851745528950957,0.21163251424979956,0.3746884570801085,0.9480843050867933,0.8651740377294463,1.372781465173278,0.4948538493249443,1.4300203454394855,1.959601490839356,0,0
tangga,-0.02046710185246861,0.527381996549742,-0.042227492808126425,0.7778199519700468,0.02119740570925658,0.6660846016476811,0.05945115891050248,0.9754972609535131,0.26314152709450306,0.7289223171730976,0.0412130231536618,0.45877539733499356,0.921623477848031,0.6866680343981924,1.2262850721934497,0.4996613794907749,1.3990472735880104,1.794248114473359,0,0
tangga,0.02247801008668184,0.57293859584521,0.0356211734557006,0.8165655731131858,0.07271931997237085,0.7065282965303288,0.013853261708678018,0.9370935460474878,0.1265150691815732,0.6799923184471788,-0.0037146158149980475,0.39117688337059114,0.972681122977655,0.7387073496897354,1.122272581245318,0.4875559707910055,1.4726549695928557,1.6812686045610976,0,0
tangga,0.014949200921739382,0.48193295106176254,0.04368918715721999,0.6980664359638877,-0.017677614626519785,0.6441382777580472,0.031213357482548516,0.9113672035320184,0.17672856850597846,0.7019831178289693,0.04715854808190896,0.29721014182956773,0.7875344028958899,0.7144679611370126,1.1001672339890265,0.4731695713987154,1.2047769568500322,1.5960978060416284,0,0
tangga,0.013946147091750478,0.39572834496964904,-0.007787335873018879,0.4703827589159944,0.002300109796715256,0.5287277934168668,-0.04483412867513734,0.9810130403150283,0.02196697213969014,0.7917461846165504,-0.1101207825329842,0.27785424021778904,0.6530997736682358,0.47626590141623,1.1890053480869063,0.5031944269557793,0.9922080899992186,1.7174367729249915,0,0
tangga,0.012242436706700959,0.45298316603611943,0.007089258989479287,0.48257691680096604,-0.015030326002926536,0.6178098283214137,-0.14063723493584546,1.0187256662773438,-0.007463771584596598,0.7005926828910615,-0.0748632097104357,0.3900809234564599,0.7602759375683479,0.4861434770573033,1.2221812148074442,0.4446078549097786,1.14266555537892,1.8140671047795722,0,0
tangga,0.030396944392871897,0.4112108425449471,-0.024801335339753993,0.5961611610234476,0.025501352586479516,0.5875094496592218,0.15101504251972123,1.0840834552922176,0.08832630750777896,0.5407751439420957,-0.07894782740984796,0.385216276655332,0.7492335051699065,0.5521415571603886,1.198804635069873,0.4490313901600539,1.144583117597754,1.7066720218768132,0,0
tangga,-0.035580120162492034,0.4846848747606015,0.030700184407894827,0.589588047261882,0.0028377948081011596,0.6123657813236243,-0.010671999629237167,0.9945068530468513,0.03295254110912007,0.6485730917430508,-0.026816081508144185,0.2525161137641276,0.7773754236977963,0.5910562706988037,1.1025829777921232,0.4974179912255996,1.183862426176222,1.5222104541703008,0,0
tangga,-0.025891309786256474,0.5374815539148642,0.009650066783742604,0.8368860967706259,-0.0028588284664603377,0.6892725311707406,0.07974041587389706,1.071367782894542,0.1445045895660487,0.8192242083057214,0.044729570095011446,0.27081867494368045,0.8845182155366302,0.8215020433578876,1.2470662201909009,0.5924130348161195,1.3342901028675294,1.7578903476887962,0,0
tangga,0.015370551181554252,0.4966877756686845,0.01510979780759696,0.856839436876332,-0.026289581638668492,0.6990085410272764,-0.09639518797414404,1.1102302445428456,0.0625035855427589,0.7376615983482454,0.12398350531150061,0.2888638324872407,0.9224185796385526,0.7817943090930243,1.2405526351304699,0.5783955179144346,1.3910263540146446,1.7455177108645494,0,0
tangga,0.012070682525585233,0.4900770551866903,-0.0057613457167647085,0.5940251376873423,0.007912992512733096,0.54005149868582,0.10023647524033441,1.031697656436172,0.6379373540096662,1.0652045357985969,0.1636970718052288,0.2488907717257743,0.7972178373227347,0.4929147130412551,1.4572631399322795,0.7511537192324028,1.1993817724948534,2.0024371874170424,0,0
tangga,0.024589317772185915,0.49916426014606524,-0.044724383139769584,0.7039916732552279,0.05865208813833217,0.5492397509674881,0.22607318818947142,0.8861024265872092,1.2569903820083703,0.8373375057512749,0.251853274000901,0.40565565490804717,0.813288590161381,0.6200161653383799,1.726022299134087,0.5943933665901707,1.2026321759605147,2.344073050220658,0,0
tangga,-0.01319623780482574,0.5368420618289681,0.044188878642570054,0.7580481343601605,-0.02222592660276263,0.5435147137521473,-0.052001092215295676,0.5885154696928144,0.6954870378512545,0.857179549905687,0.2630073919977689,0.487732218267736,0.8743740554043433,0.6234094686800731,1.2705346323427147,0.499617051025595,1.2890660809075376,1.8057644288753463,0,0
tangga,0.0055736504658018245,0.5141865637643436,0.0061022279674026805,0.7471465901908091,-0.008819713094955743,0.41094737894978367,0.03787813834283848,0.7556553451588479,0.13406420851231407,0.5428333046567084,-0.0545279805051451,0.5061348763017607,0.8136206613811571,0.5683097136788579,0.9738789945056427,0.4317897043612509,1.2166981906914718,1.4551475431465837,0,0
tangga,0.005237003139462526,0.5298608562673397,-0.0220823219407449,0.6919234663514081,0.02224619335574916,0.3817592862145601,-0.022620351820957806,0.6673207664032521,-0.09868256920655341,0.39046027511726866,-0.10696480298021274,0.5196128034459612,0.7786164938936817,0.5421287623093477,0.8625984606223622,0.3716075572519024,1.16848331640574,1.30409046511588,0,0
tangga,0.019704921982052367,0.6184173905519049,-0.03022018463993549,0.6314354213772171,-0.03382975535570126,0.44126326235424074,-0.05220362265968118,0.6059621717306016,-0.04340882811350626,0.49178862164104276,-0.04483797515955757,0.4236267166777904,0.8074675918717749,0.5654599188918705,0.7991948673029331,0.38733522626021893,1.2259933007802217,1.2236072265987856,0,0
tangga,0.021763874080559232,0.7571159722412453,-0.02045185008599952,0.7163733940918847,3.208975180138629e-05,0.6027482942788314,0.1526435257965547,0.6484600870462296,0.13211347041696142,0.5113943215073107,-0.04180376558610546,0.4232410927469262,0.9617521546334682,0.7185482491561579,0.8730549472483671,0.36628452744557605,1.4488324640545422,1.3633048684638902,0,0
tangga,-0.012010890179739062,0.6650819585112161,0.05277999054936229,0.8327138566215357,0.024068748139322197,0.5369441807635202,-0.12379431325806371,0.5638401746682423,-0.1442780373525011,0.4611048517464446,0.06583601217193402,0.5115904193265479,0.9420907974099112,0.7287661500487185,0.8507188751027149,0.31954601995522103,1.393113791623919,1.3152403332867977,0,0
tangga,0.011768786755535044,0.5098089028406391,0.03704057896060764,0.8649609444911208,-0.004723858929293983,0.49815618964782354,-0.016671171890266373,0.6095742357582269,0.022009935793008886,0.45362363829197583,-0.04849289410748813,0.4878378262972791,0.8635776845631945,0.7102612459846039,0.8232850902970013,0.3658435333905924,1.3064159431840574,1.2737859331136792,0,0
tangga,-0.002901541805779737,0.6701108027489018,-0.06369120333053392,0.9576120392872851,-0.020704599786308363,0.6199015380396822,0.10044448269521986,0.6232352446496122,-0.12209006345009348,0.6481569173830756,-0.10267236711256364,0.4105594004178696,1.0796888890285743,0.7598573245088589,0.9262070834151604,0.3827001707481362,1.6290718365448402,1.4212059741064023,0,0
tangga,-0.01934792943790437,0.6418474606458596,0.022474630176508727,0.9080032007775124,-0.027120494903589906,0.5637039532122206,-0.08563740555320297,0.6575009911533687,-0.5488852939587356,0.6436347791723892,-0.06499931505283707,0.4685218237378564,1.0613821933890821,0.6464674272732677,1.0945083256745027,0.4147658326453854,1.573142900891552,1.6801298789018784,0,0
tangga,-0.02449227762213535,0.6250930835717549,0.04187966197262341,1.0290271614703324,0.005189577530207232,0.8012559335655941,0.026161710290081276,0.7555656125077235,-0.18821016064490628,0.8775083715451313,-0.13188890625316047,0.40998040424940985,1.053450779663806,0.9864511456902436,1.1211481312754992,0.5416244525292369,1.6081540239634733,1.732823595140174,0,0
tangga,-0.024399914125277544,0.6238651649769857,-0.032713609336650705,0.976067308871425,-0.008606462175860611,0.7514063145562538,-0.08538166444947891,0.6041344457020049,-0.30691785139452554,0.873571058242989,-0.09193333996716521,0.3165632461081889,0.9361300739667057,1.011480268922313,1.0062237121748396,0.5627207680283366,1.4423229560894666,1.5080630566439184,0,0
